{
  "type": "FeatureCollection",
  "features": [
    {
      "type": "Feature",
      "geometry": {
        "type": "Polygon",
        "coordinates": [
          [
            [
              83.2205,
              17.6868
            ],
            [
              83.222,
              17.6868
            ],
            [
              83.222,
              17.688100000000002
            ],
            [
              83.2205,
              17.688100000000002
            ],
            [
              83.2205,
              17.6868
            ]
          ]
        ]
      },
      "properties": {
        "ulpin": "AP-VSKP-000001",
        "surveyNumber": "101/2B",
        "stateCode": "AP",
        "district": "Visakhapatnam",
        "mandal": "Demo Mandal",
        "village": "Rushikonda",
        "areaAcres": 1.95,
        "areaSqMeters": 7891.38,
        "landUse": "Residential",
        "status": "VERIFIED",
        "ownershipVerified": true,
        "registrationStatus": "ACTIVE",
        "mortgageStatus": "NONE",
        "taxStatus": "PAID",
        "buildingPermitStatus": "SUBMITTED",
        "disputeStatus": "NONE"
      }
    },
    {
      "type": "Feature",
      "geometry": {
        "type": "Polygon",
        "coordinates": [
          [
            [
              83.22250000000001,
              17.6868
            ],
            [
              83.224,
              17.6868
            ],
            [
              83.224,
              17.688100000000002
            ],
            [
              83.22250000000001,
              17.688100000000002
            ],
            [
              83.22250000000001,
              17.6868
            ]
          ]
        ]
      },
      "properties": {
        "ulpin": "AP-VSKP-000002",
        "surveyNumber": "102/3C",
        "stateCode": "AP",
        "district": "Visakhapatnam",
        "mandal": "Demo Mandal",
        "village": "Madhurawada",
        "areaAcres": 2.4,
        "areaSqMeters": 9712.46,
        "landUse": "Residential",
        "status": "VERIFIED",
        "ownershipVerified": true,
        "registrationStatus": "ACTIVE",
        "mortgageStatus": "NONE",
        "taxStatus": "PAID",
        "buildingPermitStatus": "APPROVED",
        "disputeStatus": "NONE"
      }
    },
    {
      "type": "Feature",
      "geometry": {
        "type": "Polygon",
        "coordinates": [
          [
            [
              83.2245,
              17.6868
            ],
            [
              83.226,
              17.6868
            ],
            [
              83.226,
              17.688100000000002
            ],
            [
              83.2245,
              17.688100000000002
            ],
            [
              83.2245,
              17.6868
            ]
          ]
        ]
      },
      "properties": {
        "ulpin": "AP-VSKP-000003",
        "surveyNumber": "103/4",
        "stateCode": "AP",
        "district": "Visakhapatnam",
        "mandal": "Demo Mandal",
        "village": "Pendurthi",
        "areaAcres": 2.85,
        "areaSqMeters": 11533.55,
        "landUse": "Commercial",
        "status": "VERIFIED",
        "ownershipVerified": true,
        "registrationStatus": "ACTIVE",
        "mortgageStatus": "NONE",
        "taxStatus": "PAID",
        "buildingPermitStatus": "NONE",
        "disputeStatus": "NONE"
      }
    },
    {
      "type": "Feature",
      "geometry": {
        "type": "Polygon",
        "coordinates": [
          [
            [
              83.2265,
              17.6868
            ],
            [
              83.228,
              17.6868
            ],
            [
              83.228,
              17.688100000000002
            ],
            [
              83.2265,
              17.688100000000002
            ],
            [
              83.2265,
              17.6868
            ]
          ]
        ]
      },
      "properties": {
        "ulpin": "AP-VSKP-000004",
        "surveyNumber": "104/5A",
        "stateCode": "AP",
        "district": "Visakhapatnam",
        "mandal": "Demo Mandal",
        "village": "Gajuwaka",
        "areaAcres": 3.3,
        "areaSqMeters": 13354.64,
        "landUse": "Agricultural",
        "status": "VERIFIED",
        "ownershipVerified": true,
        "registrationStatus": "ACTIVE",
        "mortgageStatus": "NONE",
        "taxStatus": "PAID",
        "buildingPermitStatus": "NONE",
        "disputeStatus": "NONE"
      }
    },
    {
      "type": "Feature",
      "geometry": {
        "type": "Polygon",
        "coordinates": [
          [
            [
              83.22850000000001,
              17.6868
            ],
            [
              83.23,
              17.6868
            ],
            [
              83.23,
              17.688100000000002
            ],
            [
              83.22850000000001,
              17.688100000000002
            ],
            [
              83.22850000000001,
              17.6868
            ]
          ]
        ]
      },
      "properties": {
        "ulpin": "AP-VSKP-000005",
        "surveyNumber": "105/1B",
        "stateCode": "AP",
        "district": "Visakhapatnam",
        "mandal": "Demo Mandal",
        "village": "Bhoomi Village",
        "areaAcres": 3.75,
        "areaSqMeters": 15175.73,
        "landUse": "Industrial",
        "status": "VERIFIED",
        "ownershipVerified": true,
        "registrationStatus": "ACTIVE",
        "mortgageStatus": "NONE",
        "taxStatus": "PENDING",
        "buildingPermitStatus": "NONE",
        "disputeStatus": "NONE"
      }
    },
    {
      "type": "Feature",
      "geometry": {
        "type": "Polygon",
        "coordinates": [
          [
            [
              83.2305,
              17.6868
            ],
            [
              83.232,
              17.6868
            ],
            [
              83.232,
              17.688100000000002
            ],
            [
              83.2305,
              17.688100000000002
            ],
            [
              83.2305,
              17.6868
            ]
          ]
        ]
      },
      "properties": {
        "ulpin": "AP-VSKP-000006",
        "surveyNumber": "106/2C",
        "stateCode": "AP",
        "district": "Visakhapatnam",
        "mandal": "Demo Mandal",
        "village": "Rushikonda",
        "areaAcres": 4.2,
        "areaSqMeters": 16996.81,
        "landUse": "Special Zone",
        "status": "VERIFIED",
        "ownershipVerified": true,
        "registrationStatus": "ACTIVE",
        "mortgageStatus": "NONE",
        "taxStatus": "PAID",
        "buildingPermitStatus": "NONE",
        "disputeStatus": "NONE"
      }
    },
    {
      "type": "Feature",
      "geometry": {
        "type": "Polygon",
        "coordinates": [
          [
            [
              83.2325,
              17.6868
            ],
            [
              83.234,
              17.6868
            ],
            [
              83.234,
              17.688100000000002
            ],
            [
              83.2325,
              17.688100000000002
            ],
            [
              83.2325,
              17.6868
            ]
          ]
        ]
      },
      "properties": {
        "ulpin": "AP-VSKP-000007",
        "surveyNumber": "107/3",
        "stateCode": "AP",
        "district": "Visakhapatnam",
        "mandal": "Demo Mandal",
        "village": "Madhurawada",
        "areaAcres": 1.5,
        "areaSqMeters": 6070.29,
        "landUse": "Residential",
        "status": "VERIFIED",
        "ownershipVerified": true,
        "registrationStatus": "ACTIVE",
        "mortgageStatus": "ACTIVE_MORTGAGE",
        "taxStatus": "PAID",
        "buildingPermitStatus": "SUBMITTED",
        "disputeStatus": "NONE"
      }
    },
    {
      "type": "Feature",
      "geometry": {
        "type": "Polygon",
        "coordinates": [
          [
            [
              83.23450000000001,
              17.6868
            ],
            [
              83.236,
              17.6868
            ],
            [
              83.236,
              17.688100000000002
            ],
            [
              83.23450000000001,
              17.688100000000002
            ],
            [
              83.23450000000001,
              17.6868
            ]
          ]
        ]
      },
      "properties": {
        "ulpin": "AP-VSKP-000008",
        "surveyNumber": "108/4A",
        "stateCode": "AP",
        "district": "Visakhapatnam",
        "mandal": "Demo Mandal",
        "village": "Pendurthi",
        "areaAcres": 1.95,
        "areaSqMeters": 7891.38,
        "landUse": "Residential",
        "status": "VERIFIED",
        "ownershipVerified": true,
        "registrationStatus": "ACTIVE",
        "mortgageStatus": "NONE",
        "taxStatus": "PAID",
        "buildingPermitStatus": "APPROVED",
        "disputeStatus": "NONE"
      }
    },
    {
      "type": "Feature",
      "geometry": {
        "type": "Polygon",
        "coordinates": [
          [
            [
              83.2365,
              17.6868
            ],
            [
              83.238,
              17.6868
            ],
            [
              83.238,
              17.688100000000002
            ],
            [
              83.2365,
              17.688100000000002
            ],
            [
              83.2365,
              17.6868
            ]
          ]
        ]
      },
      "properties": {
        "ulpin": "AP-VSKP-000009",
        "surveyNumber": "109/5B",
        "stateCode": "AP",
        "district": "Visakhapatnam",
        "mandal": "Demo Mandal",
        "village": "Gajuwaka",
        "areaAcres": 2.4,
        "areaSqMeters": 9712.46,
        "landUse": "Residential",
        "status": "PENDING_VERIFICATION",
        "ownershipVerified": false,
        "registrationStatus": "ACTIVE",
        "mortgageStatus": "NONE",
        "taxStatus": "PAID",
        "buildingPermitStatus": "SUBMITTED",
        "disputeStatus": "NONE"
      }
    },
    {
      "type": "Feature",
      "geometry": {
        "type": "Polygon",
        "coordinates": [
          [
            [
              83.2385,
              17.6868
            ],
            [
              83.24,
              17.6868
            ],
            [
              83.24,
              17.688100000000002
            ],
            [
              83.2385,
              17.688100000000002
            ],
            [
              83.2385,
              17.6868
            ]
          ]
        ]
      },
      "properties": {
        "ulpin": "AP-VSKP-000010",
        "surveyNumber": "110/1C",
        "stateCode": "AP",
        "district": "Visakhapatnam",
        "mandal": "Demo Mandal",
        "village": "Bhoomi Village",
        "areaAcres": 2.85,
        "areaSqMeters": 11533.55,
        "landUse": "Commercial",
        "status": "VERIFIED",
        "ownershipVerified": true,
        "registrationStatus": "ACTIVE",
        "mortgageStatus": "NONE",
        "taxStatus": "PENDING",
        "buildingPermitStatus": "NONE",
        "disputeStatus": "NONE"
      }
    },
    {
      "type": "Feature",
      "geometry": {
        "type": "Polygon",
        "coordinates": [
          [
            [
              83.24050000000001,
              17.6868
            ],
            [
              83.242,
              17.6868
            ],
            [
              83.242,
              17.688100000000002
            ],
            [
              83.24050000000001,
              17.688100000000002
            ],
            [
              83.24050000000001,
              17.6868
            ]
          ]
        ]
      },
      "properties": {
        "ulpin": "AP-VSKP-000011",
        "surveyNumber": "111/2",
        "stateCode": "AP",
        "district": "Visakhapatnam",
        "mandal": "Demo Mandal",
        "village": "Rushikonda",
        "areaAcres": 3.3,
        "areaSqMeters": 13354.64,
        "landUse": "Agricultural",
        "status": "VERIFIED",
        "ownershipVerified": true,
        "registrationStatus": "ACTIVE",
        "mortgageStatus": "NONE",
        "taxStatus": "PAID",
        "buildingPermitStatus": "NONE",
        "disputeStatus": "NONE"
      }
    },
    {
      "type": "Feature",
      "geometry": {
        "type": "Polygon",
        "coordinates": [
          [
            [
              83.2425,
              17.6868
            ],
            [
              83.244,
              17.6868
            ],
            [
              83.244,
              17.688100000000002
            ],
            [
              83.2425,
              17.688100000000002
            ],
            [
              83.2425,
              17.6868
            ]
          ]
        ]
      },
      "properties": {
        "ulpin": "AP-VSKP-000012",
        "surveyNumber": "112/3A",
        "stateCode": "AP",
        "district": "Visakhapatnam",
        "mandal": "Demo Mandal",
        "village": "Madhurawada",
        "areaAcres": 3.75,
        "areaSqMeters": 15175.73,
        "landUse": "Industrial",
        "status": "VERIFIED",
        "ownershipVerified": true,
        "registrationStatus": "ACTIVE",
        "mortgageStatus": "NONE",
        "taxStatus": "PAID",
        "buildingPermitStatus": "NONE",
        "disputeStatus": "NONE"
      }
    },
    {
      "type": "Feature",
      "geometry": {
        "type": "Polygon",
        "coordinates": [
          [
            [
              83.2445,
              17.6868
            ],
            [
              83.246,
              17.6868
            ],
            [
              83.246,
              17.688100000000002
            ],
            [
              83.2445,
              17.688100000000002
            ],
            [
              83.2445,
              17.6868
            ]
          ]
        ]
      },
      "properties": {
        "ulpin": "AP-VSKP-000013",
        "surveyNumber": "113/4B",
        "stateCode": "AP",
        "district": "Visakhapatnam",
        "mandal": "Demo Mandal",
        "village": "Pendurthi",
        "areaAcres": 4.2,
        "areaSqMeters": 16996.81,
        "landUse": "Special Zone",
        "status": "VERIFIED",
        "ownershipVerified": true,
        "registrationStatus": "ACTIVE",
        "mortgageStatus": "NONE",
        "taxStatus": "PAID",
        "buildingPermitStatus": "NONE",
        "disputeStatus": "NONE"
      }
    },
    {
      "type": "Feature",
      "geometry": {
        "type": "Polygon",
        "coordinates": [
          [
            [
              83.24650000000001,
              17.6868
            ],
            [
              83.248,
              17.6868
            ],
            [
              83.248,
              17.688100000000002
            ],
            [
              83.24650000000001,
              17.688100000000002
            ],
            [
              83.24650000000001,
              17.6868
            ]
          ]
        ]
      },
      "properties": {
        "ulpin": "AP-VSKP-000014",
        "surveyNumber": "114/5C",
        "stateCode": "AP",
        "district": "Visakhapatnam",
        "mandal": "Demo Mandal",
        "village": "Gajuwaka",
        "areaAcres": 1.5,
        "areaSqMeters": 6070.29,
        "landUse": "Residential",
        "status": "VERIFIED",
        "ownershipVerified": true,
        "registrationStatus": "ACTIVE",
        "mortgageStatus": "ACTIVE_MORTGAGE",
        "taxStatus": "PAID",
        "buildingPermitStatus": "APPROVED",
        "disputeStatus": "NONE"
      }
    },
    {
      "type": "Feature",
      "geometry": {
        "type": "Polygon",
        "coordinates": [
          [
            [
              83.2485,
              17.6868
            ],
            [
              83.25,
              17.6868
            ],
            [
              83.25,
              17.688100000000002
            ],
            [
              83.2485,
              17.688100000000002
            ],
            [
              83.2485,
              17.6868
            ]
          ]
        ]
      },
      "properties": {
        "ulpin": "AP-VSKP-000015",
        "surveyNumber": "115/1",
        "stateCode": "AP",
        "district": "Visakhapatnam",
        "mandal": "Demo Mandal",
        "village": "Bhoomi Village",
        "areaAcres": 1.95,
        "areaSqMeters": 7891.38,
        "landUse": "Residential",
        "status": "VERIFIED",
        "ownershipVerified": true,
        "registrationStatus": "ACTIVE",
        "mortgageStatus": "NONE",
        "taxStatus": "PENDING",
        "buildingPermitStatus": "SUBMITTED",
        "disputeStatus": "NONE"
      }
    },
    {
      "type": "Feature",
      "geometry": {
        "type": "Polygon",
        "coordinates": [
          [
            [
              83.2505,
              17.6868
            ],
            [
              83.252,
              17.6868
            ],
            [
              83.252,
              17.688100000000002
            ],
            [
              83.2505,
              17.688100000000002
            ],
            [
              83.2505,
              17.6868
            ]
          ]
        ]
      },
      "properties": {
        "ulpin": "AP-VSKP-000016",
        "surveyNumber": "116/2A",
        "stateCode": "AP",
        "district": "Visakhapatnam",
        "mandal": "Demo Mandal",
        "village": "Rushikonda",
        "areaAcres": 2.4,
        "areaSqMeters": 9712.46,
        "landUse": "Residential",
        "status": "VERIFIED",
        "ownershipVerified": true,
        "registrationStatus": "ACTIVE",
        "mortgageStatus": "NONE",
        "taxStatus": "PAID",
        "buildingPermitStatus": "APPROVED",
        "disputeStatus": "NONE"
      }
    },
    {
      "type": "Feature",
      "geometry": {
        "type": "Polygon",
        "coordinates": [
          [
            [
              83.25250000000001,
              17.6868
            ],
            [
              83.254,
              17.6868
            ],
            [
              83.254,
              17.688100000000002
            ],
            [
              83.25250000000001,
              17.688100000000002
            ],
            [
              83.25250000000001,
              17.6868
            ]
          ]
        ]
      },
      "properties": {
        "ulpin": "AP-VSKP-000017",
        "surveyNumber": "117/3B",
        "stateCode": "AP",
        "district": "Visakhapatnam",
        "mandal": "Demo Mandal",
        "village": "Madhurawada",
        "areaAcres": 2.85,
        "areaSqMeters": 11533.55,
        "landUse": "Commercial",
        "status": "VERIFIED",
        "ownershipVerified": true,
        "registrationStatus": "ACTIVE",
        "mortgageStatus": "NONE",
        "taxStatus": "PAID",
        "buildingPermitStatus": "NONE",
        "disputeStatus": "NONE"
      }
    },
    {
      "type": "Feature",
      "geometry": {
        "type": "Polygon",
        "coordinates": [
          [
            [
              83.25450000000001,
              17.6868
            ],
            [
              83.256,
              17.6868
            ],
            [
              83.256,
              17.688100000000002
            ],
            [
              83.25450000000001,
              17.688100000000002
            ],
            [
              83.25450000000001,
              17.6868
            ]
          ]
        ]
      },
      "properties": {
        "ulpin": "AP-VSKP-000018",
        "surveyNumber": "118/4C",
        "stateCode": "AP",
        "district": "Visakhapatnam",
        "mandal": "Demo Mandal",
        "village": "Pendurthi",
        "areaAcres": 3.3,
        "areaSqMeters": 13354.64,
        "landUse": "Agricultural",
        "status": "PENDING_VERIFICATION",
        "ownershipVerified": false,
        "registrationStatus": "ACTIVE",
        "mortgageStatus": "NONE",
        "taxStatus": "PAID",
        "buildingPermitStatus": "NONE",
        "disputeStatus": "NONE"
      }
    },
    {
      "type": "Feature",
      "geometry": {
        "type": "Polygon",
        "coordinates": [
          [
            [
              83.2565,
              17.6868
            ],
            [
              83.258,
              17.6868
            ],
            [
              83.258,
              17.688100000000002
            ],
            [
              83.2565,
              17.688100000000002
            ],
            [
              83.2565,
              17.6868
            ]
          ]
        ]
      },
      "properties": {
        "ulpin": "AP-VSKP-000019",
        "surveyNumber": "119/5",
        "stateCode": "AP",
        "district": "Visakhapatnam",
        "mandal": "Demo Mandal",
        "village": "Gajuwaka",
        "areaAcres": 3.75,
        "areaSqMeters": 15175.73,
        "landUse": "Industrial",
        "status": "VERIFIED",
        "ownershipVerified": true,
        "registrationStatus": "ACTIVE",
        "mortgageStatus": "NONE",
        "taxStatus": "PAID",
        "buildingPermitStatus": "NONE",
        "disputeStatus": "NONE"
      }
    },
    {
      "type": "Feature",
      "geometry": {
        "type": "Polygon",
        "coordinates": [
          [
            [
              83.25850000000001,
              17.6868
            ],
            [
              83.26,
              17.6868
            ],
            [
              83.26,
              17.688100000000002
            ],
            [
              83.25850000000001,
              17.688100000000002
            ],
            [
              83.25850000000001,
              17.6868
            ]
          ]
        ]
      },
      "properties": {
        "ulpin": "AP-VSKP-000020",
        "surveyNumber": "120/1A",
        "stateCode": "AP",
        "district": "Visakhapatnam",
        "mandal": "Demo Mandal",
        "village": "Bhoomi Village",
        "areaAcres": 4.2,
        "areaSqMeters": 16996.81,
        "landUse": "Special Zone",
        "status": "VERIFIED",
        "ownershipVerified": true,
        "registrationStatus": "ACTIVE",
        "mortgageStatus": "NONE",
        "taxStatus": "PENDING",
        "buildingPermitStatus": "NONE",
        "disputeStatus": "NONE"
      }
    },
    {
      "type": "Feature",
      "geometry": {
        "type": "Polygon",
        "coordinates": [
          [
            [
              83.26050000000001,
              17.6868
            ],
            [
              83.262,
              17.6868
            ],
            [
              83.262,
              17.688100000000002
            ],
            [
              83.26050000000001,
              17.688100000000002
            ],
            [
              83.26050000000001,
              17.6868
            ]
          ]
        ]
      },
      "properties": {
        "ulpin": "AP-VSKP-000021",
        "surveyNumber": "121/2B",
        "stateCode": "AP",
        "district": "Visakhapatnam",
        "mandal": "Demo Mandal",
        "village": "Rushikonda",
        "areaAcres": 1.5,
        "areaSqMeters": 6070.29,
        "landUse": "Residential",
        "status": "VERIFIED",
        "ownershipVerified": true,
        "registrationStatus": "ACTIVE",
        "mortgageStatus": "ACTIVE_MORTGAGE",
        "taxStatus": "PAID",
        "buildingPermitStatus": "SUBMITTED",
        "disputeStatus": "NONE"
      }
    },
    {
      "type": "Feature",
      "geometry": {
        "type": "Polygon",
        "coordinates": [
          [
            [
              83.2625,
              17.6868
            ],
            [
              83.264,
              17.6868
            ],
            [
              83.264,
              17.688100000000002
            ],
            [
              83.2625,
              17.688100000000002
            ],
            [
              83.2625,
              17.6868
            ]
          ]
        ]
      },
      "properties": {
        "ulpin": "AP-VSKP-000022",
        "surveyNumber": "122/3C",
        "stateCode": "AP",
        "district": "Visakhapatnam",
        "mandal": "Demo Mandal",
        "village": "Madhurawada",
        "areaAcres": 1.95,
        "areaSqMeters": 7891.38,
        "landUse": "Residential",
        "status": "VERIFIED",
        "ownershipVerified": true,
        "registrationStatus": "ACTIVE",
        "mortgageStatus": "NONE",
        "taxStatus": "PAID",
        "buildingPermitStatus": "APPROVED",
        "disputeStatus": "NONE"
      }
    },
    {
      "type": "Feature",
      "geometry": {
        "type": "Polygon",
        "coordinates": [
          [
            [
              83.26450000000001,
              17.6868
            ],
            [
              83.266,
              17.6868
            ],
            [
              83.266,
              17.688100000000002
            ],
            [
              83.26450000000001,
              17.688100000000002
            ],
            [
              83.26450000000001,
              17.6868
            ]
          ]
        ]
      },
      "properties": {
        "ulpin": "AP-VSKP-000023",
        "surveyNumber": "123/4",
        "stateCode": "AP",
        "district": "Visakhapatnam",
        "mandal": "Demo Mandal",
        "village": "Pendurthi",
        "areaAcres": 2.4,
        "areaSqMeters": 9712.46,
        "landUse": "Residential",
        "status": "DISPUTED",
        "ownershipVerified": true,
        "registrationStatus": "ACTIVE",
        "mortgageStatus": "NONE",
        "taxStatus": "PAID",
        "buildingPermitStatus": "SUBMITTED",
        "disputeStatus": "ACTIVE_DISPUTE"
      }
    },
    {
      "type": "Feature",
      "geometry": {
        "type": "Polygon",
        "coordinates": [
          [
            [
              83.26650000000001,
              17.6868
            ],
            [
              83.268,
              17.6868
            ],
            [
              83.268,
              17.688100000000002
            ],
            [
              83.26650000000001,
              17.688100000000002
            ],
            [
              83.26650000000001,
              17.6868
            ]
          ]
        ]
      },
      "properties": {
        "ulpin": "AP-VSKP-000024",
        "surveyNumber": "124/5A",
        "stateCode": "AP",
        "district": "Visakhapatnam",
        "mandal": "Demo Mandal",
        "village": "Gajuwaka",
        "areaAcres": 2.85,
        "areaSqMeters": 11533.55,
        "landUse": "Commercial",
        "status": "VERIFIED",
        "ownershipVerified": true,
        "registrationStatus": "ACTIVE",
        "mortgageStatus": "NONE",
        "taxStatus": "PAID",
        "buildingPermitStatus": "NONE",
        "disputeStatus": "NONE"
      }
    },
    {
      "type": "Feature",
      "geometry": {
        "type": "Polygon",
        "coordinates": [
          [
            [
              83.2185,
              17.6886
            ],
            [
              83.22,
              17.6886
            ],
            [
              83.22,
              17.6899
            ],
            [
              83.2185,
              17.6899
            ],
            [
              83.2185,
              17.6886
            ]
          ]
        ]
      },
      "properties": {
        "ulpin": "AP-VSKP-000025",
        "surveyNumber": "125/1B",
        "stateCode": "AP",
        "district": "Visakhapatnam",
        "mandal": "Demo Mandal",
        "village": "Bhoomi Village",
        "areaAcres": 3.3,
        "areaSqMeters": 13354.64,
        "landUse": "Agricultural",
        "status": "VERIFIED",
        "ownershipVerified": true,
        "registrationStatus": "ACTIVE",
        "mortgageStatus": "NONE",
        "taxStatus": "PENDING",
        "buildingPermitStatus": "NONE",
        "disputeStatus": "NONE"
      }
    },
    {
      "type": "Feature",
      "geometry": {
        "type": "Polygon",
        "coordinates": [
          [
            [
              83.2205,
              17.6886
            ],
            [
              83.222,
              17.6886
            ],
            [
              83.222,
              17.6899
            ],
            [
              83.2205,
              17.6899
            ],
            [
              83.2205,
              17.6886
            ]
          ]
        ]
      },
      "properties": {
        "ulpin": "AP-VSKP-000026",
        "surveyNumber": "126/2C",
        "stateCode": "AP",
        "district": "Visakhapatnam",
        "mandal": "Demo Mandal",
        "village": "Rushikonda",
        "areaAcres": 3.75,
        "areaSqMeters": 15175.73,
        "landUse": "Industrial",
        "status": "VERIFIED",
        "ownershipVerified": true,
        "registrationStatus": "ACTIVE",
        "mortgageStatus": "NONE",
        "taxStatus": "PAID",
        "buildingPermitStatus": "NONE",
        "disputeStatus": "NONE"
      }
    },
    {
      "type": "Feature",
      "geometry": {
        "type": "Polygon",
        "coordinates": [
          [
            [
              83.22250000000001,
              17.6886
            ],
            [
              83.224,
              17.6886
            ],
            [
              83.224,
              17.6899
            ],
            [
              83.22250000000001,
              17.6899
            ],
            [
              83.22250000000001,
              17.6886
            ]
          ]
        ]
      },
      "properties": {
        "ulpin": "AP-VSKP-000027",
        "surveyNumber": "127/3",
        "stateCode": "AP",
        "district": "Visakhapatnam",
        "mandal": "Demo Mandal",
        "village": "Madhurawada",
        "areaAcres": 4.2,
        "areaSqMeters": 16996.81,
        "landUse": "Special Zone",
        "status": "PENDING_VERIFICATION",
        "ownershipVerified": false,
        "registrationStatus": "ACTIVE",
        "mortgageStatus": "NONE",
        "taxStatus": "PAID",
        "buildingPermitStatus": "NONE",
        "disputeStatus": "NONE"
      }
    },
    {
      "type": "Feature",
      "geometry": {
        "type": "Polygon",
        "coordinates": [
          [
            [
              83.2245,
              17.6886
            ],
            [
              83.226,
              17.6886
            ],
            [
              83.226,
              17.6899
            ],
            [
              83.2245,
              17.6899
            ],
            [
              83.2245,
              17.6886
            ]
          ]
        ]
      },
      "properties": {
        "ulpin": "AP-VSKP-000028",
        "surveyNumber": "128/4A",
        "stateCode": "AP",
        "district": "Visakhapatnam",
        "mandal": "Demo Mandal",
        "village": "Pendurthi",
        "areaAcres": 1.5,
        "areaSqMeters": 6070.29,
        "landUse": "Residential",
        "status": "VERIFIED",
        "ownershipVerified": true,
        "registrationStatus": "ACTIVE",
        "mortgageStatus": "ACTIVE_MORTGAGE",
        "taxStatus": "PAID",
        "buildingPermitStatus": "APPROVED",
        "disputeStatus": "NONE"
      }
    },
    {
      "type": "Feature",
      "geometry": {
        "type": "Polygon",
        "coordinates": [
          [
            [
              83.2265,
              17.6886
            ],
            [
              83.228,
              17.6886
            ],
            [
              83.228,
              17.6899
            ],
            [
              83.2265,
              17.6899
            ],
            [
              83.2265,
              17.6886
            ]
          ]
        ]
      },
      "properties": {
        "ulpin": "AP-VSKP-000029",
        "surveyNumber": "129/5B",
        "stateCode": "AP",
        "district": "Visakhapatnam",
        "mandal": "Demo Mandal",
        "village": "Gajuwaka",
        "areaAcres": 1.95,
        "areaSqMeters": 7891.38,
        "landUse": "Residential",
        "status": "VERIFIED",
        "ownershipVerified": true,
        "registrationStatus": "ACTIVE",
        "mortgageStatus": "NONE",
        "taxStatus": "PAID",
        "buildingPermitStatus": "SUBMITTED",
        "disputeStatus": "NONE"
      }
    },
    {
      "type": "Feature",
      "geometry": {
        "type": "Polygon",
        "coordinates": [
          [
            [
              83.22850000000001,
              17.6886
            ],
            [
              83.23,
              17.6886
            ],
            [
              83.23,
              17.6899
            ],
            [
              83.22850000000001,
              17.6899
            ],
            [
              83.22850000000001,
              17.6886
            ]
          ]
        ]
      },
      "properties": {
        "ulpin": "AP-VSKP-000030",
        "surveyNumber": "130/1C",
        "stateCode": "AP",
        "district": "Visakhapatnam",
        "mandal": "Demo Mandal",
        "village": "Bhoomi Village",
        "areaAcres": 2.4,
        "areaSqMeters": 9712.46,
        "landUse": "Residential",
        "status": "VERIFIED",
        "ownershipVerified": true,
        "registrationStatus": "ACTIVE",
        "mortgageStatus": "NONE",
        "taxStatus": "PENDING",
        "buildingPermitStatus": "APPROVED",
        "disputeStatus": "NONE"
      }
    },
    {
      "type": "Feature",
      "geometry": {
        "type": "Polygon",
        "coordinates": [
          [
            [
              83.2305,
              17.6886
            ],
            [
              83.232,
              17.6886
            ],
            [
              83.232,
              17.6899
            ],
            [
              83.2305,
              17.6899
            ],
            [
              83.2305,
              17.6886
            ]
          ]
        ]
      },
      "properties": {
        "ulpin": "AP-VSKP-000031",
        "surveyNumber": "131/2",
        "stateCode": "AP",
        "district": "Visakhapatnam",
        "mandal": "Demo Mandal",
        "village": "Rushikonda",
        "areaAcres": 2.85,
        "areaSqMeters": 11533.55,
        "landUse": "Commercial",
        "status": "VERIFIED",
        "ownershipVerified": true,
        "registrationStatus": "ACTIVE",
        "mortgageStatus": "NONE",
        "taxStatus": "PAID",
        "buildingPermitStatus": "NONE",
        "disputeStatus": "NONE"
      }
    },
    {
      "type": "Feature",
      "geometry": {
        "type": "Polygon",
        "coordinates": [
          [
            [
              83.2325,
              17.6886
            ],
            [
              83.234,
              17.6886
            ],
            [
              83.234,
              17.6899
            ],
            [
              83.2325,
              17.6899
            ],
            [
              83.2325,
              17.6886
            ]
          ]
        ]
      },
      "properties": {
        "ulpin": "AP-VSKP-000032",
        "surveyNumber": "132/3A",
        "stateCode": "AP",
        "district": "Visakhapatnam",
        "mandal": "Demo Mandal",
        "village": "Madhurawada",
        "areaAcres": 3.3,
        "areaSqMeters": 13354.64,
        "landUse": "Agricultural",
        "status": "VERIFIED",
        "ownershipVerified": true,
        "registrationStatus": "ACTIVE",
        "mortgageStatus": "NONE",
        "taxStatus": "PAID",
        "buildingPermitStatus": "NONE",
        "disputeStatus": "NONE"
      }
    },
    {
      "type": "Feature",
      "geometry": {
        "type": "Polygon",
        "coordinates": [
          [
            [
              83.23450000000001,
              17.6886
            ],
            [
              83.236,
              17.6886
            ],
            [
              83.236,
              17.6899
            ],
            [
              83.23450000000001,
              17.6899
            ],
            [
              83.23450000000001,
              17.6886
            ]
          ]
        ]
      },
      "properties": {
        "ulpin": "AP-VSKP-000033",
        "surveyNumber": "133/4B",
        "stateCode": "AP",
        "district": "Visakhapatnam",
        "mandal": "Demo Mandal",
        "village": "Pendurthi",
        "areaAcres": 3.75,
        "areaSqMeters": 15175.73,
        "landUse": "Industrial",
        "status": "VERIFIED",
        "ownershipVerified": true,
        "registrationStatus": "ACTIVE",
        "mortgageStatus": "NONE",
        "taxStatus": "PAID",
        "buildingPermitStatus": "NONE",
        "disputeStatus": "NONE"
      }
    },
    {
      "type": "Feature",
      "geometry": {
        "type": "Polygon",
        "coordinates": [
          [
            [
              83.2365,
              17.6886
            ],
            [
              83.238,
              17.6886
            ],
            [
              83.238,
              17.6899
            ],
            [
              83.2365,
              17.6899
            ],
            [
              83.2365,
              17.6886
            ]
          ]
        ]
      },
      "properties": {
        "ulpin": "AP-VSKP-000034",
        "surveyNumber": "134/5C",
        "stateCode": "AP",
        "district": "Visakhapatnam",
        "mandal": "Demo Mandal",
        "village": "Gajuwaka",
        "areaAcres": 4.2,
        "areaSqMeters": 16996.81,
        "landUse": "Special Zone",
        "status": "VERIFIED",
        "ownershipVerified": true,
        "registrationStatus": "ACTIVE",
        "mortgageStatus": "NONE",
        "taxStatus": "PAID",
        "buildingPermitStatus": "NONE",
        "disputeStatus": "NONE"
      }
    },
    {
      "type": "Feature",
      "geometry": {
        "type": "Polygon",
        "coordinates": [
          [
            [
              83.2385,
              17.6886
            ],
            [
              83.24,
              17.6886
            ],
            [
              83.24,
              17.6899
            ],
            [
              83.2385,
              17.6899
            ],
            [
              83.2385,
              17.6886
            ]
          ]
        ]
      },
      "properties": {
        "ulpin": "AP-VSKP-000035",
        "surveyNumber": "135/1",
        "stateCode": "AP",
        "district": "Visakhapatnam",
        "mandal": "Demo Mandal",
        "village": "Bhoomi Village",
        "areaAcres": 1.5,
        "areaSqMeters": 6070.29,
        "landUse": "Residential",
        "status": "VERIFIED",
        "ownershipVerified": true,
        "registrationStatus": "ACTIVE",
        "mortgageStatus": "ACTIVE_MORTGAGE",
        "taxStatus": "PENDING",
        "buildingPermitStatus": "SUBMITTED",
        "disputeStatus": "NONE"
      }
    },
    {
      "type": "Feature",
      "geometry": {
        "type": "Polygon",
        "coordinates": [
          [
            [
              83.24050000000001,
              17.6886
            ],
            [
              83.242,
              17.6886
            ],
            [
              83.242,
              17.6899
            ],
            [
              83.24050000000001,
              17.6899
            ],
            [
              83.24050000000001,
              17.6886
            ]
          ]
        ]
      },
      "properties": {
        "ulpin": "AP-VSKP-000036",
        "surveyNumber": "136/2A",
        "stateCode": "AP",
        "district": "Visakhapatnam",
        "mandal": "Demo Mandal",
        "village": "Rushikonda",
        "areaAcres": 1.95,
        "areaSqMeters": 7891.38,
        "landUse": "Residential",
        "status": "PENDING_VERIFICATION",
        "ownershipVerified": false,
        "registrationStatus": "ACTIVE",
        "mortgageStatus": "NONE",
        "taxStatus": "PAID",
        "buildingPermitStatus": "APPROVED",
        "disputeStatus": "NONE"
      }
    },
    {
      "type": "Feature",
      "geometry": {
        "type": "Polygon",
        "coordinates": [
          [
            [
              83.2425,
              17.6886
            ],
            [
              83.244,
              17.6886
            ],
            [
              83.244,
              17.6899
            ],
            [
              83.2425,
              17.6899
            ],
            [
              83.2425,
              17.6886
            ]
          ]
        ]
      },
      "properties": {
        "ulpin": "AP-VSKP-000037",
        "surveyNumber": "137/3B",
        "stateCode": "AP",
        "district": "Visakhapatnam",
        "mandal": "Demo Mandal",
        "village": "Madhurawada",
        "areaAcres": 2.4,
        "areaSqMeters": 9712.46,
        "landUse": "Residential",
        "status": "VERIFIED",
        "ownershipVerified": true,
        "registrationStatus": "ACTIVE",
        "mortgageStatus": "NONE",
        "taxStatus": "PAID",
        "buildingPermitStatus": "SUBMITTED",
        "disputeStatus": "NONE"
      }
    },
    {
      "type": "Feature",
      "geometry": {
        "type": "Polygon",
        "coordinates": [
          [
            [
              83.2445,
              17.6886
            ],
            [
              83.246,
              17.6886
            ],
            [
              83.246,
              17.6899
            ],
            [
              83.2445,
              17.6899
            ],
            [
              83.2445,
              17.6886
            ]
          ]
        ]
      },
      "properties": {
        "ulpin": "AP-VSKP-000038",
        "surveyNumber": "138/4C",
        "stateCode": "AP",
        "district": "Visakhapatnam",
        "mandal": "Demo Mandal",
        "village": "Pendurthi",
        "areaAcres": 2.85,
        "areaSqMeters": 11533.55,
        "landUse": "Commercial",
        "status": "VERIFIED",
        "ownershipVerified": true,
        "registrationStatus": "ACTIVE",
        "mortgageStatus": "NONE",
        "taxStatus": "PAID",
        "buildingPermitStatus": "NONE",
        "disputeStatus": "NONE"
      }
    },
    {
      "type": "Feature",
      "geometry": {
        "type": "Polygon",
        "coordinates": [
          [
            [
              83.24650000000001,
              17.6886
            ],
            [
              83.248,
              17.6886
            ],
            [
              83.248,
              17.6899
            ],
            [
              83.24650000000001,
              17.6899
            ],
            [
              83.24650000000001,
              17.6886
            ]
          ]
        ]
      },
      "properties": {
        "ulpin": "AP-VSKP-000039",
        "surveyNumber": "139/5",
        "stateCode": "AP",
        "district": "Visakhapatnam",
        "mandal": "Demo Mandal",
        "village": "Gajuwaka",
        "areaAcres": 3.3,
        "areaSqMeters": 13354.64,
        "landUse": "Agricultural",
        "status": "VERIFIED",
        "ownershipVerified": true,
        "registrationStatus": "ACTIVE",
        "mortgageStatus": "NONE",
        "taxStatus": "PAID",
        "buildingPermitStatus": "NONE",
        "disputeStatus": "NONE"
      }
    },
    {
      "type": "Feature",
      "geometry": {
        "type": "Polygon",
        "coordinates": [
          [
            [
              83.2485,
              17.6886
            ],
            [
              83.25,
              17.6886
            ],
            [
              83.25,
              17.6899
            ],
            [
              83.2485,
              17.6899
            ],
            [
              83.2485,
              17.6886
            ]
          ]
        ]
      },
      "properties": {
        "ulpin": "AP-VSKP-000040",
        "surveyNumber": "140/1A",
        "stateCode": "AP",
        "district": "Visakhapatnam",
        "mandal": "Demo Mandal",
        "village": "Bhoomi Village",
        "areaAcres": 3.75,
        "areaSqMeters": 15175.73,
        "landUse": "Industrial",
        "status": "VERIFIED",
        "ownershipVerified": true,
        "registrationStatus": "ACTIVE",
        "mortgageStatus": "NONE",
        "taxStatus": "PENDING",
        "buildingPermitStatus": "NONE",
        "disputeStatus": "NONE"
      }
    },
    {
      "type": "Feature",
      "geometry": {
        "type": "Polygon",
        "coordinates": [
          [
            [
              83.2505,
              17.6886
            ],
            [
              83.252,
              17.6886
            ],
            [
              83.252,
              17.6899
            ],
            [
              83.2505,
              17.6899
            ],
            [
              83.2505,
              17.6886
            ]
          ]
        ]
      },
      "properties": {
        "ulpin": "AP-VSKP-000041",
        "surveyNumber": "141/2B",
        "stateCode": "AP",
        "district": "Visakhapatnam",
        "mandal": "Demo Mandal",
        "village": "Rushikonda",
        "areaAcres": 4.2,
        "areaSqMeters": 16996.81,
        "landUse": "Special Zone",
        "status": "VERIFIED",
        "ownershipVerified": true,
        "registrationStatus": "ACTIVE",
        "mortgageStatus": "NONE",
        "taxStatus": "PAID",
        "buildingPermitStatus": "NONE",
        "disputeStatus": "NONE"
      }
    },
    {
      "type": "Feature",
      "geometry": {
        "type": "Polygon",
        "coordinates": [
          [
            [
              83.25250000000001,
              17.6886
            ],
            [
              83.254,
              17.6886
            ],
            [
              83.254,
              17.6899
            ],
            [
              83.25250000000001,
              17.6899
            ],
            [
              83.25250000000001,
              17.6886
            ]
          ]
        ]
      },
      "properties": {
        "ulpin": "AP-VSKP-000042",
        "surveyNumber": "142/3C",
        "stateCode": "AP",
        "district": "Visakhapatnam",
        "mandal": "Demo Mandal",
        "village": "Madhurawada",
        "areaAcres": 1.5,
        "areaSqMeters": 6070.29,
        "landUse": "Residential",
        "status": "VERIFIED",
        "ownershipVerified": true,
        "registrationStatus": "ACTIVE",
        "mortgageStatus": "ACTIVE_MORTGAGE",
        "taxStatus": "PAID",
        "buildingPermitStatus": "APPROVED",
        "disputeStatus": "NONE"
      }
    },
    {
      "type": "Feature",
      "geometry": {
        "type": "Polygon",
        "coordinates": [
          [
            [
              83.25450000000001,
              17.6886
            ],
            [
              83.256,
              17.6886
            ],
            [
              83.256,
              17.6899
            ],
            [
              83.25450000000001,
              17.6899
            ],
            [
              83.25450000000001,
              17.6886
            ]
          ]
        ]
      },
      "properties": {
        "ulpin": "AP-VSKP-000043",
        "surveyNumber": "143/4",
        "stateCode": "AP",
        "district": "Visakhapatnam",
        "mandal": "Demo Mandal",
        "village": "Pendurthi",
        "areaAcres": 1.95,
        "areaSqMeters": 7891.38,
        "landUse": "Residential",
        "status": "VERIFIED",
        "ownershipVerified": true,
        "registrationStatus": "ACTIVE",
        "mortgageStatus": "NONE",
        "taxStatus": "PAID",
        "buildingPermitStatus": "SUBMITTED",
        "disputeStatus": "NONE"
      }
    },
    {
      "type": "Feature",
      "geometry": {
        "type": "Polygon",
        "coordinates": [
          [
            [
              83.2565,
              17.6886
            ],
            [
              83.258,
              17.6886
            ],
            [
              83.258,
              17.6899
            ],
            [
              83.2565,
              17.6899
            ],
            [
              83.2565,
              17.6886
            ]
          ]
        ]
      },
      "properties": {
        "ulpin": "AP-VSKP-000044",
        "surveyNumber": "144/5A",
        "stateCode": "AP",
        "district": "Visakhapatnam",
        "mandal": "Demo Mandal",
        "village": "Gajuwaka",
        "areaAcres": 2.4,
        "areaSqMeters": 9712.46,
        "landUse": "Residential",
        "status": "VERIFIED",
        "ownershipVerified": true,
        "registrationStatus": "ACTIVE",
        "mortgageStatus": "NONE",
        "taxStatus": "PAID",
        "buildingPermitStatus": "APPROVED",
        "disputeStatus": "NONE"
      }
    },
    {
      "type": "Feature",
      "geometry": {
        "type": "Polygon",
        "coordinates": [
          [
            [
              83.25850000000001,
              17.6886
            ],
            [
              83.26,
              17.6886
            ],
            [
              83.26,
              17.6899
            ],
            [
              83.25850000000001,
              17.6899
            ],
            [
              83.25850000000001,
              17.6886
            ]
          ]
        ]
      },
      "properties": {
        "ulpin": "AP-VSKP-000045",
        "surveyNumber": "145/1B",
        "stateCode": "AP",
        "district": "Visakhapatnam",
        "mandal": "Demo Mandal",
        "village": "Bhoomi Village",
        "areaAcres": 2.85,
        "areaSqMeters": 11533.55,
        "landUse": "Commercial",
        "status": "PENDING_VERIFICATION",
        "ownershipVerified": false,
        "registrationStatus": "ACTIVE",
        "mortgageStatus": "NONE",
        "taxStatus": "PENDING",
        "buildingPermitStatus": "NONE",
        "disputeStatus": "NONE"
      }
    },
    {
      "type": "Feature",
      "geometry": {
        "type": "Polygon",
        "coordinates": [
          [
            [
              83.26050000000001,
              17.6886
            ],
            [
              83.262,
              17.6886
            ],
            [
              83.262,
              17.6899
            ],
            [
              83.26050000000001,
              17.6899
            ],
            [
              83.26050000000001,
              17.6886
            ]
          ]
        ]
      },
      "properties": {
        "ulpin": "AP-VSKP-000046",
        "surveyNumber": "146/2C",
        "stateCode": "AP",
        "district": "Visakhapatnam",
        "mandal": "Demo Mandal",
        "village": "Rushikonda",
        "areaAcres": 3.3,
        "areaSqMeters": 13354.64,
        "landUse": "Agricultural",
        "status": "DISPUTED",
        "ownershipVerified": true,
        "registrationStatus": "ACTIVE",
        "mortgageStatus": "NONE",
        "taxStatus": "PAID",
        "buildingPermitStatus": "NONE",
        "disputeStatus": "ACTIVE_DISPUTE"
      }
    },
    {
      "type": "Feature",
      "geometry": {
        "type": "Polygon",
        "coordinates": [
          [
            [
              83.2625,
              17.6886
            ],
            [
              83.264,
              17.6886
            ],
            [
              83.264,
              17.6899
            ],
            [
              83.2625,
              17.6899
            ],
            [
              83.2625,
              17.6886
            ]
          ]
        ]
      },
      "properties": {
        "ulpin": "AP-VSKP-000047",
        "surveyNumber": "147/3",
        "stateCode": "AP",
        "district": "Visakhapatnam",
        "mandal": "Demo Mandal",
        "village": "Madhurawada",
        "areaAcres": 3.75,
        "areaSqMeters": 15175.73,
        "landUse": "Industrial",
        "status": "VERIFIED",
        "ownershipVerified": true,
        "registrationStatus": "ACTIVE",
        "mortgageStatus": "NONE",
        "taxStatus": "PAID",
        "buildingPermitStatus": "NONE",
        "disputeStatus": "NONE"
      }
    },
    {
      "type": "Feature",
      "geometry": {
        "type": "Polygon",
        "coordinates": [
          [
            [
              83.26450000000001,
              17.6886
            ],
            [
              83.266,
              17.6886
            ],
            [
              83.266,
              17.6899
            ],
            [
              83.26450000000001,
              17.6899
            ],
            [
              83.26450000000001,
              17.6886
            ]
          ]
        ]
      },
      "properties": {
        "ulpin": "AP-VSKP-000048",
        "surveyNumber": "148/4A",
        "stateCode": "AP",
        "district": "Visakhapatnam",
        "mandal": "Demo Mandal",
        "village": "Pendurthi",
        "areaAcres": 4.2,
        "areaSqMeters": 16996.81,
        "landUse": "Special Zone",
        "status": "VERIFIED",
        "ownershipVerified": true,
        "registrationStatus": "ACTIVE",
        "mortgageStatus": "NONE",
        "taxStatus": "PAID",
        "buildingPermitStatus": "NONE",
        "disputeStatus": "NONE"
      }
    },
    {
      "type": "Feature",
      "geometry": {
        "type": "Polygon",
        "coordinates": [
          [
            [
              83.26650000000001,
              17.6886
            ],
            [
              83.268,
              17.6886
            ],
            [
              83.268,
              17.6899
            ],
            [
              83.26650000000001,
              17.6899
            ],
            [
              83.26650000000001,
              17.6886
            ]
          ]
        ]
      },
      "properties": {
        "ulpin": "AP-VSKP-000049",
        "surveyNumber": "149/5B",
        "stateCode": "AP",
        "district": "Visakhapatnam",
        "mandal": "Demo Mandal",
        "village": "Gajuwaka",
        "areaAcres": 1.5,
        "areaSqMeters": 6070.29,
        "landUse": "Residential",
        "status": "VERIFIED",
        "ownershipVerified": true,
        "registrationStatus": "ACTIVE",
        "mortgageStatus": "ACTIVE_MORTGAGE",
        "taxStatus": "PAID",
        "buildingPermitStatus": "SUBMITTED",
        "disputeStatus": "NONE"
      }
    },
    {
      "type": "Feature",
      "geometry": {
        "type": "Polygon",
        "coordinates": [
          [
            [
              83.2185,
              17.6904
            ],
            [
              83.22,
              17.6904
            ],
            [
              83.22,
              17.6917
            ],
            [
              83.2185,
              17.6917
            ],
            [
              83.2185,
              17.6904
            ]
          ]
        ]
      },
      "properties": {
        "ulpin": "AP-VSKP-000050",
        "surveyNumber": "150/1C",
        "stateCode": "AP",
        "district": "Visakhapatnam",
        "mandal": "Demo Mandal",
        "village": "Bhoomi Village",
        "areaAcres": 1.95,
        "areaSqMeters": 7891.38,
        "landUse": "Residential",
        "status": "VERIFIED",
        "ownershipVerified": true,
        "registrationStatus": "ACTIVE",
        "mortgageStatus": "NONE",
        "taxStatus": "PENDING",
        "buildingPermitStatus": "APPROVED",
        "disputeStatus": "NONE"
      }
    },
    {
      "type": "Feature",
      "geometry": {
        "type": "Polygon",
        "coordinates": [
          [
            [
              83.2205,
              17.6904
            ],
            [
              83.222,
              17.6904
            ],
            [
              83.222,
              17.6917
            ],
            [
              83.2205,
              17.6917
            ],
            [
              83.2205,
              17.6904
            ]
          ]
        ]
      },
      "properties": {
        "ulpin": "AP-VSKP-000051",
        "surveyNumber": "151/2",
        "stateCode": "AP",
        "district": "Visakhapatnam",
        "mandal": "Demo Mandal",
        "village": "Rushikonda",
        "areaAcres": 2.4,
        "areaSqMeters": 9712.46,
        "landUse": "Residential",
        "status": "VERIFIED",
        "ownershipVerified": true,
        "registrationStatus": "ACTIVE",
        "mortgageStatus": "NONE",
        "taxStatus": "PAID",
        "buildingPermitStatus": "SUBMITTED",
        "disputeStatus": "NONE"
      }
    },
    {
      "type": "Feature",
      "geometry": {
        "type": "Polygon",
        "coordinates": [
          [
            [
              83.22250000000001,
              17.6904
            ],
            [
              83.224,
              17.6904
            ],
            [
              83.224,
              17.6917
            ],
            [
              83.22250000000001,
              17.6917
            ],
            [
              83.22250000000001,
              17.6904
            ]
          ]
        ]
      },
      "properties": {
        "ulpin": "AP-VSKP-000052",
        "surveyNumber": "152/3A",
        "stateCode": "AP",
        "district": "Visakhapatnam",
        "mandal": "Demo Mandal",
        "village": "Madhurawada",
        "areaAcres": 2.85,
        "areaSqMeters": 11533.55,
        "landUse": "Commercial",
        "status": "VERIFIED",
        "ownershipVerified": true,
        "registrationStatus": "ACTIVE",
        "mortgageStatus": "NONE",
        "taxStatus": "PAID",
        "buildingPermitStatus": "NONE",
        "disputeStatus": "NONE"
      }
    },
    {
      "type": "Feature",
      "geometry": {
        "type": "Polygon",
        "coordinates": [
          [
            [
              83.2245,
              17.6904
            ],
            [
              83.226,
              17.6904
            ],
            [
              83.226,
              17.6917
            ],
            [
              83.2245,
              17.6917
            ],
            [
              83.2245,
              17.6904
            ]
          ]
        ]
      },
      "properties": {
        "ulpin": "AP-VSKP-000053",
        "surveyNumber": "153/4B",
        "stateCode": "AP",
        "district": "Visakhapatnam",
        "mandal": "Demo Mandal",
        "village": "Pendurthi",
        "areaAcres": 3.3,
        "areaSqMeters": 13354.64,
        "landUse": "Agricultural",
        "status": "VERIFIED",
        "ownershipVerified": true,
        "registrationStatus": "ACTIVE",
        "mortgageStatus": "NONE",
        "taxStatus": "PAID",
        "buildingPermitStatus": "NONE",
        "disputeStatus": "NONE"
      }
    },
    {
      "type": "Feature",
      "geometry": {
        "type": "Polygon",
        "coordinates": [
          [
            [
              83.2265,
              17.6904
            ],
            [
              83.228,
              17.6904
            ],
            [
              83.228,
              17.6917
            ],
            [
              83.2265,
              17.6917
            ],
            [
              83.2265,
              17.6904
            ]
          ]
        ]
      },
      "properties": {
        "ulpin": "AP-VSKP-000054",
        "surveyNumber": "154/5C",
        "stateCode": "AP",
        "district": "Visakhapatnam",
        "mandal": "Demo Mandal",
        "village": "Gajuwaka",
        "areaAcres": 3.75,
        "areaSqMeters": 15175.73,
        "landUse": "Industrial",
        "status": "PENDING_VERIFICATION",
        "ownershipVerified": false,
        "registrationStatus": "ACTIVE",
        "mortgageStatus": "NONE",
        "taxStatus": "PAID",
        "buildingPermitStatus": "NONE",
        "disputeStatus": "NONE"
      }
    },
    {
      "type": "Feature",
      "geometry": {
        "type": "Polygon",
        "coordinates": [
          [
            [
              83.22850000000001,
              17.6904
            ],
            [
              83.23,
              17.6904
            ],
            [
              83.23,
              17.6917
            ],
            [
              83.22850000000001,
              17.6917
            ],
            [
              83.22850000000001,
              17.6904
            ]
          ]
        ]
      },
      "properties": {
        "ulpin": "AP-VSKP-000055",
        "surveyNumber": "155/1",
        "stateCode": "AP",
        "district": "Visakhapatnam",
        "mandal": "Demo Mandal",
        "village": "Bhoomi Village",
        "areaAcres": 4.2,
        "areaSqMeters": 16996.81,
        "landUse": "Special Zone",
        "status": "VERIFIED",
        "ownershipVerified": true,
        "registrationStatus": "ACTIVE",
        "mortgageStatus": "NONE",
        "taxStatus": "PENDING",
        "buildingPermitStatus": "NONE",
        "disputeStatus": "NONE"
      }
    },
    {
      "type": "Feature",
      "geometry": {
        "type": "Polygon",
        "coordinates": [
          [
            [
              83.2305,
              17.6904
            ],
            [
              83.232,
              17.6904
            ],
            [
              83.232,
              17.6917
            ],
            [
              83.2305,
              17.6917
            ],
            [
              83.2305,
              17.6904
            ]
          ]
        ]
      },
      "properties": {
        "ulpin": "AP-VSKP-000056",
        "surveyNumber": "156/2A",
        "stateCode": "AP",
        "district": "Visakhapatnam",
        "mandal": "Demo Mandal",
        "village": "Rushikonda",
        "areaAcres": 1.5,
        "areaSqMeters": 6070.29,
        "landUse": "Residential",
        "status": "VERIFIED",
        "ownershipVerified": true,
        "registrationStatus": "ACTIVE",
        "mortgageStatus": "ACTIVE_MORTGAGE",
        "taxStatus": "PAID",
        "buildingPermitStatus": "APPROVED",
        "disputeStatus": "NONE"
      }
    },
    {
      "type": "Feature",
      "geometry": {
        "type": "Polygon",
        "coordinates": [
          [
            [
              83.2325,
              17.6904
            ],
            [
              83.234,
              17.6904
            ],
            [
              83.234,
              17.6917
            ],
            [
              83.2325,
              17.6917
            ],
            [
              83.2325,
              17.6904
            ]
          ]
        ]
      },
      "properties": {
        "ulpin": "AP-VSKP-000057",
        "surveyNumber": "157/3B",
        "stateCode": "AP",
        "district": "Visakhapatnam",
        "mandal": "Demo Mandal",
        "village": "Madhurawada",
        "areaAcres": 1.95,
        "areaSqMeters": 7891.38,
        "landUse": "Residential",
        "status": "VERIFIED",
        "ownershipVerified": true,
        "registrationStatus": "ACTIVE",
        "mortgageStatus": "NONE",
        "taxStatus": "PAID",
        "buildingPermitStatus": "SUBMITTED",
        "disputeStatus": "NONE"
      }
    },
    {
      "type": "Feature",
      "geometry": {
        "type": "Polygon",
        "coordinates": [
          [
            [
              83.23450000000001,
              17.6904
            ],
            [
              83.236,
              17.6904
            ],
            [
              83.236,
              17.6917
            ],
            [
              83.23450000000001,
              17.6917
            ],
            [
              83.23450000000001,
              17.6904
            ]
          ]
        ]
      },
      "properties": {
        "ulpin": "AP-VSKP-000058",
        "surveyNumber": "158/4C",
        "stateCode": "AP",
        "district": "Visakhapatnam",
        "mandal": "Demo Mandal",
        "village": "Pendurthi",
        "areaAcres": 2.4,
        "areaSqMeters": 9712.46,
        "landUse": "Residential",
        "status": "VERIFIED",
        "ownershipVerified": true,
        "registrationStatus": "ACTIVE",
        "mortgageStatus": "NONE",
        "taxStatus": "PAID",
        "buildingPermitStatus": "APPROVED",
        "disputeStatus": "NONE"
      }
    },
    {
      "type": "Feature",
      "geometry": {
        "type": "Polygon",
        "coordinates": [
          [
            [
              83.2365,
              17.6904
            ],
            [
              83.238,
              17.6904
            ],
            [
              83.238,
              17.6917
            ],
            [
              83.2365,
              17.6917
            ],
            [
              83.2365,
              17.6904
            ]
          ]
        ]
      },
      "properties": {
        "ulpin": "AP-VSKP-000059",
        "surveyNumber": "159/5",
        "stateCode": "AP",
        "district": "Visakhapatnam",
        "mandal": "Demo Mandal",
        "village": "Gajuwaka",
        "areaAcres": 2.85,
        "areaSqMeters": 11533.55,
        "landUse": "Commercial",
        "status": "VERIFIED",
        "ownershipVerified": true,
        "registrationStatus": "ACTIVE",
        "mortgageStatus": "NONE",
        "taxStatus": "PAID",
        "buildingPermitStatus": "NONE",
        "disputeStatus": "NONE"
      }
    },
    {
      "type": "Feature",
      "geometry": {
        "type": "Polygon",
        "coordinates": [
          [
            [
              83.2385,
              17.6904
            ],
            [
              83.24,
              17.6904
            ],
            [
              83.24,
              17.6917
            ],
            [
              83.2385,
              17.6917
            ],
            [
              83.2385,
              17.6904
            ]
          ]
        ]
      },
      "properties": {
        "ulpin": "AP-VSKP-000060",
        "surveyNumber": "160/1A",
        "stateCode": "AP",
        "district": "Visakhapatnam",
        "mandal": "Demo Mandal",
        "village": "Bhoomi Village",
        "areaAcres": 3.3,
        "areaSqMeters": 13354.64,
        "landUse": "Agricultural",
        "status": "VERIFIED",
        "ownershipVerified": true,
        "registrationStatus": "ACTIVE",
        "mortgageStatus": "NONE",
        "taxStatus": "PENDING",
        "buildingPermitStatus": "NONE",
        "disputeStatus": "NONE"
      }
    },
    {
      "type": "Feature",
      "geometry": {
        "type": "Polygon",
        "coordinates": [
          [
            [
              83.24050000000001,
              17.6904
            ],
            [
              83.242,
              17.6904
            ],
            [
              83.242,
              17.6917
            ],
            [
              83.24050000000001,
              17.6917
            ],
            [
              83.24050000000001,
              17.6904
            ]
          ]
        ]
      },
      "properties": {
        "ulpin": "AP-VSKP-000061",
        "surveyNumber": "161/2B",
        "stateCode": "AP",
        "district": "Visakhapatnam",
        "mandal": "Demo Mandal",
        "village": "Rushikonda",
        "areaAcres": 3.75,
        "areaSqMeters": 15175.73,
        "landUse": "Industrial",
        "status": "VERIFIED",
        "ownershipVerified": true,
        "registrationStatus": "ACTIVE",
        "mortgageStatus": "NONE",
        "taxStatus": "PAID",
        "buildingPermitStatus": "NONE",
        "disputeStatus": "NONE"
      }
    },
    {
      "type": "Feature",
      "geometry": {
        "type": "Polygon",
        "coordinates": [
          [
            [
              83.2425,
              17.6904
            ],
            [
              83.244,
              17.6904
            ],
            [
              83.244,
              17.6917
            ],
            [
              83.2425,
              17.6917
            ],
            [
              83.2425,
              17.6904
            ]
          ]
        ]
      },
      "properties": {
        "ulpin": "AP-VSKP-000062",
        "surveyNumber": "162/3C",
        "stateCode": "AP",
        "district": "Visakhapatnam",
        "mandal": "Demo Mandal",
        "village": "Madhurawada",
        "areaAcres": 4.2,
        "areaSqMeters": 16996.81,
        "landUse": "Special Zone",
        "status": "VERIFIED",
        "ownershipVerified": true,
        "registrationStatus": "ACTIVE",
        "mortgageStatus": "NONE",
        "taxStatus": "PAID",
        "buildingPermitStatus": "NONE",
        "disputeStatus": "NONE"
      }
    },
    {
      "type": "Feature",
      "geometry": {
        "type": "Polygon",
        "coordinates": [
          [
            [
              83.2445,
              17.6904
            ],
            [
              83.246,
              17.6904
            ],
            [
              83.246,
              17.6917
            ],
            [
              83.2445,
              17.6917
            ],
            [
              83.2445,
              17.6904
            ]
          ]
        ]
      },
      "properties": {
        "ulpin": "AP-VSKP-000063",
        "surveyNumber": "163/4",
        "stateCode": "AP",
        "district": "Visakhapatnam",
        "mandal": "Demo Mandal",
        "village": "Pendurthi",
        "areaAcres": 1.5,
        "areaSqMeters": 6070.29,
        "landUse": "Residential",
        "status": "PENDING_VERIFICATION",
        "ownershipVerified": false,
        "registrationStatus": "ACTIVE",
        "mortgageStatus": "ACTIVE_MORTGAGE",
        "taxStatus": "PAID",
        "buildingPermitStatus": "SUBMITTED",
        "disputeStatus": "NONE"
      }
    },
    {
      "type": "Feature",
      "geometry": {
        "type": "Polygon",
        "coordinates": [
          [
            [
              83.24650000000001,
              17.6904
            ],
            [
              83.248,
              17.6904
            ],
            [
              83.248,
              17.6917
            ],
            [
              83.24650000000001,
              17.6917
            ],
            [
              83.24650000000001,
              17.6904
            ]
          ]
        ]
      },
      "properties": {
        "ulpin": "AP-VSKP-000064",
        "surveyNumber": "164/5A",
        "stateCode": "AP",
        "district": "Visakhapatnam",
        "mandal": "Demo Mandal",
        "village": "Gajuwaka",
        "areaAcres": 1.95,
        "areaSqMeters": 7891.38,
        "landUse": "Residential",
        "status": "VERIFIED",
        "ownershipVerified": true,
        "registrationStatus": "ACTIVE",
        "mortgageStatus": "NONE",
        "taxStatus": "PAID",
        "buildingPermitStatus": "APPROVED",
        "disputeStatus": "NONE"
      }
    },
    {
      "type": "Feature",
      "geometry": {
        "type": "Polygon",
        "coordinates": [
          [
            [
              83.2485,
              17.6904
            ],
            [
              83.25,
              17.6904
            ],
            [
              83.25,
              17.6917
            ],
            [
              83.2485,
              17.6917
            ],
            [
              83.2485,
              17.6904
            ]
          ]
        ]
      },
      "properties": {
        "ulpin": "AP-VSKP-000065",
        "surveyNumber": "165/1B",
        "stateCode": "AP",
        "district": "Visakhapatnam",
        "mandal": "Demo Mandal",
        "village": "Bhoomi Village",
        "areaAcres": 2.4,
        "areaSqMeters": 9712.46,
        "landUse": "Residential",
        "status": "VERIFIED",
        "ownershipVerified": true,
        "registrationStatus": "ACTIVE",
        "mortgageStatus": "NONE",
        "taxStatus": "PENDING",
        "buildingPermitStatus": "SUBMITTED",
        "disputeStatus": "NONE"
      }
    },
    {
      "type": "Feature",
      "geometry": {
        "type": "Polygon",
        "coordinates": [
          [
            [
              83.2505,
              17.6904
            ],
            [
              83.252,
              17.6904
            ],
            [
              83.252,
              17.6917
            ],
            [
              83.2505,
              17.6917
            ],
            [
              83.2505,
              17.6904
            ]
          ]
        ]
      },
      "properties": {
        "ulpin": "AP-VSKP-000066",
        "surveyNumber": "166/2C",
        "stateCode": "AP",
        "district": "Visakhapatnam",
        "mandal": "Demo Mandal",
        "village": "Rushikonda",
        "areaAcres": 2.85,
        "areaSqMeters": 11533.55,
        "landUse": "Commercial",
        "status": "VERIFIED",
        "ownershipVerified": true,
        "registrationStatus": "ACTIVE",
        "mortgageStatus": "NONE",
        "taxStatus": "PAID",
        "buildingPermitStatus": "NONE",
        "disputeStatus": "NONE"
      }
    },
    {
      "type": "Feature",
      "geometry": {
        "type": "Polygon",
        "coordinates": [
          [
            [
              83.25250000000001,
              17.6904
            ],
            [
              83.254,
              17.6904
            ],
            [
              83.254,
              17.6917
            ],
            [
              83.25250000000001,
              17.6917
            ],
            [
              83.25250000000001,
              17.6904
            ]
          ]
        ]
      },
      "properties": {
        "ulpin": "AP-VSKP-000067",
        "surveyNumber": "167/3",
        "stateCode": "AP",
        "district": "Visakhapatnam",
        "mandal": "Demo Mandal",
        "village": "Madhurawada",
        "areaAcres": 3.3,
        "areaSqMeters": 13354.64,
        "landUse": "Agricultural",
        "status": "VERIFIED",
        "ownershipVerified": true,
        "registrationStatus": "ACTIVE",
        "mortgageStatus": "NONE",
        "taxStatus": "PAID",
        "buildingPermitStatus": "NONE",
        "disputeStatus": "NONE"
      }
    },
    {
      "type": "Feature",
      "geometry": {
        "type": "Polygon",
        "coordinates": [
          [
            [
              83.25450000000001,
              17.6904
            ],
            [
              83.256,
              17.6904
            ],
            [
              83.256,
              17.6917
            ],
            [
              83.25450000000001,
              17.6917
            ],
            [
              83.25450000000001,
              17.6904
            ]
          ]
        ]
      },
      "properties": {
        "ulpin": "AP-VSKP-000068",
        "surveyNumber": "168/4A",
        "stateCode": "AP",
        "district": "Visakhapatnam",
        "mandal": "Demo Mandal",
        "village": "Pendurthi",
        "areaAcres": 3.75,
        "areaSqMeters": 15175.73,
        "landUse": "Industrial",
        "status": "VERIFIED",
        "ownershipVerified": true,
        "registrationStatus": "ACTIVE",
        "mortgageStatus": "NONE",
        "taxStatus": "PAID",
        "buildingPermitStatus": "NONE",
        "disputeStatus": "NONE"
      }
    },
    {
      "type": "Feature",
      "geometry": {
        "type": "Polygon",
        "coordinates": [
          [
            [
              83.2565,
              17.6904
            ],
            [
              83.258,
              17.6904
            ],
            [
              83.258,
              17.6917
            ],
            [
              83.2565,
              17.6917
            ],
            [
              83.2565,
              17.6904
            ]
          ]
        ]
      },
      "properties": {
        "ulpin": "AP-VSKP-000069",
        "surveyNumber": "169/5B",
        "stateCode": "AP",
        "district": "Visakhapatnam",
        "mandal": "Demo Mandal",
        "village": "Gajuwaka",
        "areaAcres": 4.2,
        "areaSqMeters": 16996.81,
        "landUse": "Special Zone",
        "status": "DISPUTED",
        "ownershipVerified": true,
        "registrationStatus": "ACTIVE",
        "mortgageStatus": "NONE",
        "taxStatus": "PAID",
        "buildingPermitStatus": "NONE",
        "disputeStatus": "ACTIVE_DISPUTE"
      }
    },
    {
      "type": "Feature",
      "geometry": {
        "type": "Polygon",
        "coordinates": [
          [
            [
              83.25850000000001,
              17.6904
            ],
            [
              83.26,
              17.6904
            ],
            [
              83.26,
              17.6917
            ],
            [
              83.25850000000001,
              17.6917
            ],
            [
              83.25850000000001,
              17.6904
            ]
          ]
        ]
      },
      "properties": {
        "ulpin": "AP-VSKP-000070",
        "surveyNumber": "170/1C",
        "stateCode": "AP",
        "district": "Visakhapatnam",
        "mandal": "Demo Mandal",
        "village": "Bhoomi Village",
        "areaAcres": 1.5,
        "areaSqMeters": 6070.29,
        "landUse": "Residential",
        "status": "VERIFIED",
        "ownershipVerified": true,
        "registrationStatus": "ACTIVE",
        "mortgageStatus": "ACTIVE_MORTGAGE",
        "taxStatus": "PENDING",
        "buildingPermitStatus": "APPROVED",
        "disputeStatus": "NONE"
      }
    },
    {
      "type": "Feature",
      "geometry": {
        "type": "Polygon",
        "coordinates": [
          [
            [
              83.26050000000001,
              17.6904
            ],
            [
              83.262,
              17.6904
            ],
            [
              83.262,
              17.6917
            ],
            [
              83.26050000000001,
              17.6917
            ],
            [
              83.26050000000001,
              17.6904
            ]
          ]
        ]
      },
      "properties": {
        "ulpin": "AP-VSKP-000071",
        "surveyNumber": "171/2",
        "stateCode": "AP",
        "district": "Visakhapatnam",
        "mandal": "Demo Mandal",
        "village": "Rushikonda",
        "areaAcres": 1.95,
        "areaSqMeters": 7891.38,
        "landUse": "Residential",
        "status": "VERIFIED",
        "ownershipVerified": true,
        "registrationStatus": "ACTIVE",
        "mortgageStatus": "NONE",
        "taxStatus": "PAID",
        "buildingPermitStatus": "SUBMITTED",
        "disputeStatus": "NONE"
      }
    },
    {
      "type": "Feature",
      "geometry": {
        "type": "Polygon",
        "coordinates": [
          [
            [
              83.2625,
              17.6904
            ],
            [
              83.264,
              17.6904
            ],
            [
              83.264,
              17.6917
            ],
            [
              83.2625,
              17.6917
            ],
            [
              83.2625,
              17.6904
            ]
          ]
        ]
      },
      "properties": {
        "ulpin": "AP-VSKP-000072",
        "surveyNumber": "172/3A",
        "stateCode": "AP",
        "district": "Visakhapatnam",
        "mandal": "Demo Mandal",
        "village": "Madhurawada",
        "areaAcres": 2.4,
        "areaSqMeters": 9712.46,
        "landUse": "Residential",
        "status": "PENDING_VERIFICATION",
        "ownershipVerified": false,
        "registrationStatus": "ACTIVE",
        "mortgageStatus": "NONE",
        "taxStatus": "PAID",
        "buildingPermitStatus": "APPROVED",
        "disputeStatus": "NONE"
      }
    },
    {
      "type": "Feature",
      "geometry": {
        "type": "Polygon",
        "coordinates": [
          [
            [
              83.26450000000001,
              17.6904
            ],
            [
              83.266,
              17.6904
            ],
            [
              83.266,
              17.6917
            ],
            [
              83.26450000000001,
              17.6917
            ],
            [
              83.26450000000001,
              17.6904
            ]
          ]
        ]
      },
      "properties": {
        "ulpin": "AP-VSKP-000073",
        "surveyNumber": "173/4B",
        "stateCode": "AP",
        "district": "Visakhapatnam",
        "mandal": "Demo Mandal",
        "village": "Pendurthi",
        "areaAcres": 2.85,
        "areaSqMeters": 11533.55,
        "landUse": "Commercial",
        "status": "VERIFIED",
        "ownershipVerified": true,
        "registrationStatus": "ACTIVE",
        "mortgageStatus": "NONE",
        "taxStatus": "PAID",
        "buildingPermitStatus": "NONE",
        "disputeStatus": "NONE"
      }
    },
    {
      "type": "Feature",
      "geometry": {
        "type": "Polygon",
        "coordinates": [
          [
            [
              83.26650000000001,
              17.6904
            ],
            [
              83.268,
              17.6904
            ],
            [
              83.268,
              17.6917
            ],
            [
              83.26650000000001,
              17.6917
            ],
            [
              83.26650000000001,
              17.6904
            ]
          ]
        ]
      },
      "properties": {
        "ulpin": "AP-VSKP-000074",
        "surveyNumber": "174/5C",
        "stateCode": "AP",
        "district": "Visakhapatnam",
        "mandal": "Demo Mandal",
        "village": "Gajuwaka",
        "areaAcres": 3.3,
        "areaSqMeters": 13354.64,
        "landUse": "Agricultural",
        "status": "VERIFIED",
        "ownershipVerified": true,
        "registrationStatus": "ACTIVE",
        "mortgageStatus": "NONE",
        "taxStatus": "PAID",
        "buildingPermitStatus": "NONE",
        "disputeStatus": "NONE"
      }
    },
    {
      "type": "Feature",
      "geometry": {
        "type": "Polygon",
        "coordinates": [
          [
            [
              83.2185,
              17.692200000000003
            ],
            [
              83.22,
              17.692200000000003
            ],
            [
              83.22,
              17.693500000000004
            ],
            [
              83.2185,
              17.693500000000004
            ],
            [
              83.2185,
              17.692200000000003
            ]
          ]
        ]
      },
      "properties": {
        "ulpin": "AP-VSKP-000075",
        "surveyNumber": "175/1",
        "stateCode": "AP",
        "district": "Visakhapatnam",
        "mandal": "Demo Mandal",
        "village": "Bhoomi Village",
        "areaAcres": 3.75,
        "areaSqMeters": 15175.73,
        "landUse": "Industrial",
        "status": "VERIFIED",
        "ownershipVerified": true,
        "registrationStatus": "ACTIVE",
        "mortgageStatus": "NONE",
        "taxStatus": "PENDING",
        "buildingPermitStatus": "NONE",
        "disputeStatus": "NONE"
      }
    },
    {
      "type": "Feature",
      "geometry": {
        "type": "Polygon",
        "coordinates": [
          [
            [
              83.2205,
              17.692200000000003
            ],
            [
              83.222,
              17.692200000000003
            ],
            [
              83.222,
              17.693500000000004
            ],
            [
              83.2205,
              17.693500000000004
            ],
            [
              83.2205,
              17.692200000000003
            ]
          ]
        ]
      },
      "properties": {
        "ulpin": "AP-VSKP-000076",
        "surveyNumber": "176/2A",
        "stateCode": "AP",
        "district": "Visakhapatnam",
        "mandal": "Demo Mandal",
        "village": "Rushikonda",
        "areaAcres": 4.2,
        "areaSqMeters": 16996.81,
        "landUse": "Special Zone",
        "status": "VERIFIED",
        "ownershipVerified": true,
        "registrationStatus": "ACTIVE",
        "mortgageStatus": "NONE",
        "taxStatus": "PAID",
        "buildingPermitStatus": "NONE",
        "disputeStatus": "NONE"
      }
    },
    {
      "type": "Feature",
      "geometry": {
        "type": "Polygon",
        "coordinates": [
          [
            [
              83.22250000000001,
              17.692200000000003
            ],
            [
              83.224,
              17.692200000000003
            ],
            [
              83.224,
              17.693500000000004
            ],
            [
              83.22250000000001,
              17.693500000000004
            ],
            [
              83.22250000000001,
              17.692200000000003
            ]
          ]
        ]
      },
      "properties": {
        "ulpin": "AP-VSKP-000077",
        "surveyNumber": "177/3B",
        "stateCode": "AP",
        "district": "Visakhapatnam",
        "mandal": "Demo Mandal",
        "village": "Madhurawada",
        "areaAcres": 1.5,
        "areaSqMeters": 6070.29,
        "landUse": "Residential",
        "status": "VERIFIED",
        "ownershipVerified": true,
        "registrationStatus": "ACTIVE",
        "mortgageStatus": "ACTIVE_MORTGAGE",
        "taxStatus": "PAID",
        "buildingPermitStatus": "SUBMITTED",
        "disputeStatus": "NONE"
      }
    },
    {
      "type": "Feature",
      "geometry": {
        "type": "Polygon",
        "coordinates": [
          [
            [
              83.2245,
              17.692200000000003
            ],
            [
              83.226,
              17.692200000000003
            ],
            [
              83.226,
              17.693500000000004
            ],
            [
              83.2245,
              17.693500000000004
            ],
            [
              83.2245,
              17.692200000000003
            ]
          ]
        ]
      },
      "properties": {
        "ulpin": "AP-VSKP-000078",
        "surveyNumber": "178/4C",
        "stateCode": "AP",
        "district": "Visakhapatnam",
        "mandal": "Demo Mandal",
        "village": "Pendurthi",
        "areaAcres": 1.95,
        "areaSqMeters": 7891.38,
        "landUse": "Residential",
        "status": "VERIFIED",
        "ownershipVerified": true,
        "registrationStatus": "ACTIVE",
        "mortgageStatus": "NONE",
        "taxStatus": "PAID",
        "buildingPermitStatus": "APPROVED",
        "disputeStatus": "NONE"
      }
    },
    {
      "type": "Feature",
      "geometry": {
        "type": "Polygon",
        "coordinates": [
          [
            [
              83.2265,
              17.692200000000003
            ],
            [
              83.228,
              17.692200000000003
            ],
            [
              83.228,
              17.693500000000004
            ],
            [
              83.2265,
              17.693500000000004
            ],
            [
              83.2265,
              17.692200000000003
            ]
          ]
        ]
      },
      "properties": {
        "ulpin": "AP-VSKP-000079",
        "surveyNumber": "179/5",
        "stateCode": "AP",
        "district": "Visakhapatnam",
        "mandal": "Demo Mandal",
        "village": "Gajuwaka",
        "areaAcres": 2.4,
        "areaSqMeters": 9712.46,
        "landUse": "Residential",
        "status": "VERIFIED",
        "ownershipVerified": true,
        "registrationStatus": "ACTIVE",
        "mortgageStatus": "NONE",
        "taxStatus": "PAID",
        "buildingPermitStatus": "SUBMITTED",
        "disputeStatus": "NONE"
      }
    },
    {
      "type": "Feature",
      "geometry": {
        "type": "Polygon",
        "coordinates": [
          [
            [
              83.22850000000001,
              17.692200000000003
            ],
            [
              83.23,
              17.692200000000003
            ],
            [
              83.23,
              17.693500000000004
            ],
            [
              83.22850000000001,
              17.693500000000004
            ],
            [
              83.22850000000001,
              17.692200000000003
            ]
          ]
        ]
      },
      "properties": {
        "ulpin": "AP-VSKP-000080",
        "surveyNumber": "100/1A",
        "stateCode": "AP",
        "district": "Visakhapatnam",
        "mandal": "Demo Mandal",
        "village": "Bhoomi Village",
        "areaAcres": 2.85,
        "areaSqMeters": 11533.55,
        "landUse": "Commercial",
        "status": "VERIFIED",
        "ownershipVerified": true,
        "registrationStatus": "ACTIVE",
        "mortgageStatus": "NONE",
        "taxStatus": "PENDING",
        "buildingPermitStatus": "NONE",
        "disputeStatus": "NONE"
      }
    },
    {
      "type": "Feature",
      "geometry": {
        "type": "Polygon",
        "coordinates": [
          [
            [
              83.2305,
              17.692200000000003
            ],
            [
              83.232,
              17.692200000000003
            ],
            [
              83.232,
              17.693500000000004
            ],
            [
              83.2305,
              17.693500000000004
            ],
            [
              83.2305,
              17.692200000000003
            ]
          ]
        ]
      },
      "properties": {
        "ulpin": "AP-VSKP-000081",
        "surveyNumber": "101/2B",
        "stateCode": "AP",
        "district": "Visakhapatnam",
        "mandal": "Demo Mandal",
        "village": "Rushikonda",
        "areaAcres": 3.3,
        "areaSqMeters": 13354.64,
        "landUse": "Agricultural",
        "status": "PENDING_VERIFICATION",
        "ownershipVerified": false,
        "registrationStatus": "ACTIVE",
        "mortgageStatus": "NONE",
        "taxStatus": "PAID",
        "buildingPermitStatus": "NONE",
        "disputeStatus": "NONE"
      }
    },
    {
      "type": "Feature",
      "geometry": {
        "type": "Polygon",
        "coordinates": [
          [
            [
              83.2325,
              17.692200000000003
            ],
            [
              83.234,
              17.692200000000003
            ],
            [
              83.234,
              17.693500000000004
            ],
            [
              83.2325,
              17.693500000000004
            ],
            [
              83.2325,
              17.692200000000003
            ]
          ]
        ]
      },
      "properties": {
        "ulpin": "AP-VSKP-000082",
        "surveyNumber": "102/3C",
        "stateCode": "AP",
        "district": "Visakhapatnam",
        "mandal": "Demo Mandal",
        "village": "Madhurawada",
        "areaAcres": 3.75,
        "areaSqMeters": 15175.73,
        "landUse": "Industrial",
        "status": "VERIFIED",
        "ownershipVerified": true,
        "registrationStatus": "ACTIVE",
        "mortgageStatus": "NONE",
        "taxStatus": "PAID",
        "buildingPermitStatus": "NONE",
        "disputeStatus": "NONE"
      }
    },
    {
      "type": "Feature",
      "geometry": {
        "type": "Polygon",
        "coordinates": [
          [
            [
              83.23450000000001,
              17.692200000000003
            ],
            [
              83.236,
              17.692200000000003
            ],
            [
              83.236,
              17.693500000000004
            ],
            [
              83.23450000000001,
              17.693500000000004
            ],
            [
              83.23450000000001,
              17.692200000000003
            ]
          ]
        ]
      },
      "properties": {
        "ulpin": "AP-VSKP-000083",
        "surveyNumber": "103/4",
        "stateCode": "AP",
        "district": "Visakhapatnam",
        "mandal": "Demo Mandal",
        "village": "Pendurthi",
        "areaAcres": 4.2,
        "areaSqMeters": 16996.81,
        "landUse": "Special Zone",
        "status": "VERIFIED",
        "ownershipVerified": true,
        "registrationStatus": "ACTIVE",
        "mortgageStatus": "NONE",
        "taxStatus": "PAID",
        "buildingPermitStatus": "NONE",
        "disputeStatus": "NONE"
      }
    },
    {
      "type": "Feature",
      "geometry": {
        "type": "Polygon",
        "coordinates": [
          [
            [
              83.2365,
              17.692200000000003
            ],
            [
              83.238,
              17.692200000000003
            ],
            [
              83.238,
              17.693500000000004
            ],
            [
              83.2365,
              17.693500000000004
            ],
            [
              83.2365,
              17.692200000000003
            ]
          ]
        ]
      },
      "properties": {
        "ulpin": "AP-VSKP-000084",
        "surveyNumber": "104/5A",
        "stateCode": "AP",
        "district": "Visakhapatnam",
        "mandal": "Demo Mandal",
        "village": "Gajuwaka",
        "areaAcres": 1.5,
        "areaSqMeters": 6070.29,
        "landUse": "Residential",
        "status": "VERIFIED",
        "ownershipVerified": true,
        "registrationStatus": "ACTIVE",
        "mortgageStatus": "ACTIVE_MORTGAGE",
        "taxStatus": "PAID",
        "buildingPermitStatus": "APPROVED",
        "disputeStatus": "NONE"
      }
    },
    {
      "type": "Feature",
      "geometry": {
        "type": "Polygon",
        "coordinates": [
          [
            [
              83.2385,
              17.692200000000003
            ],
            [
              83.24,
              17.692200000000003
            ],
            [
              83.24,
              17.693500000000004
            ],
            [
              83.2385,
              17.693500000000004
            ],
            [
              83.2385,
              17.692200000000003
            ]
          ]
        ]
      },
      "properties": {
        "ulpin": "AP-VSKP-000085",
        "surveyNumber": "105/1B",
        "stateCode": "AP",
        "district": "Visakhapatnam",
        "mandal": "Demo Mandal",
        "village": "Bhoomi Village",
        "areaAcres": 1.95,
        "areaSqMeters": 7891.38,
        "landUse": "Residential",
        "status": "VERIFIED",
        "ownershipVerified": true,
        "registrationStatus": "ACTIVE",
        "mortgageStatus": "NONE",
        "taxStatus": "PENDING",
        "buildingPermitStatus": "SUBMITTED",
        "disputeStatus": "NONE"
      }
    },
    {
      "type": "Feature",
      "geometry": {
        "type": "Polygon",
        "coordinates": [
          [
            [
              83.24050000000001,
              17.692200000000003
            ],
            [
              83.242,
              17.692200000000003
            ],
            [
              83.242,
              17.693500000000004
            ],
            [
              83.24050000000001,
              17.693500000000004
            ],
            [
              83.24050000000001,
              17.692200000000003
            ]
          ]
        ]
      },
      "properties": {
        "ulpin": "AP-VSKP-000086",
        "surveyNumber": "106/2C",
        "stateCode": "AP",
        "district": "Visakhapatnam",
        "mandal": "Demo Mandal",
        "village": "Rushikonda",
        "areaAcres": 2.4,
        "areaSqMeters": 9712.46,
        "landUse": "Residential",
        "status": "VERIFIED",
        "ownershipVerified": true,
        "registrationStatus": "ACTIVE",
        "mortgageStatus": "NONE",
        "taxStatus": "PAID",
        "buildingPermitStatus": "APPROVED",
        "disputeStatus": "NONE"
      }
    },
    {
      "type": "Feature",
      "geometry": {
        "type": "Polygon",
        "coordinates": [
          [
            [
              83.2425,
              17.692200000000003
            ],
            [
              83.244,
              17.692200000000003
            ],
            [
              83.244,
              17.693500000000004
            ],
            [
              83.2425,
              17.693500000000004
            ],
            [
              83.2425,
              17.692200000000003
            ]
          ]
        ]
      },
      "properties": {
        "ulpin": "AP-VSKP-000087",
        "surveyNumber": "107/3",
        "stateCode": "AP",
        "district": "Visakhapatnam",
        "mandal": "Demo Mandal",
        "village": "Madhurawada",
        "areaAcres": 2.85,
        "areaSqMeters": 11533.55,
        "landUse": "Commercial",
        "status": "VERIFIED",
        "ownershipVerified": true,
        "registrationStatus": "ACTIVE",
        "mortgageStatus": "NONE",
        "taxStatus": "PAID",
        "buildingPermitStatus": "NONE",
        "disputeStatus": "NONE"
      }
    },
    {
      "type": "Feature",
      "geometry": {
        "type": "Polygon",
        "coordinates": [
          [
            [
              83.2445,
              17.692200000000003
            ],
            [
              83.246,
              17.692200000000003
            ],
            [
              83.246,
              17.693500000000004
            ],
            [
              83.2445,
              17.693500000000004
            ],
            [
              83.2445,
              17.692200000000003
            ]
          ]
        ]
      },
      "properties": {
        "ulpin": "AP-VSKP-000088",
        "surveyNumber": "108/4A",
        "stateCode": "AP",
        "district": "Visakhapatnam",
        "mandal": "Demo Mandal",
        "village": "Pendurthi",
        "areaAcres": 3.3,
        "areaSqMeters": 13354.64,
        "landUse": "Agricultural",
        "status": "VERIFIED",
        "ownershipVerified": true,
        "registrationStatus": "ACTIVE",
        "mortgageStatus": "NONE",
        "taxStatus": "PAID",
        "buildingPermitStatus": "NONE",
        "disputeStatus": "NONE"
      }
    },
    {
      "type": "Feature",
      "geometry": {
        "type": "Polygon",
        "coordinates": [
          [
            [
              83.24650000000001,
              17.692200000000003
            ],
            [
              83.248,
              17.692200000000003
            ],
            [
              83.248,
              17.693500000000004
            ],
            [
              83.24650000000001,
              17.693500000000004
            ],
            [
              83.24650000000001,
              17.692200000000003
            ]
          ]
        ]
      },
      "properties": {
        "ulpin": "AP-VSKP-000089",
        "surveyNumber": "109/5B",
        "stateCode": "AP",
        "district": "Visakhapatnam",
        "mandal": "Demo Mandal",
        "village": "Gajuwaka",
        "areaAcres": 3.75,
        "areaSqMeters": 15175.73,
        "landUse": "Industrial",
        "status": "VERIFIED",
        "ownershipVerified": true,
        "registrationStatus": "ACTIVE",
        "mortgageStatus": "NONE",
        "taxStatus": "PAID",
        "buildingPermitStatus": "NONE",
        "disputeStatus": "NONE"
      }
    },
    {
      "type": "Feature",
      "geometry": {
        "type": "Polygon",
        "coordinates": [
          [
            [
              83.2485,
              17.692200000000003
            ],
            [
              83.25,
              17.692200000000003
            ],
            [
              83.25,
              17.693500000000004
            ],
            [
              83.2485,
              17.693500000000004
            ],
            [
              83.2485,
              17.692200000000003
            ]
          ]
        ]
      },
      "properties": {
        "ulpin": "AP-VSKP-000090",
        "surveyNumber": "110/1C",
        "stateCode": "AP",
        "district": "Visakhapatnam",
        "mandal": "Demo Mandal",
        "village": "Bhoomi Village",
        "areaAcres": 4.2,
        "areaSqMeters": 16996.81,
        "landUse": "Special Zone",
        "status": "PENDING_VERIFICATION",
        "ownershipVerified": false,
        "registrationStatus": "ACTIVE",
        "mortgageStatus": "NONE",
        "taxStatus": "PENDING",
        "buildingPermitStatus": "NONE",
        "disputeStatus": "NONE"
      }
    },
    {
      "type": "Feature",
      "geometry": {
        "type": "Polygon",
        "coordinates": [
          [
            [
              83.2505,
              17.692200000000003
            ],
            [
              83.252,
              17.692200000000003
            ],
            [
              83.252,
              17.693500000000004
            ],
            [
              83.2505,
              17.693500000000004
            ],
            [
              83.2505,
              17.692200000000003
            ]
          ]
        ]
      },
      "properties": {
        "ulpin": "AP-VSKP-000091",
        "surveyNumber": "111/2",
        "stateCode": "AP",
        "district": "Visakhapatnam",
        "mandal": "Demo Mandal",
        "village": "Rushikonda",
        "areaAcres": 1.5,
        "areaSqMeters": 6070.29,
        "landUse": "Residential",
        "status": "VERIFIED",
        "ownershipVerified": true,
        "registrationStatus": "ACTIVE",
        "mortgageStatus": "ACTIVE_MORTGAGE",
        "taxStatus": "PAID",
        "buildingPermitStatus": "SUBMITTED",
        "disputeStatus": "NONE"
      }
    },
    {
      "type": "Feature",
      "geometry": {
        "type": "Polygon",
        "coordinates": [
          [
            [
              83.25250000000001,
              17.692200000000003
            ],
            [
              83.254,
              17.692200000000003
            ],
            [
              83.254,
              17.693500000000004
            ],
            [
              83.25250000000001,
              17.693500000000004
            ],
            [
              83.25250000000001,
              17.692200000000003
            ]
          ]
        ]
      },
      "properties": {
        "ulpin": "AP-VSKP-000092",
        "surveyNumber": "112/3A",
        "stateCode": "AP",
        "district": "Visakhapatnam",
        "mandal": "Demo Mandal",
        "village": "Madhurawada",
        "areaAcres": 1.95,
        "areaSqMeters": 7891.38,
        "landUse": "Residential",
        "status": "DISPUTED",
        "ownershipVerified": true,
        "registrationStatus": "ACTIVE",
        "mortgageStatus": "NONE",
        "taxStatus": "PAID",
        "buildingPermitStatus": "APPROVED",
        "disputeStatus": "ACTIVE_DISPUTE"
      }
    },
    {
      "type": "Feature",
      "geometry": {
        "type": "Polygon",
        "coordinates": [
          [
            [
              83.25450000000001,
              17.692200000000003
            ],
            [
              83.256,
              17.692200000000003
            ],
            [
              83.256,
              17.693500000000004
            ],
            [
              83.25450000000001,
              17.693500000000004
            ],
            [
              83.25450000000001,
              17.692200000000003
            ]
          ]
        ]
      },
      "properties": {
        "ulpin": "AP-VSKP-000093",
        "surveyNumber": "113/4B",
        "stateCode": "AP",
        "district": "Visakhapatnam",
        "mandal": "Demo Mandal",
        "village": "Pendurthi",
        "areaAcres": 2.4,
        "areaSqMeters": 9712.46,
        "landUse": "Residential",
        "status": "VERIFIED",
        "ownershipVerified": true,
        "registrationStatus": "ACTIVE",
        "mortgageStatus": "NONE",
        "taxStatus": "PAID",
        "buildingPermitStatus": "SUBMITTED",
        "disputeStatus": "NONE"
      }
    },
    {
      "type": "Feature",
      "geometry": {
        "type": "Polygon",
        "coordinates": [
          [
            [
              83.2565,
              17.692200000000003
            ],
            [
              83.258,
              17.692200000000003
            ],
            [
              83.258,
              17.693500000000004
            ],
            [
              83.2565,
              17.693500000000004
            ],
            [
              83.2565,
              17.692200000000003
            ]
          ]
        ]
      },
      "properties": {
        "ulpin": "AP-VSKP-000094",
        "surveyNumber": "114/5C",
        "stateCode": "AP",
        "district": "Visakhapatnam",
        "mandal": "Demo Mandal",
        "village": "Gajuwaka",
        "areaAcres": 2.85,
        "areaSqMeters": 11533.55,
        "landUse": "Commercial",
        "status": "VERIFIED",
        "ownershipVerified": true,
        "registrationStatus": "ACTIVE",
        "mortgageStatus": "NONE",
        "taxStatus": "PAID",
        "buildingPermitStatus": "NONE",
        "disputeStatus": "NONE"
      }
    },
    {
      "type": "Feature",
      "geometry": {
        "type": "Polygon",
        "coordinates": [
          [
            [
              83.25850000000001,
              17.692200000000003
            ],
            [
              83.26,
              17.692200000000003
            ],
            [
              83.26,
              17.693500000000004
            ],
            [
              83.25850000000001,
              17.693500000000004
            ],
            [
              83.25850000000001,
              17.692200000000003
            ]
          ]
        ]
      },
      "properties": {
        "ulpin": "AP-VSKP-000095",
        "surveyNumber": "115/1",
        "stateCode": "AP",
        "district": "Visakhapatnam",
        "mandal": "Demo Mandal",
        "village": "Bhoomi Village",
        "areaAcres": 3.3,
        "areaSqMeters": 13354.64,
        "landUse": "Agricultural",
        "status": "VERIFIED",
        "ownershipVerified": true,
        "registrationStatus": "ACTIVE",
        "mortgageStatus": "NONE",
        "taxStatus": "PENDING",
        "buildingPermitStatus": "NONE",
        "disputeStatus": "NONE"
      }
    },
    {
      "type": "Feature",
      "geometry": {
        "type": "Polygon",
        "coordinates": [
          [
            [
              83.26050000000001,
              17.692200000000003
            ],
            [
              83.262,
              17.692200000000003
            ],
            [
              83.262,
              17.693500000000004
            ],
            [
              83.26050000000001,
              17.693500000000004
            ],
            [
              83.26050000000001,
              17.692200000000003
            ]
          ]
        ]
      },
      "properties": {
        "ulpin": "AP-VSKP-000096",
        "surveyNumber": "116/2A",
        "stateCode": "AP",
        "district": "Visakhapatnam",
        "mandal": "Demo Mandal",
        "village": "Rushikonda",
        "areaAcres": 3.75,
        "areaSqMeters": 15175.73,
        "landUse": "Industrial",
        "status": "VERIFIED",
        "ownershipVerified": true,
        "registrationStatus": "ACTIVE",
        "mortgageStatus": "NONE",
        "taxStatus": "PAID",
        "buildingPermitStatus": "NONE",
        "disputeStatus": "NONE"
      }
    },
    {
      "type": "Feature",
      "geometry": {
        "type": "Polygon",
        "coordinates": [
          [
            [
              83.2625,
              17.692200000000003
            ],
            [
              83.264,
              17.692200000000003
            ],
            [
              83.264,
              17.693500000000004
            ],
            [
              83.2625,
              17.693500000000004
            ],
            [
              83.2625,
              17.692200000000003
            ]
          ]
        ]
      },
      "properties": {
        "ulpin": "AP-VSKP-000097",
        "surveyNumber": "117/3B",
        "stateCode": "AP",
        "district": "Visakhapatnam",
        "mandal": "Demo Mandal",
        "village": "Madhurawada",
        "areaAcres": 4.2,
        "areaSqMeters": 16996.81,
        "landUse": "Special Zone",
        "status": "VERIFIED",
        "ownershipVerified": true,
        "registrationStatus": "ACTIVE",
        "mortgageStatus": "NONE",
        "taxStatus": "PAID",
        "buildingPermitStatus": "NONE",
        "disputeStatus": "NONE"
      }
    },
    {
      "type": "Feature",
      "geometry": {
        "type": "Polygon",
        "coordinates": [
          [
            [
              83.26450000000001,
              17.692200000000003
            ],
            [
              83.266,
              17.692200000000003
            ],
            [
              83.266,
              17.693500000000004
            ],
            [
              83.26450000000001,
              17.693500000000004
            ],
            [
              83.26450000000001,
              17.692200000000003
            ]
          ]
        ]
      },
      "properties": {
        "ulpin": "AP-VSKP-000098",
        "surveyNumber": "118/4C",
        "stateCode": "AP",
        "district": "Visakhapatnam",
        "mandal": "Demo Mandal",
        "village": "Pendurthi",
        "areaAcres": 1.5,
        "areaSqMeters": 6070.29,
        "landUse": "Residential",
        "status": "VERIFIED",
        "ownershipVerified": true,
        "registrationStatus": "ACTIVE",
        "mortgageStatus": "ACTIVE_MORTGAGE",
        "taxStatus": "PAID",
        "buildingPermitStatus": "APPROVED",
        "disputeStatus": "NONE"
      }
    },
    {
      "type": "Feature",
      "geometry": {
        "type": "Polygon",
        "coordinates": [
          [
            [
              83.26650000000001,
              17.692200000000003
            ],
            [
              83.268,
              17.692200000000003
            ],
            [
              83.268,
              17.693500000000004
            ],
            [
              83.26650000000001,
              17.693500000000004
            ],
            [
              83.26650000000001,
              17.692200000000003
            ]
          ]
        ]
      },
      "properties": {
        "ulpin": "AP-VSKP-000099",
        "surveyNumber": "119/5",
        "stateCode": "AP",
        "district": "Visakhapatnam",
        "mandal": "Demo Mandal",
        "village": "Gajuwaka",
        "areaAcres": 1.95,
        "areaSqMeters": 7891.38,
        "landUse": "Residential",
        "status": "PENDING_VERIFICATION",
        "ownershipVerified": false,
        "registrationStatus": "ACTIVE",
        "mortgageStatus": "NONE",
        "taxStatus": "PAID",
        "buildingPermitStatus": "SUBMITTED",
        "disputeStatus": "NONE"
      }
    },
    {
      "type": "Feature",
      "geometry": {
        "type": "Polygon",
        "coordinates": [
          [
            [
              83.2185,
              17.694000000000003
            ],
            [
              83.22,
              17.694000000000003
            ],
            [
              83.22,
              17.695300000000003
            ],
            [
              83.2185,
              17.695300000000003
            ],
            [
              83.2185,
              17.694000000000003
            ]
          ]
        ]
      },
      "properties": {
        "ulpin": "AP-VSKP-000100",
        "surveyNumber": "120/1A",
        "stateCode": "AP",
        "district": "Visakhapatnam",
        "mandal": "Demo Mandal",
        "village": "Bhoomi Village",
        "areaAcres": 2.4,
        "areaSqMeters": 9712.46,
        "landUse": "Residential",
        "status": "VERIFIED",
        "ownershipVerified": true,
        "registrationStatus": "ACTIVE",
        "mortgageStatus": "NONE",
        "taxStatus": "PENDING",
        "buildingPermitStatus": "APPROVED",
        "disputeStatus": "NONE"
      }
    },
    {
      "type": "Feature",
      "geometry": {
        "type": "Polygon",
        "coordinates": [
          [
            [
              83.2205,
              17.694000000000003
            ],
            [
              83.222,
              17.694000000000003
            ],
            [
              83.222,
              17.695300000000003
            ],
            [
              83.2205,
              17.695300000000003
            ],
            [
              83.2205,
              17.694000000000003
            ]
          ]
        ]
      },
      "properties": {
        "ulpin": "AP-VSKP-000101",
        "surveyNumber": "121/2B",
        "stateCode": "AP",
        "district": "Visakhapatnam",
        "mandal": "Demo Mandal",
        "village": "Rushikonda",
        "areaAcres": 2.85,
        "areaSqMeters": 11533.55,
        "landUse": "Commercial",
        "status": "VERIFIED",
        "ownershipVerified": true,
        "registrationStatus": "ACTIVE",
        "mortgageStatus": "NONE",
        "taxStatus": "PAID",
        "buildingPermitStatus": "NONE",
        "disputeStatus": "NONE"
      }
    },
    {
      "type": "Feature",
      "geometry": {
        "type": "Polygon",
        "coordinates": [
          [
            [
              83.22250000000001,
              17.694000000000003
            ],
            [
              83.224,
              17.694000000000003
            ],
            [
              83.224,
              17.695300000000003
            ],
            [
              83.22250000000001,
              17.695300000000003
            ],
            [
              83.22250000000001,
              17.694000000000003
            ]
          ]
        ]
      },
      "properties": {
        "ulpin": "AP-VSKP-000102",
        "surveyNumber": "122/3C",
        "stateCode": "AP",
        "district": "Visakhapatnam",
        "mandal": "Demo Mandal",
        "village": "Madhurawada",
        "areaAcres": 3.3,
        "areaSqMeters": 13354.64,
        "landUse": "Agricultural",
        "status": "VERIFIED",
        "ownershipVerified": true,
        "registrationStatus": "ACTIVE",
        "mortgageStatus": "NONE",
        "taxStatus": "PAID",
        "buildingPermitStatus": "NONE",
        "disputeStatus": "NONE"
      }
    },
    {
      "type": "Feature",
      "geometry": {
        "type": "Polygon",
        "coordinates": [
          [
            [
              83.2245,
              17.694000000000003
            ],
            [
              83.226,
              17.694000000000003
            ],
            [
              83.226,
              17.695300000000003
            ],
            [
              83.2245,
              17.695300000000003
            ],
            [
              83.2245,
              17.694000000000003
            ]
          ]
        ]
      },
      "properties": {
        "ulpin": "AP-VSKP-000103",
        "surveyNumber": "123/4",
        "stateCode": "AP",
        "district": "Visakhapatnam",
        "mandal": "Demo Mandal",
        "village": "Pendurthi",
        "areaAcres": 3.75,
        "areaSqMeters": 15175.73,
        "landUse": "Industrial",
        "status": "VERIFIED",
        "ownershipVerified": true,
        "registrationStatus": "ACTIVE",
        "mortgageStatus": "NONE",
        "taxStatus": "PAID",
        "buildingPermitStatus": "NONE",
        "disputeStatus": "NONE"
      }
    },
    {
      "type": "Feature",
      "geometry": {
        "type": "Polygon",
        "coordinates": [
          [
            [
              83.2265,
              17.694000000000003
            ],
            [
              83.228,
              17.694000000000003
            ],
            [
              83.228,
              17.695300000000003
            ],
            [
              83.2265,
              17.695300000000003
            ],
            [
              83.2265,
              17.694000000000003
            ]
          ]
        ]
      },
      "properties": {
        "ulpin": "AP-VSKP-000104",
        "surveyNumber": "124/5A",
        "stateCode": "AP",
        "district": "Visakhapatnam",
        "mandal": "Demo Mandal",
        "village": "Gajuwaka",
        "areaAcres": 4.2,
        "areaSqMeters": 16996.81,
        "landUse": "Special Zone",
        "status": "VERIFIED",
        "ownershipVerified": true,
        "registrationStatus": "ACTIVE",
        "mortgageStatus": "NONE",
        "taxStatus": "PAID",
        "buildingPermitStatus": "NONE",
        "disputeStatus": "NONE"
      }
    },
    {
      "type": "Feature",
      "geometry": {
        "type": "Polygon",
        "coordinates": [
          [
            [
              83.22850000000001,
              17.694000000000003
            ],
            [
              83.23,
              17.694000000000003
            ],
            [
              83.23,
              17.695300000000003
            ],
            [
              83.22850000000001,
              17.695300000000003
            ],
            [
              83.22850000000001,
              17.694000000000003
            ]
          ]
        ]
      },
      "properties": {
        "ulpin": "AP-VSKP-000105",
        "surveyNumber": "125/1B",
        "stateCode": "AP",
        "district": "Visakhapatnam",
        "mandal": "Demo Mandal",
        "village": "Bhoomi Village",
        "areaAcres": 1.5,
        "areaSqMeters": 6070.29,
        "landUse": "Residential",
        "status": "VERIFIED",
        "ownershipVerified": true,
        "registrationStatus": "ACTIVE",
        "mortgageStatus": "ACTIVE_MORTGAGE",
        "taxStatus": "PENDING",
        "buildingPermitStatus": "SUBMITTED",
        "disputeStatus": "NONE"
      }
    },
    {
      "type": "Feature",
      "geometry": {
        "type": "Polygon",
        "coordinates": [
          [
            [
              83.2305,
              17.694000000000003
            ],
            [
              83.232,
              17.694000000000003
            ],
            [
              83.232,
              17.695300000000003
            ],
            [
              83.2305,
              17.695300000000003
            ],
            [
              83.2305,
              17.694000000000003
            ]
          ]
        ]
      },
      "properties": {
        "ulpin": "AP-VSKP-000106",
        "surveyNumber": "126/2C",
        "stateCode": "AP",
        "district": "Visakhapatnam",
        "mandal": "Demo Mandal",
        "village": "Rushikonda",
        "areaAcres": 1.95,
        "areaSqMeters": 7891.38,
        "landUse": "Residential",
        "status": "VERIFIED",
        "ownershipVerified": true,
        "registrationStatus": "ACTIVE",
        "mortgageStatus": "NONE",
        "taxStatus": "PAID",
        "buildingPermitStatus": "APPROVED",
        "disputeStatus": "NONE"
      }
    },
    {
      "type": "Feature",
      "geometry": {
        "type": "Polygon",
        "coordinates": [
          [
            [
              83.2325,
              17.694000000000003
            ],
            [
              83.234,
              17.694000000000003
            ],
            [
              83.234,
              17.695300000000003
            ],
            [
              83.2325,
              17.695300000000003
            ],
            [
              83.2325,
              17.694000000000003
            ]
          ]
        ]
      },
      "properties": {
        "ulpin": "AP-VSKP-000107",
        "surveyNumber": "127/3",
        "stateCode": "AP",
        "district": "Visakhapatnam",
        "mandal": "Demo Mandal",
        "village": "Madhurawada",
        "areaAcres": 2.4,
        "areaSqMeters": 9712.46,
        "landUse": "Residential",
        "status": "VERIFIED",
        "ownershipVerified": true,
        "registrationStatus": "ACTIVE",
        "mortgageStatus": "NONE",
        "taxStatus": "PAID",
        "buildingPermitStatus": "SUBMITTED",
        "disputeStatus": "NONE"
      }
    },
    {
      "type": "Feature",
      "geometry": {
        "type": "Polygon",
        "coordinates": [
          [
            [
              83.23450000000001,
              17.694000000000003
            ],
            [
              83.236,
              17.694000000000003
            ],
            [
              83.236,
              17.695300000000003
            ],
            [
              83.23450000000001,
              17.695300000000003
            ],
            [
              83.23450000000001,
              17.694000000000003
            ]
          ]
        ]
      },
      "properties": {
        "ulpin": "AP-VSKP-000108",
        "surveyNumber": "128/4A",
        "stateCode": "AP",
        "district": "Visakhapatnam",
        "mandal": "Demo Mandal",
        "village": "Pendurthi",
        "areaAcres": 2.85,
        "areaSqMeters": 11533.55,
        "landUse": "Commercial",
        "status": "PENDING_VERIFICATION",
        "ownershipVerified": false,
        "registrationStatus": "ACTIVE",
        "mortgageStatus": "NONE",
        "taxStatus": "PAID",
        "buildingPermitStatus": "NONE",
        "disputeStatus": "NONE"
      }
    },
    {
      "type": "Feature",
      "geometry": {
        "type": "Polygon",
        "coordinates": [
          [
            [
              83.2365,
              17.694000000000003
            ],
            [
              83.238,
              17.694000000000003
            ],
            [
              83.238,
              17.695300000000003
            ],
            [
              83.2365,
              17.695300000000003
            ],
            [
              83.2365,
              17.694000000000003
            ]
          ]
        ]
      },
      "properties": {
        "ulpin": "AP-VSKP-000109",
        "surveyNumber": "129/5B",
        "stateCode": "AP",
        "district": "Visakhapatnam",
        "mandal": "Demo Mandal",
        "village": "Gajuwaka",
        "areaAcres": 3.3,
        "areaSqMeters": 13354.64,
        "landUse": "Agricultural",
        "status": "VERIFIED",
        "ownershipVerified": true,
        "registrationStatus": "ACTIVE",
        "mortgageStatus": "NONE",
        "taxStatus": "PAID",
        "buildingPermitStatus": "NONE",
        "disputeStatus": "NONE"
      }
    },
    {
      "type": "Feature",
      "geometry": {
        "type": "Polygon",
        "coordinates": [
          [
            [
              83.2385,
              17.694000000000003
            ],
            [
              83.24,
              17.694000000000003
            ],
            [
              83.24,
              17.695300000000003
            ],
            [
              83.2385,
              17.695300000000003
            ],
            [
              83.2385,
              17.694000000000003
            ]
          ]
        ]
      },
      "properties": {
        "ulpin": "AP-VSKP-000110",
        "surveyNumber": "130/1C",
        "stateCode": "AP",
        "district": "Visakhapatnam",
        "mandal": "Demo Mandal",
        "village": "Bhoomi Village",
        "areaAcres": 3.75,
        "areaSqMeters": 15175.73,
        "landUse": "Industrial",
        "status": "VERIFIED",
        "ownershipVerified": true,
        "registrationStatus": "ACTIVE",
        "mortgageStatus": "NONE",
        "taxStatus": "PENDING",
        "buildingPermitStatus": "NONE",
        "disputeStatus": "NONE"
      }
    },
    {
      "type": "Feature",
      "geometry": {
        "type": "Polygon",
        "coordinates": [
          [
            [
              83.24050000000001,
              17.694000000000003
            ],
            [
              83.242,
              17.694000000000003
            ],
            [
              83.242,
              17.695300000000003
            ],
            [
              83.24050000000001,
              17.695300000000003
            ],
            [
              83.24050000000001,
              17.694000000000003
            ]
          ]
        ]
      },
      "properties": {
        "ulpin": "AP-VSKP-000111",
        "surveyNumber": "131/2",
        "stateCode": "AP",
        "district": "Visakhapatnam",
        "mandal": "Demo Mandal",
        "village": "Rushikonda",
        "areaAcres": 4.2,
        "areaSqMeters": 16996.81,
        "landUse": "Special Zone",
        "status": "VERIFIED",
        "ownershipVerified": true,
        "registrationStatus": "ACTIVE",
        "mortgageStatus": "NONE",
        "taxStatus": "PAID",
        "buildingPermitStatus": "NONE",
        "disputeStatus": "NONE"
      }
    },
    {
      "type": "Feature",
      "geometry": {
        "type": "Polygon",
        "coordinates": [
          [
            [
              83.2425,
              17.694000000000003
            ],
            [
              83.244,
              17.694000000000003
            ],
            [
              83.244,
              17.695300000000003
            ],
            [
              83.2425,
              17.695300000000003
            ],
            [
              83.2425,
              17.694000000000003
            ]
          ]
        ]
      },
      "properties": {
        "ulpin": "AP-VSKP-000112",
        "surveyNumber": "132/3A",
        "stateCode": "AP",
        "district": "Visakhapatnam",
        "mandal": "Demo Mandal",
        "village": "Madhurawada",
        "areaAcres": 1.5,
        "areaSqMeters": 6070.29,
        "landUse": "Residential",
        "status": "VERIFIED",
        "ownershipVerified": true,
        "registrationStatus": "ACTIVE",
        "mortgageStatus": "ACTIVE_MORTGAGE",
        "taxStatus": "PAID",
        "buildingPermitStatus": "APPROVED",
        "disputeStatus": "NONE"
      }
    },
    {
      "type": "Feature",
      "geometry": {
        "type": "Polygon",
        "coordinates": [
          [
            [
              83.2445,
              17.694000000000003
            ],
            [
              83.246,
              17.694000000000003
            ],
            [
              83.246,
              17.695300000000003
            ],
            [
              83.2445,
              17.695300000000003
            ],
            [
              83.2445,
              17.694000000000003
            ]
          ]
        ]
      },
      "properties": {
        "ulpin": "AP-VSKP-000113",
        "surveyNumber": "133/4B",
        "stateCode": "AP",
        "district": "Visakhapatnam",
        "mandal": "Demo Mandal",
        "village": "Pendurthi",
        "areaAcres": 1.95,
        "areaSqMeters": 7891.38,
        "landUse": "Residential",
        "status": "VERIFIED",
        "ownershipVerified": true,
        "registrationStatus": "ACTIVE",
        "mortgageStatus": "NONE",
        "taxStatus": "PAID",
        "buildingPermitStatus": "SUBMITTED",
        "disputeStatus": "NONE"
      }
    },
    {
      "type": "Feature",
      "geometry": {
        "type": "Polygon",
        "coordinates": [
          [
            [
              83.24650000000001,
              17.694000000000003
            ],
            [
              83.248,
              17.694000000000003
            ],
            [
              83.248,
              17.695300000000003
            ],
            [
              83.24650000000001,
              17.695300000000003
            ],
            [
              83.24650000000001,
              17.694000000000003
            ]
          ]
        ]
      },
      "properties": {
        "ulpin": "AP-VSKP-000114",
        "surveyNumber": "134/5C",
        "stateCode": "AP",
        "district": "Visakhapatnam",
        "mandal": "Demo Mandal",
        "village": "Gajuwaka",
        "areaAcres": 2.4,
        "areaSqMeters": 9712.46,
        "landUse": "Residential",
        "status": "VERIFIED",
        "ownershipVerified": true,
        "registrationStatus": "ACTIVE",
        "mortgageStatus": "NONE",
        "taxStatus": "PAID",
        "buildingPermitStatus": "APPROVED",
        "disputeStatus": "NONE"
      }
    },
    {
      "type": "Feature",
      "geometry": {
        "type": "Polygon",
        "coordinates": [
          [
            [
              83.2485,
              17.694000000000003
            ],
            [
              83.25,
              17.694000000000003
            ],
            [
              83.25,
              17.695300000000003
            ],
            [
              83.2485,
              17.695300000000003
            ],
            [
              83.2485,
              17.694000000000003
            ]
          ]
        ]
      },
      "properties": {
        "ulpin": "AP-VSKP-000115",
        "surveyNumber": "135/1",
        "stateCode": "AP",
        "district": "Visakhapatnam",
        "mandal": "Demo Mandal",
        "village": "Bhoomi Village",
        "areaAcres": 2.85,
        "areaSqMeters": 11533.55,
        "landUse": "Commercial",
        "status": "DISPUTED",
        "ownershipVerified": true,
        "registrationStatus": "ACTIVE",
        "mortgageStatus": "NONE",
        "taxStatus": "PENDING",
        "buildingPermitStatus": "NONE",
        "disputeStatus": "ACTIVE_DISPUTE"
      }
    },
    {
      "type": "Feature",
      "geometry": {
        "type": "Polygon",
        "coordinates": [
          [
            [
              83.2505,
              17.694000000000003
            ],
            [
              83.252,
              17.694000000000003
            ],
            [
              83.252,
              17.695300000000003
            ],
            [
              83.2505,
              17.695300000000003
            ],
            [
              83.2505,
              17.694000000000003
            ]
          ]
        ]
      },
      "properties": {
        "ulpin": "AP-VSKP-000116",
        "surveyNumber": "136/2A",
        "stateCode": "AP",
        "district": "Visakhapatnam",
        "mandal": "Demo Mandal",
        "village": "Rushikonda",
        "areaAcres": 3.3,
        "areaSqMeters": 13354.64,
        "landUse": "Agricultural",
        "status": "VERIFIED",
        "ownershipVerified": true,
        "registrationStatus": "ACTIVE",
        "mortgageStatus": "NONE",
        "taxStatus": "PAID",
        "buildingPermitStatus": "NONE",
        "disputeStatus": "NONE"
      }
    },
    {
      "type": "Feature",
      "geometry": {
        "type": "Polygon",
        "coordinates": [
          [
            [
              83.25250000000001,
              17.694000000000003
            ],
            [
              83.254,
              17.694000000000003
            ],
            [
              83.254,
              17.695300000000003
            ],
            [
              83.25250000000001,
              17.695300000000003
            ],
            [
              83.25250000000001,
              17.694000000000003
            ]
          ]
        ]
      },
      "properties": {
        "ulpin": "AP-VSKP-000117",
        "surveyNumber": "137/3B",
        "stateCode": "AP",
        "district": "Visakhapatnam",
        "mandal": "Demo Mandal",
        "village": "Madhurawada",
        "areaAcres": 3.75,
        "areaSqMeters": 15175.73,
        "landUse": "Industrial",
        "status": "PENDING_VERIFICATION",
        "ownershipVerified": false,
        "registrationStatus": "ACTIVE",
        "mortgageStatus": "NONE",
        "taxStatus": "PAID",
        "buildingPermitStatus": "NONE",
        "disputeStatus": "NONE"
      }
    },
    {
      "type": "Feature",
      "geometry": {
        "type": "Polygon",
        "coordinates": [
          [
            [
              83.25450000000001,
              17.694000000000003
            ],
            [
              83.256,
              17.694000000000003
            ],
            [
              83.256,
              17.695300000000003
            ],
            [
              83.25450000000001,
              17.695300000000003
            ],
            [
              83.25450000000001,
              17.694000000000003
            ]
          ]
        ]
      },
      "properties": {
        "ulpin": "AP-VSKP-000118",
        "surveyNumber": "138/4C",
        "stateCode": "AP",
        "district": "Visakhapatnam",
        "mandal": "Demo Mandal",
        "village": "Pendurthi",
        "areaAcres": 4.2,
        "areaSqMeters": 16996.81,
        "landUse": "Special Zone",
        "status": "VERIFIED",
        "ownershipVerified": true,
        "registrationStatus": "ACTIVE",
        "mortgageStatus": "NONE",
        "taxStatus": "PAID",
        "buildingPermitStatus": "NONE",
        "disputeStatus": "NONE"
      }
    },
    {
      "type": "Feature",
      "geometry": {
        "type": "Polygon",
        "coordinates": [
          [
            [
              83.2565,
              17.694000000000003
            ],
            [
              83.258,
              17.694000000000003
            ],
            [
              83.258,
              17.695300000000003
            ],
            [
              83.2565,
              17.695300000000003
            ],
            [
              83.2565,
              17.694000000000003
            ]
          ]
        ]
      },
      "properties": {
        "ulpin": "AP-VSKP-000119",
        "surveyNumber": "139/5",
        "stateCode": "AP",
        "district": "Visakhapatnam",
        "mandal": "Demo Mandal",
        "village": "Gajuwaka",
        "areaAcres": 1.5,
        "areaSqMeters": 6070.29,
        "landUse": "Residential",
        "status": "VERIFIED",
        "ownershipVerified": true,
        "registrationStatus": "ACTIVE",
        "mortgageStatus": "ACTIVE_MORTGAGE",
        "taxStatus": "PAID",
        "buildingPermitStatus": "SUBMITTED",
        "disputeStatus": "NONE"
      }
    },
    {
      "type": "Feature",
      "geometry": {
        "type": "Polygon",
        "coordinates": [
          [
            [
              83.25850000000001,
              17.694000000000003
            ],
            [
              83.26,
              17.694000000000003
            ],
            [
              83.26,
              17.695300000000003
            ],
            [
              83.25850000000001,
              17.695300000000003
            ],
            [
              83.25850000000001,
              17.694000000000003
            ]
          ]
        ]
      },
      "properties": {
        "ulpin": "AP-VSKP-000120",
        "surveyNumber": "140/1A",
        "stateCode": "AP",
        "district": "Visakhapatnam",
        "mandal": "Demo Mandal",
        "village": "Bhoomi Village",
        "areaAcres": 1.95,
        "areaSqMeters": 7891.38,
        "landUse": "Residential",
        "status": "VERIFIED",
        "ownershipVerified": true,
        "registrationStatus": "ACTIVE",
        "mortgageStatus": "NONE",
        "taxStatus": "PENDING",
        "buildingPermitStatus": "APPROVED",
        "disputeStatus": "NONE"
      }
    },
    {
      "type": "Feature",
      "geometry": {
        "type": "Polygon",
        "coordinates": [
          [
            [
              83.26050000000001,
              17.694000000000003
            ],
            [
              83.262,
              17.694000000000003
            ],
            [
              83.262,
              17.695300000000003
            ],
            [
              83.26050000000001,
              17.695300000000003
            ],
            [
              83.26050000000001,
              17.694000000000003
            ]
          ]
        ]
      },
      "properties": {
        "ulpin": "AP-VSKP-000121",
        "surveyNumber": "141/2B",
        "stateCode": "AP",
        "district": "Visakhapatnam",
        "mandal": "Demo Mandal",
        "village": "Rushikonda",
        "areaAcres": 2.4,
        "areaSqMeters": 9712.46,
        "landUse": "Residential",
        "status": "VERIFIED",
        "ownershipVerified": true,
        "registrationStatus": "ACTIVE",
        "mortgageStatus": "NONE",
        "taxStatus": "PAID",
        "buildingPermitStatus": "SUBMITTED",
        "disputeStatus": "NONE"
      }
    },
    {
      "type": "Feature",
      "geometry": {
        "type": "Polygon",
        "coordinates": [
          [
            [
              83.2625,
              17.694000000000003
            ],
            [
              83.264,
              17.694000000000003
            ],
            [
              83.264,
              17.695300000000003
            ],
            [
              83.2625,
              17.695300000000003
            ],
            [
              83.2625,
              17.694000000000003
            ]
          ]
        ]
      },
      "properties": {
        "ulpin": "AP-VSKP-000122",
        "surveyNumber": "142/3C",
        "stateCode": "AP",
        "district": "Visakhapatnam",
        "mandal": "Demo Mandal",
        "village": "Madhurawada",
        "areaAcres": 2.85,
        "areaSqMeters": 11533.55,
        "landUse": "Commercial",
        "status": "VERIFIED",
        "ownershipVerified": true,
        "registrationStatus": "ACTIVE",
        "mortgageStatus": "NONE",
        "taxStatus": "PAID",
        "buildingPermitStatus": "NONE",
        "disputeStatus": "NONE"
      }
    },
    {
      "type": "Feature",
      "geometry": {
        "type": "Polygon",
        "coordinates": [
          [
            [
              83.26450000000001,
              17.694000000000003
            ],
            [
              83.266,
              17.694000000000003
            ],
            [
              83.266,
              17.695300000000003
            ],
            [
              83.26450000000001,
              17.695300000000003
            ],
            [
              83.26450000000001,
              17.694000000000003
            ]
          ]
        ]
      },
      "properties": {
        "ulpin": "AP-VSKP-000123",
        "surveyNumber": "143/4",
        "stateCode": "AP",
        "district": "Visakhapatnam",
        "mandal": "Demo Mandal",
        "village": "Pendurthi",
        "areaAcres": 3.3,
        "areaSqMeters": 13354.64,
        "landUse": "Agricultural",
        "status": "VERIFIED",
        "ownershipVerified": true,
        "registrationStatus": "ACTIVE",
        "mortgageStatus": "NONE",
        "taxStatus": "PAID",
        "buildingPermitStatus": "NONE",
        "disputeStatus": "NONE"
      }
    },
    {
      "type": "Feature",
      "geometry": {
        "type": "Polygon",
        "coordinates": [
          [
            [
              83.26650000000001,
              17.694000000000003
            ],
            [
              83.268,
              17.694000000000003
            ],
            [
              83.268,
              17.695300000000003
            ],
            [
              83.26650000000001,
              17.695300000000003
            ],
            [
              83.26650000000001,
              17.694000000000003
            ]
          ]
        ]
      },
      "properties": {
        "ulpin": "AP-VSKP-000124",
        "surveyNumber": "144/5A",
        "stateCode": "AP",
        "district": "Visakhapatnam",
        "mandal": "Demo Mandal",
        "village": "Gajuwaka",
        "areaAcres": 3.75,
        "areaSqMeters": 15175.73,
        "landUse": "Industrial",
        "status": "VERIFIED",
        "ownershipVerified": true,
        "registrationStatus": "ACTIVE",
        "mortgageStatus": "NONE",
        "taxStatus": "PAID",
        "buildingPermitStatus": "NONE",
        "disputeStatus": "NONE"
      }
    },
    {
      "type": "Feature",
      "geometry": {
        "type": "Polygon",
        "coordinates": [
          [
            [
              83.2185,
              17.695800000000002
            ],
            [
              83.22,
              17.695800000000002
            ],
            [
              83.22,
              17.697100000000002
            ],
            [
              83.2185,
              17.697100000000002
            ],
            [
              83.2185,
              17.695800000000002
            ]
          ]
        ]
      },
      "properties": {
        "ulpin": "AP-VSKP-000125",
        "surveyNumber": "145/1B",
        "stateCode": "AP",
        "district": "Visakhapatnam",
        "mandal": "Demo Mandal",
        "village": "Bhoomi Village",
        "areaAcres": 4.2,
        "areaSqMeters": 16996.81,
        "landUse": "Special Zone",
        "status": "VERIFIED",
        "ownershipVerified": true,
        "registrationStatus": "ACTIVE",
        "mortgageStatus": "NONE",
        "taxStatus": "PENDING",
        "buildingPermitStatus": "NONE",
        "disputeStatus": "NONE"
      }
    },
    {
      "type": "Feature",
      "geometry": {
        "type": "Polygon",
        "coordinates": [
          [
            [
              83.2205,
              17.695800000000002
            ],
            [
              83.222,
              17.695800000000002
            ],
            [
              83.222,
              17.697100000000002
            ],
            [
              83.2205,
              17.697100000000002
            ],
            [
              83.2205,
              17.695800000000002
            ]
          ]
        ]
      },
      "properties": {
        "ulpin": "AP-VSKP-000126",
        "surveyNumber": "146/2C",
        "stateCode": "AP",
        "district": "Visakhapatnam",
        "mandal": "Demo Mandal",
        "village": "Rushikonda",
        "areaAcres": 1.5,
        "areaSqMeters": 6070.29,
        "landUse": "Residential",
        "status": "PENDING_VERIFICATION",
        "ownershipVerified": false,
        "registrationStatus": "ACTIVE",
        "mortgageStatus": "ACTIVE_MORTGAGE",
        "taxStatus": "PAID",
        "buildingPermitStatus": "APPROVED",
        "disputeStatus": "NONE"
      }
    },
    {
      "type": "Feature",
      "geometry": {
        "type": "Polygon",
        "coordinates": [
          [
            [
              83.22250000000001,
              17.695800000000002
            ],
            [
              83.224,
              17.695800000000002
            ],
            [
              83.224,
              17.697100000000002
            ],
            [
              83.22250000000001,
              17.697100000000002
            ],
            [
              83.22250000000001,
              17.695800000000002
            ]
          ]
        ]
      },
      "properties": {
        "ulpin": "AP-VSKP-000127",
        "surveyNumber": "147/3",
        "stateCode": "AP",
        "district": "Visakhapatnam",
        "mandal": "Demo Mandal",
        "village": "Madhurawada",
        "areaAcres": 1.95,
        "areaSqMeters": 7891.38,
        "landUse": "Residential",
        "status": "VERIFIED",
        "ownershipVerified": true,
        "registrationStatus": "ACTIVE",
        "mortgageStatus": "NONE",
        "taxStatus": "PAID",
        "buildingPermitStatus": "SUBMITTED",
        "disputeStatus": "NONE"
      }
    },
    {
      "type": "Feature",
      "geometry": {
        "type": "Polygon",
        "coordinates": [
          [
            [
              83.2245,
              17.695800000000002
            ],
            [
              83.226,
              17.695800000000002
            ],
            [
              83.226,
              17.697100000000002
            ],
            [
              83.2245,
              17.697100000000002
            ],
            [
              83.2245,
              17.695800000000002
            ]
          ]
        ]
      },
      "properties": {
        "ulpin": "AP-VSKP-000128",
        "surveyNumber": "148/4A",
        "stateCode": "AP",
        "district": "Visakhapatnam",
        "mandal": "Demo Mandal",
        "village": "Pendurthi",
        "areaAcres": 2.4,
        "areaSqMeters": 9712.46,
        "landUse": "Residential",
        "status": "VERIFIED",
        "ownershipVerified": true,
        "registrationStatus": "ACTIVE",
        "mortgageStatus": "NONE",
        "taxStatus": "PAID",
        "buildingPermitStatus": "APPROVED",
        "disputeStatus": "NONE"
      }
    },
    {
      "type": "Feature",
      "geometry": {
        "type": "Polygon",
        "coordinates": [
          [
            [
              83.2265,
              17.695800000000002
            ],
            [
              83.228,
              17.695800000000002
            ],
            [
              83.228,
              17.697100000000002
            ],
            [
              83.2265,
              17.697100000000002
            ],
            [
              83.2265,
              17.695800000000002
            ]
          ]
        ]
      },
      "properties": {
        "ulpin": "AP-VSKP-000129",
        "surveyNumber": "149/5B",
        "stateCode": "AP",
        "district": "Visakhapatnam",
        "mandal": "Demo Mandal",
        "village": "Gajuwaka",
        "areaAcres": 2.85,
        "areaSqMeters": 11533.55,
        "landUse": "Commercial",
        "status": "VERIFIED",
        "ownershipVerified": true,
        "registrationStatus": "ACTIVE",
        "mortgageStatus": "NONE",
        "taxStatus": "PAID",
        "buildingPermitStatus": "NONE",
        "disputeStatus": "NONE"
      }
    },
    {
      "type": "Feature",
      "geometry": {
        "type": "Polygon",
        "coordinates": [
          [
            [
              83.22850000000001,
              17.695800000000002
            ],
            [
              83.23,
              17.695800000000002
            ],
            [
              83.23,
              17.697100000000002
            ],
            [
              83.22850000000001,
              17.697100000000002
            ],
            [
              83.22850000000001,
              17.695800000000002
            ]
          ]
        ]
      },
      "properties": {
        "ulpin": "AP-VSKP-000130",
        "surveyNumber": "150/1C",
        "stateCode": "AP",
        "district": "Visakhapatnam",
        "mandal": "Demo Mandal",
        "village": "Bhoomi Village",
        "areaAcres": 3.3,
        "areaSqMeters": 13354.64,
        "landUse": "Agricultural",
        "status": "VERIFIED",
        "ownershipVerified": true,
        "registrationStatus": "ACTIVE",
        "mortgageStatus": "NONE",
        "taxStatus": "PENDING",
        "buildingPermitStatus": "NONE",
        "disputeStatus": "NONE"
      }
    },
    {
      "type": "Feature",
      "geometry": {
        "type": "Polygon",
        "coordinates": [
          [
            [
              83.2305,
              17.695800000000002
            ],
            [
              83.232,
              17.695800000000002
            ],
            [
              83.232,
              17.697100000000002
            ],
            [
              83.2305,
              17.697100000000002
            ],
            [
              83.2305,
              17.695800000000002
            ]
          ]
        ]
      },
      "properties": {
        "ulpin": "AP-VSKP-000131",
        "surveyNumber": "151/2",
        "stateCode": "AP",
        "district": "Visakhapatnam",
        "mandal": "Demo Mandal",
        "village": "Rushikonda",
        "areaAcres": 3.75,
        "areaSqMeters": 15175.73,
        "landUse": "Industrial",
        "status": "VERIFIED",
        "ownershipVerified": true,
        "registrationStatus": "ACTIVE",
        "mortgageStatus": "NONE",
        "taxStatus": "PAID",
        "buildingPermitStatus": "NONE",
        "disputeStatus": "NONE"
      }
    },
    {
      "type": "Feature",
      "geometry": {
        "type": "Polygon",
        "coordinates": [
          [
            [
              83.2325,
              17.695800000000002
            ],
            [
              83.234,
              17.695800000000002
            ],
            [
              83.234,
              17.697100000000002
            ],
            [
              83.2325,
              17.697100000000002
            ],
            [
              83.2325,
              17.695800000000002
            ]
          ]
        ]
      },
      "properties": {
        "ulpin": "AP-VSKP-000132",
        "surveyNumber": "152/3A",
        "stateCode": "AP",
        "district": "Visakhapatnam",
        "mandal": "Demo Mandal",
        "village": "Madhurawada",
        "areaAcres": 4.2,
        "areaSqMeters": 16996.81,
        "landUse": "Special Zone",
        "status": "VERIFIED",
        "ownershipVerified": true,
        "registrationStatus": "ACTIVE",
        "mortgageStatus": "NONE",
        "taxStatus": "PAID",
        "buildingPermitStatus": "NONE",
        "disputeStatus": "NONE"
      }
    },
    {
      "type": "Feature",
      "geometry": {
        "type": "Polygon",
        "coordinates": [
          [
            [
              83.23450000000001,
              17.695800000000002
            ],
            [
              83.236,
              17.695800000000002
            ],
            [
              83.236,
              17.697100000000002
            ],
            [
              83.23450000000001,
              17.697100000000002
            ],
            [
              83.23450000000001,
              17.695800000000002
            ]
          ]
        ]
      },
      "properties": {
        "ulpin": "AP-VSKP-000133",
        "surveyNumber": "153/4B",
        "stateCode": "AP",
        "district": "Visakhapatnam",
        "mandal": "Demo Mandal",
        "village": "Pendurthi",
        "areaAcres": 1.5,
        "areaSqMeters": 6070.29,
        "landUse": "Residential",
        "status": "VERIFIED",
        "ownershipVerified": true,
        "registrationStatus": "ACTIVE",
        "mortgageStatus": "ACTIVE_MORTGAGE",
        "taxStatus": "PAID",
        "buildingPermitStatus": "SUBMITTED",
        "disputeStatus": "NONE"
      }
    },
    {
      "type": "Feature",
      "geometry": {
        "type": "Polygon",
        "coordinates": [
          [
            [
              83.2365,
              17.695800000000002
            ],
            [
              83.238,
              17.695800000000002
            ],
            [
              83.238,
              17.697100000000002
            ],
            [
              83.2365,
              17.697100000000002
            ],
            [
              83.2365,
              17.695800000000002
            ]
          ]
        ]
      },
      "properties": {
        "ulpin": "AP-VSKP-000134",
        "surveyNumber": "154/5C",
        "stateCode": "AP",
        "district": "Visakhapatnam",
        "mandal": "Demo Mandal",
        "village": "Gajuwaka",
        "areaAcres": 1.95,
        "areaSqMeters": 7891.38,
        "landUse": "Residential",
        "status": "VERIFIED",
        "ownershipVerified": true,
        "registrationStatus": "ACTIVE",
        "mortgageStatus": "NONE",
        "taxStatus": "PAID",
        "buildingPermitStatus": "APPROVED",
        "disputeStatus": "NONE"
      }
    },
    {
      "type": "Feature",
      "geometry": {
        "type": "Polygon",
        "coordinates": [
          [
            [
              83.2385,
              17.695800000000002
            ],
            [
              83.24,
              17.695800000000002
            ],
            [
              83.24,
              17.697100000000002
            ],
            [
              83.2385,
              17.697100000000002
            ],
            [
              83.2385,
              17.695800000000002
            ]
          ]
        ]
      },
      "properties": {
        "ulpin": "AP-VSKP-000135",
        "surveyNumber": "155/1",
        "stateCode": "AP",
        "district": "Visakhapatnam",
        "mandal": "Demo Mandal",
        "village": "Bhoomi Village",
        "areaAcres": 2.4,
        "areaSqMeters": 9712.46,
        "landUse": "Residential",
        "status": "PENDING_VERIFICATION",
        "ownershipVerified": false,
        "registrationStatus": "ACTIVE",
        "mortgageStatus": "NONE",
        "taxStatus": "PENDING",
        "buildingPermitStatus": "SUBMITTED",
        "disputeStatus": "NONE"
      }
    },
    {
      "type": "Feature",
      "geometry": {
        "type": "Polygon",
        "coordinates": [
          [
            [
              83.24050000000001,
              17.695800000000002
            ],
            [
              83.242,
              17.695800000000002
            ],
            [
              83.242,
              17.697100000000002
            ],
            [
              83.24050000000001,
              17.697100000000002
            ],
            [
              83.24050000000001,
              17.695800000000002
            ]
          ]
        ]
      },
      "properties": {
        "ulpin": "AP-VSKP-000136",
        "surveyNumber": "156/2A",
        "stateCode": "AP",
        "district": "Visakhapatnam",
        "mandal": "Demo Mandal",
        "village": "Rushikonda",
        "areaAcres": 2.85,
        "areaSqMeters": 11533.55,
        "landUse": "Commercial",
        "status": "VERIFIED",
        "ownershipVerified": true,
        "registrationStatus": "ACTIVE",
        "mortgageStatus": "NONE",
        "taxStatus": "PAID",
        "buildingPermitStatus": "NONE",
        "disputeStatus": "NONE"
      }
    },
    {
      "type": "Feature",
      "geometry": {
        "type": "Polygon",
        "coordinates": [
          [
            [
              83.2425,
              17.695800000000002
            ],
            [
              83.244,
              17.695800000000002
            ],
            [
              83.244,
              17.697100000000002
            ],
            [
              83.2425,
              17.697100000000002
            ],
            [
              83.2425,
              17.695800000000002
            ]
          ]
        ]
      },
      "properties": {
        "ulpin": "AP-VSKP-000137",
        "surveyNumber": "157/3B",
        "stateCode": "AP",
        "district": "Visakhapatnam",
        "mandal": "Demo Mandal",
        "village": "Madhurawada",
        "areaAcres": 3.3,
        "areaSqMeters": 13354.64,
        "landUse": "Agricultural",
        "status": "VERIFIED",
        "ownershipVerified": true,
        "registrationStatus": "ACTIVE",
        "mortgageStatus": "NONE",
        "taxStatus": "PAID",
        "buildingPermitStatus": "NONE",
        "disputeStatus": "NONE"
      }
    },
    {
      "type": "Feature",
      "geometry": {
        "type": "Polygon",
        "coordinates": [
          [
            [
              83.2445,
              17.695800000000002
            ],
            [
              83.246,
              17.695800000000002
            ],
            [
              83.246,
              17.697100000000002
            ],
            [
              83.2445,
              17.697100000000002
            ],
            [
              83.2445,
              17.695800000000002
            ]
          ]
        ]
      },
      "properties": {
        "ulpin": "AP-VSKP-000138",
        "surveyNumber": "158/4C",
        "stateCode": "AP",
        "district": "Visakhapatnam",
        "mandal": "Demo Mandal",
        "village": "Pendurthi",
        "areaAcres": 3.75,
        "areaSqMeters": 15175.73,
        "landUse": "Industrial",
        "status": "DISPUTED",
        "ownershipVerified": true,
        "registrationStatus": "ACTIVE",
        "mortgageStatus": "NONE",
        "taxStatus": "PAID",
        "buildingPermitStatus": "NONE",
        "disputeStatus": "ACTIVE_DISPUTE"
      }
    },
    {
      "type": "Feature",
      "geometry": {
        "type": "Polygon",
        "coordinates": [
          [
            [
              83.24650000000001,
              17.695800000000002
            ],
            [
              83.248,
              17.695800000000002
            ],
            [
              83.248,
              17.697100000000002
            ],
            [
              83.24650000000001,
              17.697100000000002
            ],
            [
              83.24650000000001,
              17.695800000000002
            ]
          ]
        ]
      },
      "properties": {
        "ulpin": "AP-VSKP-000139",
        "surveyNumber": "159/5",
        "stateCode": "AP",
        "district": "Visakhapatnam",
        "mandal": "Demo Mandal",
        "village": "Gajuwaka",
        "areaAcres": 4.2,
        "areaSqMeters": 16996.81,
        "landUse": "Special Zone",
        "status": "VERIFIED",
        "ownershipVerified": true,
        "registrationStatus": "ACTIVE",
        "mortgageStatus": "NONE",
        "taxStatus": "PAID",
        "buildingPermitStatus": "NONE",
        "disputeStatus": "NONE"
      }
    },
    {
      "type": "Feature",
      "geometry": {
        "type": "Polygon",
        "coordinates": [
          [
            [
              83.2485,
              17.695800000000002
            ],
            [
              83.25,
              17.695800000000002
            ],
            [
              83.25,
              17.697100000000002
            ],
            [
              83.2485,
              17.697100000000002
            ],
            [
              83.2485,
              17.695800000000002
            ]
          ]
        ]
      },
      "properties": {
        "ulpin": "AP-VSKP-000140",
        "surveyNumber": "160/1A",
        "stateCode": "AP",
        "district": "Visakhapatnam",
        "mandal": "Demo Mandal",
        "village": "Bhoomi Village",
        "areaAcres": 1.5,
        "areaSqMeters": 6070.29,
        "landUse": "Residential",
        "status": "VERIFIED",
        "ownershipVerified": true,
        "registrationStatus": "ACTIVE",
        "mortgageStatus": "ACTIVE_MORTGAGE",
        "taxStatus": "PENDING",
        "buildingPermitStatus": "APPROVED",
        "disputeStatus": "NONE"
      }
    },
    {
      "type": "Feature",
      "geometry": {
        "type": "Polygon",
        "coordinates": [
          [
            [
              83.2505,
              17.695800000000002
            ],
            [
              83.252,
              17.695800000000002
            ],
            [
              83.252,
              17.697100000000002
            ],
            [
              83.2505,
              17.697100000000002
            ],
            [
              83.2505,
              17.695800000000002
            ]
          ]
        ]
      },
      "properties": {
        "ulpin": "AP-VSKP-000141",
        "surveyNumber": "161/2B",
        "stateCode": "AP",
        "district": "Visakhapatnam",
        "mandal": "Demo Mandal",
        "village": "Rushikonda",
        "areaAcres": 1.95,
        "areaSqMeters": 7891.38,
        "landUse": "Residential",
        "status": "VERIFIED",
        "ownershipVerified": true,
        "registrationStatus": "ACTIVE",
        "mortgageStatus": "NONE",
        "taxStatus": "PAID",
        "buildingPermitStatus": "SUBMITTED",
        "disputeStatus": "NONE"
      }
    },
    {
      "type": "Feature",
      "geometry": {
        "type": "Polygon",
        "coordinates": [
          [
            [
              83.25250000000001,
              17.695800000000002
            ],
            [
              83.254,
              17.695800000000002
            ],
            [
              83.254,
              17.697100000000002
            ],
            [
              83.25250000000001,
              17.697100000000002
            ],
            [
              83.25250000000001,
              17.695800000000002
            ]
          ]
        ]
      },
      "properties": {
        "ulpin": "AP-VSKP-000142",
        "surveyNumber": "162/3C",
        "stateCode": "AP",
        "district": "Visakhapatnam",
        "mandal": "Demo Mandal",
        "village": "Madhurawada",
        "areaAcres": 2.4,
        "areaSqMeters": 9712.46,
        "landUse": "Residential",
        "status": "VERIFIED",
        "ownershipVerified": true,
        "registrationStatus": "ACTIVE",
        "mortgageStatus": "NONE",
        "taxStatus": "PAID",
        "buildingPermitStatus": "APPROVED",
        "disputeStatus": "NONE"
      }
    },
    {
      "type": "Feature",
      "geometry": {
        "type": "Polygon",
        "coordinates": [
          [
            [
              83.25450000000001,
              17.695800000000002
            ],
            [
              83.256,
              17.695800000000002
            ],
            [
              83.256,
              17.697100000000002
            ],
            [
              83.25450000000001,
              17.697100000000002
            ],
            [
              83.25450000000001,
              17.695800000000002
            ]
          ]
        ]
      },
      "properties": {
        "ulpin": "AP-VSKP-000143",
        "surveyNumber": "163/4",
        "stateCode": "AP",
        "district": "Visakhapatnam",
        "mandal": "Demo Mandal",
        "village": "Pendurthi",
        "areaAcres": 2.85,
        "areaSqMeters": 11533.55,
        "landUse": "Commercial",
        "status": "VERIFIED",
        "ownershipVerified": true,
        "registrationStatus": "ACTIVE",
        "mortgageStatus": "NONE",
        "taxStatus": "PAID",
        "buildingPermitStatus": "NONE",
        "disputeStatus": "NONE"
      }
    },
    {
      "type": "Feature",
      "geometry": {
        "type": "Polygon",
        "coordinates": [
          [
            [
              83.2565,
              17.695800000000002
            ],
            [
              83.258,
              17.695800000000002
            ],
            [
              83.258,
              17.697100000000002
            ],
            [
              83.2565,
              17.697100000000002
            ],
            [
              83.2565,
              17.695800000000002
            ]
          ]
        ]
      },
      "properties": {
        "ulpin": "AP-VSKP-000144",
        "surveyNumber": "164/5A",
        "stateCode": "AP",
        "district": "Visakhapatnam",
        "mandal": "Demo Mandal",
        "village": "Gajuwaka",
        "areaAcres": 3.3,
        "areaSqMeters": 13354.64,
        "landUse": "Agricultural",
        "status": "PENDING_VERIFICATION",
        "ownershipVerified": false,
        "registrationStatus": "ACTIVE",
        "mortgageStatus": "NONE",
        "taxStatus": "PAID",
        "buildingPermitStatus": "NONE",
        "disputeStatus": "NONE"
      }
    },
    {
      "type": "Feature",
      "geometry": {
        "type": "Polygon",
        "coordinates": [
          [
            [
              83.25850000000001,
              17.695800000000002
            ],
            [
              83.26,
              17.695800000000002
            ],
            [
              83.26,
              17.697100000000002
            ],
            [
              83.25850000000001,
              17.697100000000002
            ],
            [
              83.25850000000001,
              17.695800000000002
            ]
          ]
        ]
      },
      "properties": {
        "ulpin": "AP-VSKP-000145",
        "surveyNumber": "165/1B",
        "stateCode": "AP",
        "district": "Visakhapatnam",
        "mandal": "Demo Mandal",
        "village": "Bhoomi Village",
        "areaAcres": 3.75,
        "areaSqMeters": 15175.73,
        "landUse": "Industrial",
        "status": "VERIFIED",
        "ownershipVerified": true,
        "registrationStatus": "ACTIVE",
        "mortgageStatus": "NONE",
        "taxStatus": "PENDING",
        "buildingPermitStatus": "NONE",
        "disputeStatus": "NONE"
      }
    },
    {
      "type": "Feature",
      "geometry": {
        "type": "Polygon",
        "coordinates": [
          [
            [
              83.26050000000001,
              17.695800000000002
            ],
            [
              83.262,
              17.695800000000002
            ],
            [
              83.262,
              17.697100000000002
            ],
            [
              83.26050000000001,
              17.697100000000002
            ],
            [
              83.26050000000001,
              17.695800000000002
            ]
          ]
        ]
      },
      "properties": {
        "ulpin": "AP-VSKP-000146",
        "surveyNumber": "166/2C",
        "stateCode": "AP",
        "district": "Visakhapatnam",
        "mandal": "Demo Mandal",
        "village": "Rushikonda",
        "areaAcres": 4.2,
        "areaSqMeters": 16996.81,
        "landUse": "Special Zone",
        "status": "VERIFIED",
        "ownershipVerified": true,
        "registrationStatus": "ACTIVE",
        "mortgageStatus": "NONE",
        "taxStatus": "PAID",
        "buildingPermitStatus": "NONE",
        "disputeStatus": "NONE"
      }
    },
    {
      "type": "Feature",
      "geometry": {
        "type": "Polygon",
        "coordinates": [
          [
            [
              83.2625,
              17.695800000000002
            ],
            [
              83.264,
              17.695800000000002
            ],
            [
              83.264,
              17.697100000000002
            ],
            [
              83.2625,
              17.697100000000002
            ],
            [
              83.2625,
              17.695800000000002
            ]
          ]
        ]
      },
      "properties": {
        "ulpin": "AP-VSKP-000147",
        "surveyNumber": "167/3",
        "stateCode": "AP",
        "district": "Visakhapatnam",
        "mandal": "Demo Mandal",
        "village": "Madhurawada",
        "areaAcres": 1.5,
        "areaSqMeters": 6070.29,
        "landUse": "Residential",
        "status": "VERIFIED",
        "ownershipVerified": true,
        "registrationStatus": "ACTIVE",
        "mortgageStatus": "ACTIVE_MORTGAGE",
        "taxStatus": "PAID",
        "buildingPermitStatus": "SUBMITTED",
        "disputeStatus": "NONE"
      }
    },
    {
      "type": "Feature",
      "geometry": {
        "type": "Polygon",
        "coordinates": [
          [
            [
              83.26450000000001,
              17.695800000000002
            ],
            [
              83.266,
              17.695800000000002
            ],
            [
              83.266,
              17.697100000000002
            ],
            [
              83.26450000000001,
              17.697100000000002
            ],
            [
              83.26450000000001,
              17.695800000000002
            ]
          ]
        ]
      },
      "properties": {
        "ulpin": "AP-VSKP-000148",
        "surveyNumber": "168/4A",
        "stateCode": "AP",
        "district": "Visakhapatnam",
        "mandal": "Demo Mandal",
        "village": "Pendurthi",
        "areaAcres": 1.95,
        "areaSqMeters": 7891.38,
        "landUse": "Residential",
        "status": "VERIFIED",
        "ownershipVerified": true,
        "registrationStatus": "ACTIVE",
        "mortgageStatus": "NONE",
        "taxStatus": "PAID",
        "buildingPermitStatus": "APPROVED",
        "disputeStatus": "NONE"
      }
    },
    {
      "type": "Feature",
      "geometry": {
        "type": "Polygon",
        "coordinates": [
          [
            [
              83.26650000000001,
              17.695800000000002
            ],
            [
              83.268,
              17.695800000000002
            ],
            [
              83.268,
              17.697100000000002
            ],
            [
              83.26650000000001,
              17.697100000000002
            ],
            [
              83.26650000000001,
              17.695800000000002
            ]
          ]
        ]
      },
      "properties": {
        "ulpin": "AP-VSKP-000149",
        "surveyNumber": "169/5B",
        "stateCode": "AP",
        "district": "Visakhapatnam",
        "mandal": "Demo Mandal",
        "village": "Gajuwaka",
        "areaAcres": 2.4,
        "areaSqMeters": 9712.46,
        "landUse": "Residential",
        "status": "VERIFIED",
        "ownershipVerified": true,
        "registrationStatus": "ACTIVE",
        "mortgageStatus": "NONE",
        "taxStatus": "PAID",
        "buildingPermitStatus": "SUBMITTED",
        "disputeStatus": "NONE"
      }
    },
    {
      "type": "Feature",
      "geometry": {
        "type": "Polygon",
        "coordinates": [
          [
            [
              83.2185,
              17.6976
            ],
            [
              83.22,
              17.6976
            ],
            [
              83.22,
              17.698900000000002
            ],
            [
              83.2185,
              17.698900000000002
            ],
            [
              83.2185,
              17.6976
            ]
          ]
        ]
      },
      "properties": {
        "ulpin": "AP-VSKP-000150",
        "surveyNumber": "170/1C",
        "stateCode": "AP",
        "district": "Visakhapatnam",
        "mandal": "Demo Mandal",
        "village": "Bhoomi Village",
        "areaAcres": 2.85,
        "areaSqMeters": 11533.55,
        "landUse": "Commercial",
        "status": "VERIFIED",
        "ownershipVerified": true,
        "registrationStatus": "ACTIVE",
        "mortgageStatus": "NONE",
        "taxStatus": "PENDING",
        "buildingPermitStatus": "NONE",
        "disputeStatus": "NONE"
      }
    },
    {
      "type": "Feature",
      "geometry": {
        "type": "Polygon",
        "coordinates": [
          [
            [
              83.2205,
              17.6976
            ],
            [
              83.222,
              17.6976
            ],
            [
              83.222,
              17.698900000000002
            ],
            [
              83.2205,
              17.698900000000002
            ],
            [
              83.2205,
              17.6976
            ]
          ]
        ]
      },
      "properties": {
        "ulpin": "AP-VSKP-000151",
        "surveyNumber": "171/2",
        "stateCode": "AP",
        "district": "Visakhapatnam",
        "mandal": "Demo Mandal",
        "village": "Rushikonda",
        "areaAcres": 3.3,
        "areaSqMeters": 13354.64,
        "landUse": "Agricultural",
        "status": "VERIFIED",
        "ownershipVerified": true,
        "registrationStatus": "ACTIVE",
        "mortgageStatus": "NONE",
        "taxStatus": "PAID",
        "buildingPermitStatus": "NONE",
        "disputeStatus": "NONE"
      }
    },
    {
      "type": "Feature",
      "geometry": {
        "type": "Polygon",
        "coordinates": [
          [
            [
              83.22250000000001,
              17.6976
            ],
            [
              83.224,
              17.6976
            ],
            [
              83.224,
              17.698900000000002
            ],
            [
              83.22250000000001,
              17.698900000000002
            ],
            [
              83.22250000000001,
              17.6976
            ]
          ]
        ]
      },
      "properties": {
        "ulpin": "AP-VSKP-000152",
        "surveyNumber": "172/3A",
        "stateCode": "AP",
        "district": "Visakhapatnam",
        "mandal": "Demo Mandal",
        "village": "Madhurawada",
        "areaAcres": 3.75,
        "areaSqMeters": 15175.73,
        "landUse": "Industrial",
        "status": "VERIFIED",
        "ownershipVerified": true,
        "registrationStatus": "ACTIVE",
        "mortgageStatus": "NONE",
        "taxStatus": "PAID",
        "buildingPermitStatus": "NONE",
        "disputeStatus": "NONE"
      }
    },
    {
      "type": "Feature",
      "geometry": {
        "type": "Polygon",
        "coordinates": [
          [
            [
              83.2245,
              17.6976
            ],
            [
              83.226,
              17.6976
            ],
            [
              83.226,
              17.698900000000002
            ],
            [
              83.2245,
              17.698900000000002
            ],
            [
              83.2245,
              17.6976
            ]
          ]
        ]
      },
      "properties": {
        "ulpin": "AP-VSKP-000153",
        "surveyNumber": "173/4B",
        "stateCode": "AP",
        "district": "Visakhapatnam",
        "mandal": "Demo Mandal",
        "village": "Pendurthi",
        "areaAcres": 4.2,
        "areaSqMeters": 16996.81,
        "landUse": "Special Zone",
        "status": "PENDING_VERIFICATION",
        "ownershipVerified": false,
        "registrationStatus": "ACTIVE",
        "mortgageStatus": "NONE",
        "taxStatus": "PAID",
        "buildingPermitStatus": "NONE",
        "disputeStatus": "NONE"
      }
    },
    {
      "type": "Feature",
      "geometry": {
        "type": "Polygon",
        "coordinates": [
          [
            [
              83.2265,
              17.6976
            ],
            [
              83.228,
              17.6976
            ],
            [
              83.228,
              17.698900000000002
            ],
            [
              83.2265,
              17.698900000000002
            ],
            [
              83.2265,
              17.6976
            ]
          ]
        ]
      },
      "properties": {
        "ulpin": "AP-VSKP-000154",
        "surveyNumber": "174/5C",
        "stateCode": "AP",
        "district": "Visakhapatnam",
        "mandal": "Demo Mandal",
        "village": "Gajuwaka",
        "areaAcres": 1.5,
        "areaSqMeters": 6070.29,
        "landUse": "Residential",
        "status": "VERIFIED",
        "ownershipVerified": true,
        "registrationStatus": "ACTIVE",
        "mortgageStatus": "ACTIVE_MORTGAGE",
        "taxStatus": "PAID",
        "buildingPermitStatus": "APPROVED",
        "disputeStatus": "NONE"
      }
    },
    {
      "type": "Feature",
      "geometry": {
        "type": "Polygon",
        "coordinates": [
          [
            [
              83.22850000000001,
              17.6976
            ],
            [
              83.23,
              17.6976
            ],
            [
              83.23,
              17.698900000000002
            ],
            [
              83.22850000000001,
              17.698900000000002
            ],
            [
              83.22850000000001,
              17.6976
            ]
          ]
        ]
      },
      "properties": {
        "ulpin": "AP-VSKP-000155",
        "surveyNumber": "175/1",
        "stateCode": "AP",
        "district": "Visakhapatnam",
        "mandal": "Demo Mandal",
        "village": "Bhoomi Village",
        "areaAcres": 1.95,
        "areaSqMeters": 7891.38,
        "landUse": "Residential",
        "status": "VERIFIED",
        "ownershipVerified": true,
        "registrationStatus": "ACTIVE",
        "mortgageStatus": "NONE",
        "taxStatus": "PENDING",
        "buildingPermitStatus": "SUBMITTED",
        "disputeStatus": "NONE"
      }
    },
    {
      "type": "Feature",
      "geometry": {
        "type": "Polygon",
        "coordinates": [
          [
            [
              83.2305,
              17.6976
            ],
            [
              83.232,
              17.6976
            ],
            [
              83.232,
              17.698900000000002
            ],
            [
              83.2305,
              17.698900000000002
            ],
            [
              83.2305,
              17.6976
            ]
          ]
        ]
      },
      "properties": {
        "ulpin": "AP-VSKP-000156",
        "surveyNumber": "176/2A",
        "stateCode": "AP",
        "district": "Visakhapatnam",
        "mandal": "Demo Mandal",
        "village": "Rushikonda",
        "areaAcres": 2.4,
        "areaSqMeters": 9712.46,
        "landUse": "Residential",
        "status": "VERIFIED",
        "ownershipVerified": true,
        "registrationStatus": "ACTIVE",
        "mortgageStatus": "NONE",
        "taxStatus": "PAID",
        "buildingPermitStatus": "APPROVED",
        "disputeStatus": "NONE"
      }
    },
    {
      "type": "Feature",
      "geometry": {
        "type": "Polygon",
        "coordinates": [
          [
            [
              83.2325,
              17.6976
            ],
            [
              83.234,
              17.6976
            ],
            [
              83.234,
              17.698900000000002
            ],
            [
              83.2325,
              17.698900000000002
            ],
            [
              83.2325,
              17.6976
            ]
          ]
        ]
      },
      "properties": {
        "ulpin": "AP-VSKP-000157",
        "surveyNumber": "177/3B",
        "stateCode": "AP",
        "district": "Visakhapatnam",
        "mandal": "Demo Mandal",
        "village": "Madhurawada",
        "areaAcres": 2.85,
        "areaSqMeters": 11533.55,
        "landUse": "Commercial",
        "status": "VERIFIED",
        "ownershipVerified": true,
        "registrationStatus": "ACTIVE",
        "mortgageStatus": "NONE",
        "taxStatus": "PAID",
        "buildingPermitStatus": "NONE",
        "disputeStatus": "NONE"
      }
    },
    {
      "type": "Feature",
      "geometry": {
        "type": "Polygon",
        "coordinates": [
          [
            [
              83.23450000000001,
              17.6976
            ],
            [
              83.236,
              17.6976
            ],
            [
              83.236,
              17.698900000000002
            ],
            [
              83.23450000000001,
              17.698900000000002
            ],
            [
              83.23450000000001,
              17.6976
            ]
          ]
        ]
      },
      "properties": {
        "ulpin": "AP-VSKP-000158",
        "surveyNumber": "178/4C",
        "stateCode": "AP",
        "district": "Visakhapatnam",
        "mandal": "Demo Mandal",
        "village": "Pendurthi",
        "areaAcres": 3.3,
        "areaSqMeters": 13354.64,
        "landUse": "Agricultural",
        "status": "VERIFIED",
        "ownershipVerified": true,
        "registrationStatus": "ACTIVE",
        "mortgageStatus": "NONE",
        "taxStatus": "PAID",
        "buildingPermitStatus": "NONE",
        "disputeStatus": "NONE"
      }
    },
    {
      "type": "Feature",
      "geometry": {
        "type": "Polygon",
        "coordinates": [
          [
            [
              83.2365,
              17.6976
            ],
            [
              83.238,
              17.6976
            ],
            [
              83.238,
              17.698900000000002
            ],
            [
              83.2365,
              17.698900000000002
            ],
            [
              83.2365,
              17.6976
            ]
          ]
        ]
      },
      "properties": {
        "ulpin": "AP-VSKP-000159",
        "surveyNumber": "179/5",
        "stateCode": "AP",
        "district": "Visakhapatnam",
        "mandal": "Demo Mandal",
        "village": "Gajuwaka",
        "areaAcres": 3.75,
        "areaSqMeters": 15175.73,
        "landUse": "Industrial",
        "status": "VERIFIED",
        "ownershipVerified": true,
        "registrationStatus": "ACTIVE",
        "mortgageStatus": "NONE",
        "taxStatus": "PAID",
        "buildingPermitStatus": "NONE",
        "disputeStatus": "NONE"
      }
    },
    {
      "type": "Feature",
      "geometry": {
        "type": "Polygon",
        "coordinates": [
          [
            [
              83.2385,
              17.6976
            ],
            [
              83.24,
              17.6976
            ],
            [
              83.24,
              17.698900000000002
            ],
            [
              83.2385,
              17.698900000000002
            ],
            [
              83.2385,
              17.6976
            ]
          ]
        ]
      },
      "properties": {
        "ulpin": "AP-VSKP-000160",
        "surveyNumber": "100/1A",
        "stateCode": "AP",
        "district": "Visakhapatnam",
        "mandal": "Demo Mandal",
        "village": "Bhoomi Village",
        "areaAcres": 4.2,
        "areaSqMeters": 16996.81,
        "landUse": "Special Zone",
        "status": "VERIFIED",
        "ownershipVerified": true,
        "registrationStatus": "ACTIVE",
        "mortgageStatus": "NONE",
        "taxStatus": "PENDING",
        "buildingPermitStatus": "NONE",
        "disputeStatus": "NONE"
      }
    },
    {
      "type": "Feature",
      "geometry": {
        "type": "Polygon",
        "coordinates": [
          [
            [
              83.24050000000001,
              17.6976
            ],
            [
              83.242,
              17.6976
            ],
            [
              83.242,
              17.698900000000002
            ],
            [
              83.24050000000001,
              17.698900000000002
            ],
            [
              83.24050000000001,
              17.6976
            ]
          ]
        ]
      },
      "properties": {
        "ulpin": "AP-VSKP-000161",
        "surveyNumber": "101/2B",
        "stateCode": "AP",
        "district": "Visakhapatnam",
        "mandal": "Demo Mandal",
        "village": "Rushikonda",
        "areaAcres": 1.5,
        "areaSqMeters": 6070.29,
        "landUse": "Residential",
        "status": "DISPUTED",
        "ownershipVerified": true,
        "registrationStatus": "ACTIVE",
        "mortgageStatus": "ACTIVE_MORTGAGE",
        "taxStatus": "PAID",
        "buildingPermitStatus": "SUBMITTED",
        "disputeStatus": "ACTIVE_DISPUTE"
      }
    },
    {
      "type": "Feature",
      "geometry": {
        "type": "Polygon",
        "coordinates": [
          [
            [
              83.2425,
              17.6976
            ],
            [
              83.244,
              17.6976
            ],
            [
              83.244,
              17.698900000000002
            ],
            [
              83.2425,
              17.698900000000002
            ],
            [
              83.2425,
              17.6976
            ]
          ]
        ]
      },
      "properties": {
        "ulpin": "AP-VSKP-000162",
        "surveyNumber": "102/3C",
        "stateCode": "AP",
        "district": "Visakhapatnam",
        "mandal": "Demo Mandal",
        "village": "Madhurawada",
        "areaAcres": 1.95,
        "areaSqMeters": 7891.38,
        "landUse": "Residential",
        "status": "PENDING_VERIFICATION",
        "ownershipVerified": false,
        "registrationStatus": "ACTIVE",
        "mortgageStatus": "NONE",
        "taxStatus": "PAID",
        "buildingPermitStatus": "APPROVED",
        "disputeStatus": "NONE"
      }
    },
    {
      "type": "Feature",
      "geometry": {
        "type": "Polygon",
        "coordinates": [
          [
            [
              83.2445,
              17.6976
            ],
            [
              83.246,
              17.6976
            ],
            [
              83.246,
              17.698900000000002
            ],
            [
              83.2445,
              17.698900000000002
            ],
            [
              83.2445,
              17.6976
            ]
          ]
        ]
      },
      "properties": {
        "ulpin": "AP-VSKP-000163",
        "surveyNumber": "103/4",
        "stateCode": "AP",
        "district": "Visakhapatnam",
        "mandal": "Demo Mandal",
        "village": "Pendurthi",
        "areaAcres": 2.4,
        "areaSqMeters": 9712.46,
        "landUse": "Residential",
        "status": "VERIFIED",
        "ownershipVerified": true,
        "registrationStatus": "ACTIVE",
        "mortgageStatus": "NONE",
        "taxStatus": "PAID",
        "buildingPermitStatus": "SUBMITTED",
        "disputeStatus": "NONE"
      }
    },
    {
      "type": "Feature",
      "geometry": {
        "type": "Polygon",
        "coordinates": [
          [
            [
              83.24650000000001,
              17.6976
            ],
            [
              83.248,
              17.6976
            ],
            [
              83.248,
              17.698900000000002
            ],
            [
              83.24650000000001,
              17.698900000000002
            ],
            [
              83.24650000000001,
              17.6976
            ]
          ]
        ]
      },
      "properties": {
        "ulpin": "AP-VSKP-000164",
        "surveyNumber": "104/5A",
        "stateCode": "AP",
        "district": "Visakhapatnam",
        "mandal": "Demo Mandal",
        "village": "Gajuwaka",
        "areaAcres": 2.85,
        "areaSqMeters": 11533.55,
        "landUse": "Commercial",
        "status": "VERIFIED",
        "ownershipVerified": true,
        "registrationStatus": "ACTIVE",
        "mortgageStatus": "NONE",
        "taxStatus": "PAID",
        "buildingPermitStatus": "NONE",
        "disputeStatus": "NONE"
      }
    },
    {
      "type": "Feature",
      "geometry": {
        "type": "Polygon",
        "coordinates": [
          [
            [
              83.2485,
              17.6976
            ],
            [
              83.25,
              17.6976
            ],
            [
              83.25,
              17.698900000000002
            ],
            [
              83.2485,
              17.698900000000002
            ],
            [
              83.2485,
              17.6976
            ]
          ]
        ]
      },
      "properties": {
        "ulpin": "AP-VSKP-000165",
        "surveyNumber": "105/1B",
        "stateCode": "AP",
        "district": "Visakhapatnam",
        "mandal": "Demo Mandal",
        "village": "Bhoomi Village",
        "areaAcres": 3.3,
        "areaSqMeters": 13354.64,
        "landUse": "Agricultural",
        "status": "VERIFIED",
        "ownershipVerified": true,
        "registrationStatus": "ACTIVE",
        "mortgageStatus": "NONE",
        "taxStatus": "PENDING",
        "buildingPermitStatus": "NONE",
        "disputeStatus": "NONE"
      }
    },
    {
      "type": "Feature",
      "geometry": {
        "type": "Polygon",
        "coordinates": [
          [
            [
              83.2505,
              17.6976
            ],
            [
              83.252,
              17.6976
            ],
            [
              83.252,
              17.698900000000002
            ],
            [
              83.2505,
              17.698900000000002
            ],
            [
              83.2505,
              17.6976
            ]
          ]
        ]
      },
      "properties": {
        "ulpin": "AP-VSKP-000166",
        "surveyNumber": "106/2C",
        "stateCode": "AP",
        "district": "Visakhapatnam",
        "mandal": "Demo Mandal",
        "village": "Rushikonda",
        "areaAcres": 3.75,
        "areaSqMeters": 15175.73,
        "landUse": "Industrial",
        "status": "VERIFIED",
        "ownershipVerified": true,
        "registrationStatus": "ACTIVE",
        "mortgageStatus": "NONE",
        "taxStatus": "PAID",
        "buildingPermitStatus": "NONE",
        "disputeStatus": "NONE"
      }
    },
    {
      "type": "Feature",
      "geometry": {
        "type": "Polygon",
        "coordinates": [
          [
            [
              83.25250000000001,
              17.6976
            ],
            [
              83.254,
              17.6976
            ],
            [
              83.254,
              17.698900000000002
            ],
            [
              83.25250000000001,
              17.698900000000002
            ],
            [
              83.25250000000001,
              17.6976
            ]
          ]
        ]
      },
      "properties": {
        "ulpin": "AP-VSKP-000167",
        "surveyNumber": "107/3",
        "stateCode": "AP",
        "district": "Visakhapatnam",
        "mandal": "Demo Mandal",
        "village": "Madhurawada",
        "areaAcres": 4.2,
        "areaSqMeters": 16996.81,
        "landUse": "Special Zone",
        "status": "VERIFIED",
        "ownershipVerified": true,
        "registrationStatus": "ACTIVE",
        "mortgageStatus": "NONE",
        "taxStatus": "PAID",
        "buildingPermitStatus": "NONE",
        "disputeStatus": "NONE"
      }
    },
    {
      "type": "Feature",
      "geometry": {
        "type": "Polygon",
        "coordinates": [
          [
            [
              83.25450000000001,
              17.6976
            ],
            [
              83.256,
              17.6976
            ],
            [
              83.256,
              17.698900000000002
            ],
            [
              83.25450000000001,
              17.698900000000002
            ],
            [
              83.25450000000001,
              17.6976
            ]
          ]
        ]
      },
      "properties": {
        "ulpin": "AP-VSKP-000168",
        "surveyNumber": "108/4A",
        "stateCode": "AP",
        "district": "Visakhapatnam",
        "mandal": "Demo Mandal",
        "village": "Pendurthi",
        "areaAcres": 1.5,
        "areaSqMeters": 6070.29,
        "landUse": "Residential",
        "status": "VERIFIED",
        "ownershipVerified": true,
        "registrationStatus": "ACTIVE",
        "mortgageStatus": "ACTIVE_MORTGAGE",
        "taxStatus": "PAID",
        "buildingPermitStatus": "APPROVED",
        "disputeStatus": "NONE"
      }
    },
    {
      "type": "Feature",
      "geometry": {
        "type": "Polygon",
        "coordinates": [
          [
            [
              83.2565,
              17.6976
            ],
            [
              83.258,
              17.6976
            ],
            [
              83.258,
              17.698900000000002
            ],
            [
              83.2565,
              17.698900000000002
            ],
            [
              83.2565,
              17.6976
            ]
          ]
        ]
      },
      "properties": {
        "ulpin": "AP-VSKP-000169",
        "surveyNumber": "109/5B",
        "stateCode": "AP",
        "district": "Visakhapatnam",
        "mandal": "Demo Mandal",
        "village": "Gajuwaka",
        "areaAcres": 1.95,
        "areaSqMeters": 7891.38,
        "landUse": "Residential",
        "status": "VERIFIED",
        "ownershipVerified": true,
        "registrationStatus": "ACTIVE",
        "mortgageStatus": "NONE",
        "taxStatus": "PAID",
        "buildingPermitStatus": "SUBMITTED",
        "disputeStatus": "NONE"
      }
    },
    {
      "type": "Feature",
      "geometry": {
        "type": "Polygon",
        "coordinates": [
          [
            [
              83.25850000000001,
              17.6976
            ],
            [
              83.26,
              17.6976
            ],
            [
              83.26,
              17.698900000000002
            ],
            [
              83.25850000000001,
              17.698900000000002
            ],
            [
              83.25850000000001,
              17.6976
            ]
          ]
        ]
      },
      "properties": {
        "ulpin": "AP-VSKP-000170",
        "surveyNumber": "110/1C",
        "stateCode": "AP",
        "district": "Visakhapatnam",
        "mandal": "Demo Mandal",
        "village": "Bhoomi Village",
        "areaAcres": 2.4,
        "areaSqMeters": 9712.46,
        "landUse": "Residential",
        "status": "VERIFIED",
        "ownershipVerified": true,
        "registrationStatus": "ACTIVE",
        "mortgageStatus": "NONE",
        "taxStatus": "PENDING",
        "buildingPermitStatus": "APPROVED",
        "disputeStatus": "NONE"
      }
    },
    {
      "type": "Feature",
      "geometry": {
        "type": "Polygon",
        "coordinates": [
          [
            [
              83.26050000000001,
              17.6976
            ],
            [
              83.262,
              17.6976
            ],
            [
              83.262,
              17.698900000000002
            ],
            [
              83.26050000000001,
              17.698900000000002
            ],
            [
              83.26050000000001,
              17.6976
            ]
          ]
        ]
      },
      "properties": {
        "ulpin": "AP-VSKP-000171",
        "surveyNumber": "111/2",
        "stateCode": "AP",
        "district": "Visakhapatnam",
        "mandal": "Demo Mandal",
        "village": "Rushikonda",
        "areaAcres": 2.85,
        "areaSqMeters": 11533.55,
        "landUse": "Commercial",
        "status": "PENDING_VERIFICATION",
        "ownershipVerified": false,
        "registrationStatus": "ACTIVE",
        "mortgageStatus": "NONE",
        "taxStatus": "PAID",
        "buildingPermitStatus": "NONE",
        "disputeStatus": "NONE"
      }
    },
    {
      "type": "Feature",
      "geometry": {
        "type": "Polygon",
        "coordinates": [
          [
            [
              83.2625,
              17.6976
            ],
            [
              83.264,
              17.6976
            ],
            [
              83.264,
              17.698900000000002
            ],
            [
              83.2625,
              17.698900000000002
            ],
            [
              83.2625,
              17.6976
            ]
          ]
        ]
      },
      "properties": {
        "ulpin": "AP-VSKP-000172",
        "surveyNumber": "112/3A",
        "stateCode": "AP",
        "district": "Visakhapatnam",
        "mandal": "Demo Mandal",
        "village": "Madhurawada",
        "areaAcres": 3.3,
        "areaSqMeters": 13354.64,
        "landUse": "Agricultural",
        "status": "VERIFIED",
        "ownershipVerified": true,
        "registrationStatus": "ACTIVE",
        "mortgageStatus": "NONE",
        "taxStatus": "PAID",
        "buildingPermitStatus": "NONE",
        "disputeStatus": "NONE"
      }
    },
    {
      "type": "Feature",
      "geometry": {
        "type": "Polygon",
        "coordinates": [
          [
            [
              83.26450000000001,
              17.6976
            ],
            [
              83.266,
              17.6976
            ],
            [
              83.266,
              17.698900000000002
            ],
            [
              83.26450000000001,
              17.698900000000002
            ],
            [
              83.26450000000001,
              17.6976
            ]
          ]
        ]
      },
      "properties": {
        "ulpin": "AP-VSKP-000173",
        "surveyNumber": "113/4B",
        "stateCode": "AP",
        "district": "Visakhapatnam",
        "mandal": "Demo Mandal",
        "village": "Pendurthi",
        "areaAcres": 3.75,
        "areaSqMeters": 15175.73,
        "landUse": "Industrial",
        "status": "VERIFIED",
        "ownershipVerified": true,
        "registrationStatus": "ACTIVE",
        "mortgageStatus": "NONE",
        "taxStatus": "PAID",
        "buildingPermitStatus": "NONE",
        "disputeStatus": "NONE"
      }
    },
    {
      "type": "Feature",
      "geometry": {
        "type": "Polygon",
        "coordinates": [
          [
            [
              83.26650000000001,
              17.6976
            ],
            [
              83.268,
              17.6976
            ],
            [
              83.268,
              17.698900000000002
            ],
            [
              83.26650000000001,
              17.698900000000002
            ],
            [
              83.26650000000001,
              17.6976
            ]
          ]
        ]
      },
      "properties": {
        "ulpin": "AP-VSKP-000174",
        "surveyNumber": "114/5C",
        "stateCode": "AP",
        "district": "Visakhapatnam",
        "mandal": "Demo Mandal",
        "village": "Gajuwaka",
        "areaAcres": 4.2,
        "areaSqMeters": 16996.81,
        "landUse": "Special Zone",
        "status": "VERIFIED",
        "ownershipVerified": true,
        "registrationStatus": "ACTIVE",
        "mortgageStatus": "NONE",
        "taxStatus": "PAID",
        "buildingPermitStatus": "NONE",
        "disputeStatus": "NONE"
      }
    },
    {
      "type": "Feature",
      "geometry": {
        "type": "Polygon",
        "coordinates": [
          [
            [
              83.2185,
              17.6994
            ],
            [
              83.22,
              17.6994
            ],
            [
              83.22,
              17.7007
            ],
            [
              83.2185,
              17.7007
            ],
            [
              83.2185,
              17.6994
            ]
          ]
        ]
      },
      "properties": {
        "ulpin": "AP-VSKP-000175",
        "surveyNumber": "115/1",
        "stateCode": "AP",
        "district": "Visakhapatnam",
        "mandal": "Demo Mandal",
        "village": "Bhoomi Village",
        "areaAcres": 1.5,
        "areaSqMeters": 6070.29,
        "landUse": "Residential",
        "status": "VERIFIED",
        "ownershipVerified": true,
        "registrationStatus": "ACTIVE",
        "mortgageStatus": "ACTIVE_MORTGAGE",
        "taxStatus": "PENDING",
        "buildingPermitStatus": "SUBMITTED",
        "disputeStatus": "NONE"
      }
    },
    {
      "type": "Feature",
      "geometry": {
        "type": "Polygon",
        "coordinates": [
          [
            [
              83.2205,
              17.6994
            ],
            [
              83.222,
              17.6994
            ],
            [
              83.222,
              17.7007
            ],
            [
              83.2205,
              17.7007
            ],
            [
              83.2205,
              17.6994
            ]
          ]
        ]
      },
      "properties": {
        "ulpin": "AP-VSKP-000176",
        "surveyNumber": "116/2A",
        "stateCode": "AP",
        "district": "Visakhapatnam",
        "mandal": "Demo Mandal",
        "village": "Rushikonda",
        "areaAcres": 1.95,
        "areaSqMeters": 7891.38,
        "landUse": "Residential",
        "status": "VERIFIED",
        "ownershipVerified": true,
        "registrationStatus": "ACTIVE",
        "mortgageStatus": "NONE",
        "taxStatus": "PAID",
        "buildingPermitStatus": "APPROVED",
        "disputeStatus": "NONE"
      }
    },
    {
      "type": "Feature",
      "geometry": {
        "type": "Polygon",
        "coordinates": [
          [
            [
              83.22250000000001,
              17.6994
            ],
            [
              83.224,
              17.6994
            ],
            [
              83.224,
              17.7007
            ],
            [
              83.22250000000001,
              17.7007
            ],
            [
              83.22250000000001,
              17.6994
            ]
          ]
        ]
      },
      "properties": {
        "ulpin": "AP-VSKP-000177",
        "surveyNumber": "117/3B",
        "stateCode": "AP",
        "district": "Visakhapatnam",
        "mandal": "Demo Mandal",
        "village": "Madhurawada",
        "areaAcres": 2.4,
        "areaSqMeters": 9712.46,
        "landUse": "Residential",
        "status": "VERIFIED",
        "ownershipVerified": true,
        "registrationStatus": "ACTIVE",
        "mortgageStatus": "NONE",
        "taxStatus": "PAID",
        "buildingPermitStatus": "SUBMITTED",
        "disputeStatus": "NONE"
      }
    },
    {
      "type": "Feature",
      "geometry": {
        "type": "Polygon",
        "coordinates": [
          [
            [
              83.2245,
              17.6994
            ],
            [
              83.226,
              17.6994
            ],
            [
              83.226,
              17.7007
            ],
            [
              83.2245,
              17.7007
            ],
            [
              83.2245,
              17.6994
            ]
          ]
        ]
      },
      "properties": {
        "ulpin": "AP-VSKP-000178",
        "surveyNumber": "118/4C",
        "stateCode": "AP",
        "district": "Visakhapatnam",
        "mandal": "Demo Mandal",
        "village": "Pendurthi",
        "areaAcres": 2.85,
        "areaSqMeters": 11533.55,
        "landUse": "Commercial",
        "status": "VERIFIED",
        "ownershipVerified": true,
        "registrationStatus": "ACTIVE",
        "mortgageStatus": "NONE",
        "taxStatus": "PAID",
        "buildingPermitStatus": "NONE",
        "disputeStatus": "NONE"
      }
    },
    {
      "type": "Feature",
      "geometry": {
        "type": "Polygon",
        "coordinates": [
          [
            [
              83.2265,
              17.6994
            ],
            [
              83.228,
              17.6994
            ],
            [
              83.228,
              17.7007
            ],
            [
              83.2265,
              17.7007
            ],
            [
              83.2265,
              17.6994
            ]
          ]
        ]
      },
      "properties": {
        "ulpin": "AP-VSKP-000179",
        "surveyNumber": "119/5",
        "stateCode": "AP",
        "district": "Visakhapatnam",
        "mandal": "Demo Mandal",
        "village": "Gajuwaka",
        "areaAcres": 3.3,
        "areaSqMeters": 13354.64,
        "landUse": "Agricultural",
        "status": "VERIFIED",
        "ownershipVerified": true,
        "registrationStatus": "ACTIVE",
        "mortgageStatus": "NONE",
        "taxStatus": "PAID",
        "buildingPermitStatus": "NONE",
        "disputeStatus": "NONE"
      }
    },
    {
      "type": "Feature",
      "geometry": {
        "type": "Polygon",
        "coordinates": [
          [
            [
              83.22850000000001,
              17.6994
            ],
            [
              83.23,
              17.6994
            ],
            [
              83.23,
              17.7007
            ],
            [
              83.22850000000001,
              17.7007
            ],
            [
              83.22850000000001,
              17.6994
            ]
          ]
        ]
      },
      "properties": {
        "ulpin": "AP-VSKP-000180",
        "surveyNumber": "120/1A",
        "stateCode": "AP",
        "district": "Visakhapatnam",
        "mandal": "Demo Mandal",
        "village": "Bhoomi Village",
        "areaAcres": 3.75,
        "areaSqMeters": 15175.73,
        "landUse": "Industrial",
        "status": "PENDING_VERIFICATION",
        "ownershipVerified": false,
        "registrationStatus": "ACTIVE",
        "mortgageStatus": "NONE",
        "taxStatus": "PENDING",
        "buildingPermitStatus": "NONE",
        "disputeStatus": "NONE"
      }
    },
    {
      "type": "Feature",
      "geometry": {
        "type": "Polygon",
        "coordinates": [
          [
            [
              83.2305,
              17.6994
            ],
            [
              83.232,
              17.6994
            ],
            [
              83.232,
              17.7007
            ],
            [
              83.2305,
              17.7007
            ],
            [
              83.2305,
              17.6994
            ]
          ]
        ]
      },
      "properties": {
        "ulpin": "AP-VSKP-000181",
        "surveyNumber": "121/2B",
        "stateCode": "AP",
        "district": "Visakhapatnam",
        "mandal": "Demo Mandal",
        "village": "Rushikonda",
        "areaAcres": 4.2,
        "areaSqMeters": 16996.81,
        "landUse": "Special Zone",
        "status": "VERIFIED",
        "ownershipVerified": true,
        "registrationStatus": "ACTIVE",
        "mortgageStatus": "NONE",
        "taxStatus": "PAID",
        "buildingPermitStatus": "NONE",
        "disputeStatus": "NONE"
      }
    },
    {
      "type": "Feature",
      "geometry": {
        "type": "Polygon",
        "coordinates": [
          [
            [
              83.2325,
              17.6994
            ],
            [
              83.234,
              17.6994
            ],
            [
              83.234,
              17.7007
            ],
            [
              83.2325,
              17.7007
            ],
            [
              83.2325,
              17.6994
            ]
          ]
        ]
      },
      "properties": {
        "ulpin": "AP-VSKP-000182",
        "surveyNumber": "122/3C",
        "stateCode": "AP",
        "district": "Visakhapatnam",
        "mandal": "Demo Mandal",
        "village": "Madhurawada",
        "areaAcres": 1.5,
        "areaSqMeters": 6070.29,
        "landUse": "Residential",
        "status": "VERIFIED",
        "ownershipVerified": true,
        "registrationStatus": "ACTIVE",
        "mortgageStatus": "ACTIVE_MORTGAGE",
        "taxStatus": "PAID",
        "buildingPermitStatus": "APPROVED",
        "disputeStatus": "NONE"
      }
    },
    {
      "type": "Feature",
      "geometry": {
        "type": "Polygon",
        "coordinates": [
          [
            [
              83.23450000000001,
              17.6994
            ],
            [
              83.236,
              17.6994
            ],
            [
              83.236,
              17.7007
            ],
            [
              83.23450000000001,
              17.7007
            ],
            [
              83.23450000000001,
              17.6994
            ]
          ]
        ]
      },
      "properties": {
        "ulpin": "AP-VSKP-000183",
        "surveyNumber": "123/4",
        "stateCode": "AP",
        "district": "Visakhapatnam",
        "mandal": "Demo Mandal",
        "village": "Pendurthi",
        "areaAcres": 1.95,
        "areaSqMeters": 7891.38,
        "landUse": "Residential",
        "status": "VERIFIED",
        "ownershipVerified": true,
        "registrationStatus": "ACTIVE",
        "mortgageStatus": "NONE",
        "taxStatus": "PAID",
        "buildingPermitStatus": "SUBMITTED",
        "disputeStatus": "NONE"
      }
    },
    {
      "type": "Feature",
      "geometry": {
        "type": "Polygon",
        "coordinates": [
          [
            [
              83.2365,
              17.6994
            ],
            [
              83.238,
              17.6994
            ],
            [
              83.238,
              17.7007
            ],
            [
              83.2365,
              17.7007
            ],
            [
              83.2365,
              17.6994
            ]
          ]
        ]
      },
      "properties": {
        "ulpin": "AP-VSKP-000184",
        "surveyNumber": "124/5A",
        "stateCode": "AP",
        "district": "Visakhapatnam",
        "mandal": "Demo Mandal",
        "village": "Gajuwaka",
        "areaAcres": 2.4,
        "areaSqMeters": 9712.46,
        "landUse": "Residential",
        "status": "DISPUTED",
        "ownershipVerified": true,
        "registrationStatus": "ACTIVE",
        "mortgageStatus": "NONE",
        "taxStatus": "PAID",
        "buildingPermitStatus": "APPROVED",
        "disputeStatus": "ACTIVE_DISPUTE"
      }
    },
    {
      "type": "Feature",
      "geometry": {
        "type": "Polygon",
        "coordinates": [
          [
            [
              83.2385,
              17.6994
            ],
            [
              83.24,
              17.6994
            ],
            [
              83.24,
              17.7007
            ],
            [
              83.2385,
              17.7007
            ],
            [
              83.2385,
              17.6994
            ]
          ]
        ]
      },
      "properties": {
        "ulpin": "AP-VSKP-000185",
        "surveyNumber": "125/1B",
        "stateCode": "AP",
        "district": "Visakhapatnam",
        "mandal": "Demo Mandal",
        "village": "Bhoomi Village",
        "areaAcres": 2.85,
        "areaSqMeters": 11533.55,
        "landUse": "Commercial",
        "status": "VERIFIED",
        "ownershipVerified": true,
        "registrationStatus": "ACTIVE",
        "mortgageStatus": "NONE",
        "taxStatus": "PENDING",
        "buildingPermitStatus": "NONE",
        "disputeStatus": "NONE"
      }
    },
    {
      "type": "Feature",
      "geometry": {
        "type": "Polygon",
        "coordinates": [
          [
            [
              83.24050000000001,
              17.6994
            ],
            [
              83.242,
              17.6994
            ],
            [
              83.242,
              17.7007
            ],
            [
              83.24050000000001,
              17.7007
            ],
            [
              83.24050000000001,
              17.6994
            ]
          ]
        ]
      },
      "properties": {
        "ulpin": "AP-VSKP-000186",
        "surveyNumber": "126/2C",
        "stateCode": "AP",
        "district": "Visakhapatnam",
        "mandal": "Demo Mandal",
        "village": "Rushikonda",
        "areaAcres": 3.3,
        "areaSqMeters": 13354.64,
        "landUse": "Agricultural",
        "status": "VERIFIED",
        "ownershipVerified": true,
        "registrationStatus": "ACTIVE",
        "mortgageStatus": "NONE",
        "taxStatus": "PAID",
        "buildingPermitStatus": "NONE",
        "disputeStatus": "NONE"
      }
    },
    {
      "type": "Feature",
      "geometry": {
        "type": "Polygon",
        "coordinates": [
          [
            [
              83.2425,
              17.6994
            ],
            [
              83.244,
              17.6994
            ],
            [
              83.244,
              17.7007
            ],
            [
              83.2425,
              17.7007
            ],
            [
              83.2425,
              17.6994
            ]
          ]
        ]
      },
      "properties": {
        "ulpin": "AP-VSKP-000187",
        "surveyNumber": "127/3",
        "stateCode": "AP",
        "district": "Visakhapatnam",
        "mandal": "Demo Mandal",
        "village": "Madhurawada",
        "areaAcres": 3.75,
        "areaSqMeters": 15175.73,
        "landUse": "Industrial",
        "status": "VERIFIED",
        "ownershipVerified": true,
        "registrationStatus": "ACTIVE",
        "mortgageStatus": "NONE",
        "taxStatus": "PAID",
        "buildingPermitStatus": "NONE",
        "disputeStatus": "NONE"
      }
    },
    {
      "type": "Feature",
      "geometry": {
        "type": "Polygon",
        "coordinates": [
          [
            [
              83.2445,
              17.6994
            ],
            [
              83.246,
              17.6994
            ],
            [
              83.246,
              17.7007
            ],
            [
              83.2445,
              17.7007
            ],
            [
              83.2445,
              17.6994
            ]
          ]
        ]
      },
      "properties": {
        "ulpin": "AP-VSKP-000188",
        "surveyNumber": "128/4A",
        "stateCode": "AP",
        "district": "Visakhapatnam",
        "mandal": "Demo Mandal",
        "village": "Pendurthi",
        "areaAcres": 4.2,
        "areaSqMeters": 16996.81,
        "landUse": "Special Zone",
        "status": "VERIFIED",
        "ownershipVerified": true,
        "registrationStatus": "ACTIVE",
        "mortgageStatus": "NONE",
        "taxStatus": "PAID",
        "buildingPermitStatus": "NONE",
        "disputeStatus": "NONE"
      }
    },
    {
      "type": "Feature",
      "geometry": {
        "type": "Polygon",
        "coordinates": [
          [
            [
              83.24650000000001,
              17.6994
            ],
            [
              83.248,
              17.6994
            ],
            [
              83.248,
              17.7007
            ],
            [
              83.24650000000001,
              17.7007
            ],
            [
              83.24650000000001,
              17.6994
            ]
          ]
        ]
      },
      "properties": {
        "ulpin": "AP-VSKP-000189",
        "surveyNumber": "129/5B",
        "stateCode": "AP",
        "district": "Visakhapatnam",
        "mandal": "Demo Mandal",
        "village": "Gajuwaka",
        "areaAcres": 1.5,
        "areaSqMeters": 6070.29,
        "landUse": "Residential",
        "status": "PENDING_VERIFICATION",
        "ownershipVerified": false,
        "registrationStatus": "ACTIVE",
        "mortgageStatus": "ACTIVE_MORTGAGE",
        "taxStatus": "PAID",
        "buildingPermitStatus": "SUBMITTED",
        "disputeStatus": "NONE"
      }
    },
    {
      "type": "Feature",
      "geometry": {
        "type": "Polygon",
        "coordinates": [
          [
            [
              83.2485,
              17.6994
            ],
            [
              83.25,
              17.6994
            ],
            [
              83.25,
              17.7007
            ],
            [
              83.2485,
              17.7007
            ],
            [
              83.2485,
              17.6994
            ]
          ]
        ]
      },
      "properties": {
        "ulpin": "AP-VSKP-000190",
        "surveyNumber": "130/1C",
        "stateCode": "AP",
        "district": "Visakhapatnam",
        "mandal": "Demo Mandal",
        "village": "Bhoomi Village",
        "areaAcres": 1.95,
        "areaSqMeters": 7891.38,
        "landUse": "Residential",
        "status": "VERIFIED",
        "ownershipVerified": true,
        "registrationStatus": "ACTIVE",
        "mortgageStatus": "NONE",
        "taxStatus": "PENDING",
        "buildingPermitStatus": "APPROVED",
        "disputeStatus": "NONE"
      }
    },
    {
      "type": "Feature",
      "geometry": {
        "type": "Polygon",
        "coordinates": [
          [
            [
              83.2505,
              17.6994
            ],
            [
              83.252,
              17.6994
            ],
            [
              83.252,
              17.7007
            ],
            [
              83.2505,
              17.7007
            ],
            [
              83.2505,
              17.6994
            ]
          ]
        ]
      },
      "properties": {
        "ulpin": "AP-VSKP-000191",
        "surveyNumber": "131/2",
        "stateCode": "AP",
        "district": "Visakhapatnam",
        "mandal": "Demo Mandal",
        "village": "Rushikonda",
        "areaAcres": 2.4,
        "areaSqMeters": 9712.46,
        "landUse": "Residential",
        "status": "VERIFIED",
        "ownershipVerified": true,
        "registrationStatus": "ACTIVE",
        "mortgageStatus": "NONE",
        "taxStatus": "PAID",
        "buildingPermitStatus": "SUBMITTED",
        "disputeStatus": "NONE"
      }
    },
    {
      "type": "Feature",
      "geometry": {
        "type": "Polygon",
        "coordinates": [
          [
            [
              83.25250000000001,
              17.6994
            ],
            [
              83.254,
              17.6994
            ],
            [
              83.254,
              17.7007
            ],
            [
              83.25250000000001,
              17.7007
            ],
            [
              83.25250000000001,
              17.6994
            ]
          ]
        ]
      },
      "properties": {
        "ulpin": "AP-VSKP-000192",
        "surveyNumber": "132/3A",
        "stateCode": "AP",
        "district": "Visakhapatnam",
        "mandal": "Demo Mandal",
        "village": "Madhurawada",
        "areaAcres": 2.85,
        "areaSqMeters": 11533.55,
        "landUse": "Commercial",
        "status": "VERIFIED",
        "ownershipVerified": true,
        "registrationStatus": "ACTIVE",
        "mortgageStatus": "NONE",
        "taxStatus": "PAID",
        "buildingPermitStatus": "NONE",
        "disputeStatus": "NONE"
      }
    },
    {
      "type": "Feature",
      "geometry": {
        "type": "Polygon",
        "coordinates": [
          [
            [
              83.25450000000001,
              17.6994
            ],
            [
              83.256,
              17.6994
            ],
            [
              83.256,
              17.7007
            ],
            [
              83.25450000000001,
              17.7007
            ],
            [
              83.25450000000001,
              17.6994
            ]
          ]
        ]
      },
      "properties": {
        "ulpin": "AP-VSKP-000193",
        "surveyNumber": "133/4B",
        "stateCode": "AP",
        "district": "Visakhapatnam",
        "mandal": "Demo Mandal",
        "village": "Pendurthi",
        "areaAcres": 3.3,
        "areaSqMeters": 13354.64,
        "landUse": "Agricultural",
        "status": "VERIFIED",
        "ownershipVerified": true,
        "registrationStatus": "ACTIVE",
        "mortgageStatus": "NONE",
        "taxStatus": "PAID",
        "buildingPermitStatus": "NONE",
        "disputeStatus": "NONE"
      }
    },
    {
      "type": "Feature",
      "geometry": {
        "type": "Polygon",
        "coordinates": [
          [
            [
              83.2565,
              17.6994
            ],
            [
              83.258,
              17.6994
            ],
            [
              83.258,
              17.7007
            ],
            [
              83.2565,
              17.7007
            ],
            [
              83.2565,
              17.6994
            ]
          ]
        ]
      },
      "properties": {
        "ulpin": "AP-VSKP-000194",
        "surveyNumber": "134/5C",
        "stateCode": "AP",
        "district": "Visakhapatnam",
        "mandal": "Demo Mandal",
        "village": "Gajuwaka",
        "areaAcres": 3.75,
        "areaSqMeters": 15175.73,
        "landUse": "Industrial",
        "status": "VERIFIED",
        "ownershipVerified": true,
        "registrationStatus": "ACTIVE",
        "mortgageStatus": "NONE",
        "taxStatus": "PAID",
        "buildingPermitStatus": "NONE",
        "disputeStatus": "NONE"
      }
    },
    {
      "type": "Feature",
      "geometry": {
        "type": "Polygon",
        "coordinates": [
          [
            [
              83.25850000000001,
              17.6994
            ],
            [
              83.26,
              17.6994
            ],
            [
              83.26,
              17.7007
            ],
            [
              83.25850000000001,
              17.7007
            ],
            [
              83.25850000000001,
              17.6994
            ]
          ]
        ]
      },
      "properties": {
        "ulpin": "AP-VSKP-000195",
        "surveyNumber": "135/1",
        "stateCode": "AP",
        "district": "Visakhapatnam",
        "mandal": "Demo Mandal",
        "village": "Bhoomi Village",
        "areaAcres": 4.2,
        "areaSqMeters": 16996.81,
        "landUse": "Special Zone",
        "status": "VERIFIED",
        "ownershipVerified": true,
        "registrationStatus": "ACTIVE",
        "mortgageStatus": "NONE",
        "taxStatus": "PENDING",
        "buildingPermitStatus": "NONE",
        "disputeStatus": "NONE"
      }
    },
    {
      "type": "Feature",
      "geometry": {
        "type": "Polygon",
        "coordinates": [
          [
            [
              83.26050000000001,
              17.6994
            ],
            [
              83.262,
              17.6994
            ],
            [
              83.262,
              17.7007
            ],
            [
              83.26050000000001,
              17.7007
            ],
            [
              83.26050000000001,
              17.6994
            ]
          ]
        ]
      },
      "properties": {
        "ulpin": "AP-VSKP-000196",
        "surveyNumber": "136/2A",
        "stateCode": "AP",
        "district": "Visakhapatnam",
        "mandal": "Demo Mandal",
        "village": "Rushikonda",
        "areaAcres": 1.5,
        "areaSqMeters": 6070.29,
        "landUse": "Residential",
        "status": "VERIFIED",
        "ownershipVerified": true,
        "registrationStatus": "ACTIVE",
        "mortgageStatus": "ACTIVE_MORTGAGE",
        "taxStatus": "PAID",
        "buildingPermitStatus": "APPROVED",
        "disputeStatus": "NONE"
      }
    },
    {
      "type": "Feature",
      "geometry": {
        "type": "Polygon",
        "coordinates": [
          [
            [
              83.2625,
              17.6994
            ],
            [
              83.264,
              17.6994
            ],
            [
              83.264,
              17.7007
            ],
            [
              83.2625,
              17.7007
            ],
            [
              83.2625,
              17.6994
            ]
          ]
        ]
      },
      "properties": {
        "ulpin": "AP-VSKP-000197",
        "surveyNumber": "137/3B",
        "stateCode": "AP",
        "district": "Visakhapatnam",
        "mandal": "Demo Mandal",
        "village": "Madhurawada",
        "areaAcres": 1.95,
        "areaSqMeters": 7891.38,
        "landUse": "Residential",
        "status": "VERIFIED",
        "ownershipVerified": true,
        "registrationStatus": "ACTIVE",
        "mortgageStatus": "NONE",
        "taxStatus": "PAID",
        "buildingPermitStatus": "SUBMITTED",
        "disputeStatus": "NONE"
      }
    },
    {
      "type": "Feature",
      "geometry": {
        "type": "Polygon",
        "coordinates": [
          [
            [
              83.26450000000001,
              17.6994
            ],
            [
              83.266,
              17.6994
            ],
            [
              83.266,
              17.7007
            ],
            [
              83.26450000000001,
              17.7007
            ],
            [
              83.26450000000001,
              17.6994
            ]
          ]
        ]
      },
      "properties": {
        "ulpin": "AP-VSKP-000198",
        "surveyNumber": "138/4C",
        "stateCode": "AP",
        "district": "Visakhapatnam",
        "mandal": "Demo Mandal",
        "village": "Pendurthi",
        "areaAcres": 2.4,
        "areaSqMeters": 9712.46,
        "landUse": "Residential",
        "status": "PENDING_VERIFICATION",
        "ownershipVerified": false,
        "registrationStatus": "ACTIVE",
        "mortgageStatus": "NONE",
        "taxStatus": "PAID",
        "buildingPermitStatus": "APPROVED",
        "disputeStatus": "NONE"
      }
    },
    {
      "type": "Feature",
      "geometry": {
        "type": "Polygon",
        "coordinates": [
          [
            [
              83.26650000000001,
              17.6994
            ],
            [
              83.268,
              17.6994
            ],
            [
              83.268,
              17.7007
            ],
            [
              83.26650000000001,
              17.7007
            ],
            [
              83.26650000000001,
              17.6994
            ]
          ]
        ]
      },
      "properties": {
        "ulpin": "AP-VSKP-000199",
        "surveyNumber": "139/5",
        "stateCode": "AP",
        "district": "Visakhapatnam",
        "mandal": "Demo Mandal",
        "village": "Gajuwaka",
        "areaAcres": 2.85,
        "areaSqMeters": 11533.55,
        "landUse": "Commercial",
        "status": "VERIFIED",
        "ownershipVerified": true,
        "registrationStatus": "ACTIVE",
        "mortgageStatus": "NONE",
        "taxStatus": "PAID",
        "buildingPermitStatus": "NONE",
        "disputeStatus": "NONE"
      }
    },
    {
      "type": "Feature",
      "geometry": {
        "type": "Polygon",
        "coordinates": [
          [
            [
              83.2185,
              17.7012
            ],
            [
              83.22,
              17.7012
            ],
            [
              83.22,
              17.7025
            ],
            [
              83.2185,
              17.7025
            ],
            [
              83.2185,
              17.7012
            ]
          ]
        ]
      },
      "properties": {
        "ulpin": "AP-VSKP-000200",
        "surveyNumber": "140/1A",
        "stateCode": "AP",
        "district": "Visakhapatnam",
        "mandal": "Demo Mandal",
        "village": "Bhoomi Village",
        "areaAcres": 3.3,
        "areaSqMeters": 13354.64,
        "landUse": "Agricultural",
        "status": "VERIFIED",
        "ownershipVerified": true,
        "registrationStatus": "ACTIVE",
        "mortgageStatus": "NONE",
        "taxStatus": "PENDING",
        "buildingPermitStatus": "NONE",
        "disputeStatus": "NONE"
      }
    },
    {
      "type": "Feature",
      "geometry": {
        "type": "Polygon",
        "coordinates": [
          [
            [
              83.2205,
              17.7012
            ],
            [
              83.222,
              17.7012
            ],
            [
              83.222,
              17.7025
            ],
            [
              83.2205,
              17.7025
            ],
            [
              83.2205,
              17.7012
            ]
          ]
        ]
      },
      "properties": {
        "ulpin": "AP-VSKP-000201",
        "surveyNumber": "141/2B",
        "stateCode": "AP",
        "district": "Visakhapatnam",
        "mandal": "Demo Mandal",
        "village": "Rushikonda",
        "areaAcres": 3.75,
        "areaSqMeters": 15175.73,
        "landUse": "Industrial",
        "status": "VERIFIED",
        "ownershipVerified": true,
        "registrationStatus": "ACTIVE",
        "mortgageStatus": "NONE",
        "taxStatus": "PAID",
        "buildingPermitStatus": "NONE",
        "disputeStatus": "NONE"
      }
    },
    {
      "type": "Feature",
      "geometry": {
        "type": "Polygon",
        "coordinates": [
          [
            [
              83.22250000000001,
              17.7012
            ],
            [
              83.224,
              17.7012
            ],
            [
              83.224,
              17.7025
            ],
            [
              83.22250000000001,
              17.7025
            ],
            [
              83.22250000000001,
              17.7012
            ]
          ]
        ]
      },
      "properties": {
        "ulpin": "AP-VSKP-000202",
        "surveyNumber": "142/3C",
        "stateCode": "AP",
        "district": "Visakhapatnam",
        "mandal": "Demo Mandal",
        "village": "Madhurawada",
        "areaAcres": 4.2,
        "areaSqMeters": 16996.81,
        "landUse": "Special Zone",
        "status": "VERIFIED",
        "ownershipVerified": true,
        "registrationStatus": "ACTIVE",
        "mortgageStatus": "NONE",
        "taxStatus": "PAID",
        "buildingPermitStatus": "NONE",
        "disputeStatus": "NONE"
      }
    },
    {
      "type": "Feature",
      "geometry": {
        "type": "Polygon",
        "coordinates": [
          [
            [
              83.2245,
              17.7012
            ],
            [
              83.226,
              17.7012
            ],
            [
              83.226,
              17.7025
            ],
            [
              83.2245,
              17.7025
            ],
            [
              83.2245,
              17.7012
            ]
          ]
        ]
      },
      "properties": {
        "ulpin": "AP-VSKP-000203",
        "surveyNumber": "143/4",
        "stateCode": "AP",
        "district": "Visakhapatnam",
        "mandal": "Demo Mandal",
        "village": "Pendurthi",
        "areaAcres": 1.5,
        "areaSqMeters": 6070.29,
        "landUse": "Residential",
        "status": "VERIFIED",
        "ownershipVerified": true,
        "registrationStatus": "ACTIVE",
        "mortgageStatus": "ACTIVE_MORTGAGE",
        "taxStatus": "PAID",
        "buildingPermitStatus": "SUBMITTED",
        "disputeStatus": "NONE"
      }
    },
    {
      "type": "Feature",
      "geometry": {
        "type": "Polygon",
        "coordinates": [
          [
            [
              83.2265,
              17.7012
            ],
            [
              83.228,
              17.7012
            ],
            [
              83.228,
              17.7025
            ],
            [
              83.2265,
              17.7025
            ],
            [
              83.2265,
              17.7012
            ]
          ]
        ]
      },
      "properties": {
        "ulpin": "AP-VSKP-000204",
        "surveyNumber": "144/5A",
        "stateCode": "AP",
        "district": "Visakhapatnam",
        "mandal": "Demo Mandal",
        "village": "Gajuwaka",
        "areaAcres": 1.95,
        "areaSqMeters": 7891.38,
        "landUse": "Residential",
        "status": "VERIFIED",
        "ownershipVerified": true,
        "registrationStatus": "ACTIVE",
        "mortgageStatus": "NONE",
        "taxStatus": "PAID",
        "buildingPermitStatus": "APPROVED",
        "disputeStatus": "NONE"
      }
    },
    {
      "type": "Feature",
      "geometry": {
        "type": "Polygon",
        "coordinates": [
          [
            [
              83.22850000000001,
              17.7012
            ],
            [
              83.23,
              17.7012
            ],
            [
              83.23,
              17.7025
            ],
            [
              83.22850000000001,
              17.7025
            ],
            [
              83.22850000000001,
              17.7012
            ]
          ]
        ]
      },
      "properties": {
        "ulpin": "AP-VSKP-000205",
        "surveyNumber": "145/1B",
        "stateCode": "AP",
        "district": "Visakhapatnam",
        "mandal": "Demo Mandal",
        "village": "Bhoomi Village",
        "areaAcres": 2.4,
        "areaSqMeters": 9712.46,
        "landUse": "Residential",
        "status": "VERIFIED",
        "ownershipVerified": true,
        "registrationStatus": "ACTIVE",
        "mortgageStatus": "NONE",
        "taxStatus": "PENDING",
        "buildingPermitStatus": "SUBMITTED",
        "disputeStatus": "NONE"
      }
    },
    {
      "type": "Feature",
      "geometry": {
        "type": "Polygon",
        "coordinates": [
          [
            [
              83.2305,
              17.7012
            ],
            [
              83.232,
              17.7012
            ],
            [
              83.232,
              17.7025
            ],
            [
              83.2305,
              17.7025
            ],
            [
              83.2305,
              17.7012
            ]
          ]
        ]
      },
      "properties": {
        "ulpin": "AP-VSKP-000206",
        "surveyNumber": "146/2C",
        "stateCode": "AP",
        "district": "Visakhapatnam",
        "mandal": "Demo Mandal",
        "village": "Rushikonda",
        "areaAcres": 2.85,
        "areaSqMeters": 11533.55,
        "landUse": "Commercial",
        "status": "VERIFIED",
        "ownershipVerified": true,
        "registrationStatus": "ACTIVE",
        "mortgageStatus": "NONE",
        "taxStatus": "PAID",
        "buildingPermitStatus": "NONE",
        "disputeStatus": "NONE"
      }
    },
    {
      "type": "Feature",
      "geometry": {
        "type": "Polygon",
        "coordinates": [
          [
            [
              83.2325,
              17.7012
            ],
            [
              83.234,
              17.7012
            ],
            [
              83.234,
              17.7025
            ],
            [
              83.2325,
              17.7025
            ],
            [
              83.2325,
              17.7012
            ]
          ]
        ]
      },
      "properties": {
        "ulpin": "AP-VSKP-000207",
        "surveyNumber": "147/3",
        "stateCode": "AP",
        "district": "Visakhapatnam",
        "mandal": "Demo Mandal",
        "village": "Madhurawada",
        "areaAcres": 3.3,
        "areaSqMeters": 13354.64,
        "landUse": "Agricultural",
        "status": "DISPUTED",
        "ownershipVerified": false,
        "registrationStatus": "ACTIVE",
        "mortgageStatus": "NONE",
        "taxStatus": "PAID",
        "buildingPermitStatus": "NONE",
        "disputeStatus": "ACTIVE_DISPUTE"
      }
    },
    {
      "type": "Feature",
      "geometry": {
        "type": "Polygon",
        "coordinates": [
          [
            [
              83.23450000000001,
              17.7012
            ],
            [
              83.236,
              17.7012
            ],
            [
              83.236,
              17.7025
            ],
            [
              83.23450000000001,
              17.7025
            ],
            [
              83.23450000000001,
              17.7012
            ]
          ]
        ]
      },
      "properties": {
        "ulpin": "AP-VSKP-000208",
        "surveyNumber": "148/4A",
        "stateCode": "AP",
        "district": "Visakhapatnam",
        "mandal": "Demo Mandal",
        "village": "Pendurthi",
        "areaAcres": 3.75,
        "areaSqMeters": 15175.73,
        "landUse": "Industrial",
        "status": "VERIFIED",
        "ownershipVerified": true,
        "registrationStatus": "ACTIVE",
        "mortgageStatus": "NONE",
        "taxStatus": "PAID",
        "buildingPermitStatus": "NONE",
        "disputeStatus": "NONE"
      }
    },
    {
      "type": "Feature",
      "geometry": {
        "type": "Polygon",
        "coordinates": [
          [
            [
              83.2365,
              17.7012
            ],
            [
              83.238,
              17.7012
            ],
            [
              83.238,
              17.7025
            ],
            [
              83.2365,
              17.7025
            ],
            [
              83.2365,
              17.7012
            ]
          ]
        ]
      },
      "properties": {
        "ulpin": "AP-VSKP-000209",
        "surveyNumber": "149/5B",
        "stateCode": "AP",
        "district": "Visakhapatnam",
        "mandal": "Demo Mandal",
        "village": "Gajuwaka",
        "areaAcres": 4.2,
        "areaSqMeters": 16996.81,
        "landUse": "Special Zone",
        "status": "VERIFIED",
        "ownershipVerified": true,
        "registrationStatus": "ACTIVE",
        "mortgageStatus": "NONE",
        "taxStatus": "PAID",
        "buildingPermitStatus": "NONE",
        "disputeStatus": "NONE"
      }
    },
    {
      "type": "Feature",
      "geometry": {
        "type": "Polygon",
        "coordinates": [
          [
            [
              83.2385,
              17.7012
            ],
            [
              83.24,
              17.7012
            ],
            [
              83.24,
              17.7025
            ],
            [
              83.2385,
              17.7025
            ],
            [
              83.2385,
              17.7012
            ]
          ]
        ]
      },
      "properties": {
        "ulpin": "AP-VSKP-000210",
        "surveyNumber": "150/1C",
        "stateCode": "AP",
        "district": "Visakhapatnam",
        "mandal": "Demo Mandal",
        "village": "Bhoomi Village",
        "areaAcres": 1.5,
        "areaSqMeters": 6070.29,
        "landUse": "Residential",
        "status": "VERIFIED",
        "ownershipVerified": true,
        "registrationStatus": "ACTIVE",
        "mortgageStatus": "ACTIVE_MORTGAGE",
        "taxStatus": "PENDING",
        "buildingPermitStatus": "APPROVED",
        "disputeStatus": "NONE"
      }
    },
    {
      "type": "Feature",
      "geometry": {
        "type": "Polygon",
        "coordinates": [
          [
            [
              83.24050000000001,
              17.7012
            ],
            [
              83.242,
              17.7012
            ],
            [
              83.242,
              17.7025
            ],
            [
              83.24050000000001,
              17.7025
            ],
            [
              83.24050000000001,
              17.7012
            ]
          ]
        ]
      },
      "properties": {
        "ulpin": "AP-VSKP-000211",
        "surveyNumber": "151/2",
        "stateCode": "AP",
        "district": "Visakhapatnam",
        "mandal": "Demo Mandal",
        "village": "Rushikonda",
        "areaAcres": 1.95,
        "areaSqMeters": 7891.38,
        "landUse": "Residential",
        "status": "VERIFIED",
        "ownershipVerified": true,
        "registrationStatus": "ACTIVE",
        "mortgageStatus": "NONE",
        "taxStatus": "PAID",
        "buildingPermitStatus": "SUBMITTED",
        "disputeStatus": "NONE"
      }
    },
    {
      "type": "Feature",
      "geometry": {
        "type": "Polygon",
        "coordinates": [
          [
            [
              83.2425,
              17.7012
            ],
            [
              83.244,
              17.7012
            ],
            [
              83.244,
              17.7025
            ],
            [
              83.2425,
              17.7025
            ],
            [
              83.2425,
              17.7012
            ]
          ]
        ]
      },
      "properties": {
        "ulpin": "AP-VSKP-000212",
        "surveyNumber": "152/3A",
        "stateCode": "AP",
        "district": "Visakhapatnam",
        "mandal": "Demo Mandal",
        "village": "Madhurawada",
        "areaAcres": 2.4,
        "areaSqMeters": 9712.46,
        "landUse": "Residential",
        "status": "VERIFIED",
        "ownershipVerified": true,
        "registrationStatus": "ACTIVE",
        "mortgageStatus": "NONE",
        "taxStatus": "PAID",
        "buildingPermitStatus": "APPROVED",
        "disputeStatus": "NONE"
      }
    },
    {
      "type": "Feature",
      "geometry": {
        "type": "Polygon",
        "coordinates": [
          [
            [
              83.2445,
              17.7012
            ],
            [
              83.246,
              17.7012
            ],
            [
              83.246,
              17.7025
            ],
            [
              83.2445,
              17.7025
            ],
            [
              83.2445,
              17.7012
            ]
          ]
        ]
      },
      "properties": {
        "ulpin": "AP-VSKP-000213",
        "surveyNumber": "153/4B",
        "stateCode": "AP",
        "district": "Visakhapatnam",
        "mandal": "Demo Mandal",
        "village": "Pendurthi",
        "areaAcres": 2.85,
        "areaSqMeters": 11533.55,
        "landUse": "Commercial",
        "status": "VERIFIED",
        "ownershipVerified": true,
        "registrationStatus": "ACTIVE",
        "mortgageStatus": "NONE",
        "taxStatus": "PAID",
        "buildingPermitStatus": "NONE",
        "disputeStatus": "NONE"
      }
    },
    {
      "type": "Feature",
      "geometry": {
        "type": "Polygon",
        "coordinates": [
          [
            [
              83.24650000000001,
              17.7012
            ],
            [
              83.248,
              17.7012
            ],
            [
              83.248,
              17.7025
            ],
            [
              83.24650000000001,
              17.7025
            ],
            [
              83.24650000000001,
              17.7012
            ]
          ]
        ]
      },
      "properties": {
        "ulpin": "AP-VSKP-000214",
        "surveyNumber": "154/5C",
        "stateCode": "AP",
        "district": "Visakhapatnam",
        "mandal": "Demo Mandal",
        "village": "Gajuwaka",
        "areaAcres": 3.3,
        "areaSqMeters": 13354.64,
        "landUse": "Agricultural",
        "status": "VERIFIED",
        "ownershipVerified": true,
        "registrationStatus": "ACTIVE",
        "mortgageStatus": "NONE",
        "taxStatus": "PAID",
        "buildingPermitStatus": "NONE",
        "disputeStatus": "NONE"
      }
    },
    {
      "type": "Feature",
      "geometry": {
        "type": "Polygon",
        "coordinates": [
          [
            [
              83.2485,
              17.7012
            ],
            [
              83.25,
              17.7012
            ],
            [
              83.25,
              17.7025
            ],
            [
              83.2485,
              17.7025
            ],
            [
              83.2485,
              17.7012
            ]
          ]
        ]
      },
      "properties": {
        "ulpin": "AP-VSKP-000215",
        "surveyNumber": "155/1",
        "stateCode": "AP",
        "district": "Visakhapatnam",
        "mandal": "Demo Mandal",
        "village": "Bhoomi Village",
        "areaAcres": 3.75,
        "areaSqMeters": 15175.73,
        "landUse": "Industrial",
        "status": "VERIFIED",
        "ownershipVerified": true,
        "registrationStatus": "ACTIVE",
        "mortgageStatus": "NONE",
        "taxStatus": "PENDING",
        "buildingPermitStatus": "NONE",
        "disputeStatus": "NONE"
      }
    },
    {
      "type": "Feature",
      "geometry": {
        "type": "Polygon",
        "coordinates": [
          [
            [
              83.2505,
              17.7012
            ],
            [
              83.252,
              17.7012
            ],
            [
              83.252,
              17.7025
            ],
            [
              83.2505,
              17.7025
            ],
            [
              83.2505,
              17.7012
            ]
          ]
        ]
      },
      "properties": {
        "ulpin": "AP-VSKP-000216",
        "surveyNumber": "156/2A",
        "stateCode": "AP",
        "district": "Visakhapatnam",
        "mandal": "Demo Mandal",
        "village": "Rushikonda",
        "areaAcres": 4.2,
        "areaSqMeters": 16996.81,
        "landUse": "Special Zone",
        "status": "PENDING_VERIFICATION",
        "ownershipVerified": false,
        "registrationStatus": "ACTIVE",
        "mortgageStatus": "NONE",
        "taxStatus": "PAID",
        "buildingPermitStatus": "NONE",
        "disputeStatus": "NONE"
      }
    },
    {
      "type": "Feature",
      "geometry": {
        "type": "Polygon",
        "coordinates": [
          [
            [
              83.25250000000001,
              17.7012
            ],
            [
              83.254,
              17.7012
            ],
            [
              83.254,
              17.7025
            ],
            [
              83.25250000000001,
              17.7025
            ],
            [
              83.25250000000001,
              17.7012
            ]
          ]
        ]
      },
      "properties": {
        "ulpin": "AP-VSKP-000217",
        "surveyNumber": "157/3B",
        "stateCode": "AP",
        "district": "Visakhapatnam",
        "mandal": "Demo Mandal",
        "village": "Madhurawada",
        "areaAcres": 1.5,
        "areaSqMeters": 6070.29,
        "landUse": "Residential",
        "status": "VERIFIED",
        "ownershipVerified": true,
        "registrationStatus": "ACTIVE",
        "mortgageStatus": "ACTIVE_MORTGAGE",
        "taxStatus": "PAID",
        "buildingPermitStatus": "SUBMITTED",
        "disputeStatus": "NONE"
      }
    },
    {
      "type": "Feature",
      "geometry": {
        "type": "Polygon",
        "coordinates": [
          [
            [
              83.25450000000001,
              17.7012
            ],
            [
              83.256,
              17.7012
            ],
            [
              83.256,
              17.7025
            ],
            [
              83.25450000000001,
              17.7025
            ],
            [
              83.25450000000001,
              17.7012
            ]
          ]
        ]
      },
      "properties": {
        "ulpin": "AP-VSKP-000218",
        "surveyNumber": "158/4C",
        "stateCode": "AP",
        "district": "Visakhapatnam",
        "mandal": "Demo Mandal",
        "village": "Pendurthi",
        "areaAcres": 1.95,
        "areaSqMeters": 7891.38,
        "landUse": "Residential",
        "status": "VERIFIED",
        "ownershipVerified": true,
        "registrationStatus": "ACTIVE",
        "mortgageStatus": "NONE",
        "taxStatus": "PAID",
        "buildingPermitStatus": "APPROVED",
        "disputeStatus": "NONE"
      }
    },
    {
      "type": "Feature",
      "geometry": {
        "type": "Polygon",
        "coordinates": [
          [
            [
              83.2565,
              17.7012
            ],
            [
              83.258,
              17.7012
            ],
            [
              83.258,
              17.7025
            ],
            [
              83.2565,
              17.7025
            ],
            [
              83.2565,
              17.7012
            ]
          ]
        ]
      },
      "properties": {
        "ulpin": "AP-VSKP-000219",
        "surveyNumber": "159/5",
        "stateCode": "AP",
        "district": "Visakhapatnam",
        "mandal": "Demo Mandal",
        "village": "Gajuwaka",
        "areaAcres": 2.4,
        "areaSqMeters": 9712.46,
        "landUse": "Residential",
        "status": "VERIFIED",
        "ownershipVerified": true,
        "registrationStatus": "ACTIVE",
        "mortgageStatus": "NONE",
        "taxStatus": "PAID",
        "buildingPermitStatus": "SUBMITTED",
        "disputeStatus": "NONE"
      }
    },
    {
      "type": "Feature",
      "geometry": {
        "type": "Polygon",
        "coordinates": [
          [
            [
              83.25850000000001,
              17.7012
            ],
            [
              83.26,
              17.7012
            ],
            [
              83.26,
              17.7025
            ],
            [
              83.25850000000001,
              17.7025
            ],
            [
              83.25850000000001,
              17.7012
            ]
          ]
        ]
      },
      "properties": {
        "ulpin": "AP-VSKP-000220",
        "surveyNumber": "160/1A",
        "stateCode": "AP",
        "district": "Visakhapatnam",
        "mandal": "Demo Mandal",
        "village": "Bhoomi Village",
        "areaAcres": 2.85,
        "areaSqMeters": 11533.55,
        "landUse": "Commercial",
        "status": "VERIFIED",
        "ownershipVerified": true,
        "registrationStatus": "ACTIVE",
        "mortgageStatus": "NONE",
        "taxStatus": "PENDING",
        "buildingPermitStatus": "NONE",
        "disputeStatus": "NONE"
      }
    },
    {
      "type": "Feature",
      "geometry": {
        "type": "Polygon",
        "coordinates": [
          [
            [
              83.26050000000001,
              17.7012
            ],
            [
              83.262,
              17.7012
            ],
            [
              83.262,
              17.7025
            ],
            [
              83.26050000000001,
              17.7025
            ],
            [
              83.26050000000001,
              17.7012
            ]
          ]
        ]
      },
      "properties": {
        "ulpin": "AP-VSKP-000221",
        "surveyNumber": "161/2B",
        "stateCode": "AP",
        "district": "Visakhapatnam",
        "mandal": "Demo Mandal",
        "village": "Rushikonda",
        "areaAcres": 3.3,
        "areaSqMeters": 13354.64,
        "landUse": "Agricultural",
        "status": "VERIFIED",
        "ownershipVerified": true,
        "registrationStatus": "ACTIVE",
        "mortgageStatus": "NONE",
        "taxStatus": "PAID",
        "buildingPermitStatus": "NONE",
        "disputeStatus": "NONE"
      }
    },
    {
      "type": "Feature",
      "geometry": {
        "type": "Polygon",
        "coordinates": [
          [
            [
              83.2625,
              17.7012
            ],
            [
              83.264,
              17.7012
            ],
            [
              83.264,
              17.7025
            ],
            [
              83.2625,
              17.7025
            ],
            [
              83.2625,
              17.7012
            ]
          ]
        ]
      },
      "properties": {
        "ulpin": "AP-VSKP-000222",
        "surveyNumber": "162/3C",
        "stateCode": "AP",
        "district": "Visakhapatnam",
        "mandal": "Demo Mandal",
        "village": "Madhurawada",
        "areaAcres": 3.75,
        "areaSqMeters": 15175.73,
        "landUse": "Industrial",
        "status": "VERIFIED",
        "ownershipVerified": true,
        "registrationStatus": "ACTIVE",
        "mortgageStatus": "NONE",
        "taxStatus": "PAID",
        "buildingPermitStatus": "NONE",
        "disputeStatus": "NONE"
      }
    },
    {
      "type": "Feature",
      "geometry": {
        "type": "Polygon",
        "coordinates": [
          [
            [
              83.26450000000001,
              17.7012
            ],
            [
              83.266,
              17.7012
            ],
            [
              83.266,
              17.7025
            ],
            [
              83.26450000000001,
              17.7025
            ],
            [
              83.26450000000001,
              17.7012
            ]
          ]
        ]
      },
      "properties": {
        "ulpin": "AP-VSKP-000223",
        "surveyNumber": "163/4",
        "stateCode": "AP",
        "district": "Visakhapatnam",
        "mandal": "Demo Mandal",
        "village": "Pendurthi",
        "areaAcres": 4.2,
        "areaSqMeters": 16996.81,
        "landUse": "Special Zone",
        "status": "VERIFIED",
        "ownershipVerified": true,
        "registrationStatus": "ACTIVE",
        "mortgageStatus": "NONE",
        "taxStatus": "PAID",
        "buildingPermitStatus": "NONE",
        "disputeStatus": "NONE"
      }
    },
    {
      "type": "Feature",
      "geometry": {
        "type": "Polygon",
        "coordinates": [
          [
            [
              83.26650000000001,
              17.7012
            ],
            [
              83.268,
              17.7012
            ],
            [
              83.268,
              17.7025
            ],
            [
              83.26650000000001,
              17.7025
            ],
            [
              83.26650000000001,
              17.7012
            ]
          ]
        ]
      },
      "properties": {
        "ulpin": "AP-VSKP-000224",
        "surveyNumber": "164/5A",
        "stateCode": "AP",
        "district": "Visakhapatnam",
        "mandal": "Demo Mandal",
        "village": "Gajuwaka",
        "areaAcres": 1.5,
        "areaSqMeters": 6070.29,
        "landUse": "Residential",
        "status": "VERIFIED",
        "ownershipVerified": true,
        "registrationStatus": "ACTIVE",
        "mortgageStatus": "ACTIVE_MORTGAGE",
        "taxStatus": "PAID",
        "buildingPermitStatus": "APPROVED",
        "disputeStatus": "NONE"
      }
    },
    {
      "type": "Feature",
      "geometry": {
        "type": "Polygon",
        "coordinates": [
          [
            [
              83.2185,
              17.703000000000003
            ],
            [
              83.22,
              17.703000000000003
            ],
            [
              83.22,
              17.704300000000003
            ],
            [
              83.2185,
              17.704300000000003
            ],
            [
              83.2185,
              17.703000000000003
            ]
          ]
        ]
      },
      "properties": {
        "ulpin": "AP-VSKP-000225",
        "surveyNumber": "165/1B",
        "stateCode": "AP",
        "district": "Visakhapatnam",
        "mandal": "Demo Mandal",
        "village": "Bhoomi Village",
        "areaAcres": 1.95,
        "areaSqMeters": 7891.38,
        "landUse": "Residential",
        "status": "PENDING_VERIFICATION",
        "ownershipVerified": false,
        "registrationStatus": "ACTIVE",
        "mortgageStatus": "NONE",
        "taxStatus": "PENDING",
        "buildingPermitStatus": "SUBMITTED",
        "disputeStatus": "NONE"
      }
    },
    {
      "type": "Feature",
      "geometry": {
        "type": "Polygon",
        "coordinates": [
          [
            [
              83.2205,
              17.703000000000003
            ],
            [
              83.222,
              17.703000000000003
            ],
            [
              83.222,
              17.704300000000003
            ],
            [
              83.2205,
              17.704300000000003
            ],
            [
              83.2205,
              17.703000000000003
            ]
          ]
        ]
      },
      "properties": {
        "ulpin": "AP-VSKP-000226",
        "surveyNumber": "166/2C",
        "stateCode": "AP",
        "district": "Visakhapatnam",
        "mandal": "Demo Mandal",
        "village": "Rushikonda",
        "areaAcres": 2.4,
        "areaSqMeters": 9712.46,
        "landUse": "Residential",
        "status": "VERIFIED",
        "ownershipVerified": true,
        "registrationStatus": "ACTIVE",
        "mortgageStatus": "NONE",
        "taxStatus": "PAID",
        "buildingPermitStatus": "APPROVED",
        "disputeStatus": "NONE"
      }
    },
    {
      "type": "Feature",
      "geometry": {
        "type": "Polygon",
        "coordinates": [
          [
            [
              83.22250000000001,
              17.703000000000003
            ],
            [
              83.224,
              17.703000000000003
            ],
            [
              83.224,
              17.704300000000003
            ],
            [
              83.22250000000001,
              17.704300000000003
            ],
            [
              83.22250000000001,
              17.703000000000003
            ]
          ]
        ]
      },
      "properties": {
        "ulpin": "AP-VSKP-000227",
        "surveyNumber": "167/3",
        "stateCode": "AP",
        "district": "Visakhapatnam",
        "mandal": "Demo Mandal",
        "village": "Madhurawada",
        "areaAcres": 2.85,
        "areaSqMeters": 11533.55,
        "landUse": "Commercial",
        "status": "VERIFIED",
        "ownershipVerified": true,
        "registrationStatus": "ACTIVE",
        "mortgageStatus": "NONE",
        "taxStatus": "PAID",
        "buildingPermitStatus": "NONE",
        "disputeStatus": "NONE"
      }
    },
    {
      "type": "Feature",
      "geometry": {
        "type": "Polygon",
        "coordinates": [
          [
            [
              83.2245,
              17.703000000000003
            ],
            [
              83.226,
              17.703000000000003
            ],
            [
              83.226,
              17.704300000000003
            ],
            [
              83.2245,
              17.704300000000003
            ],
            [
              83.2245,
              17.703000000000003
            ]
          ]
        ]
      },
      "properties": {
        "ulpin": "AP-VSKP-000228",
        "surveyNumber": "168/4A",
        "stateCode": "AP",
        "district": "Visakhapatnam",
        "mandal": "Demo Mandal",
        "village": "Pendurthi",
        "areaAcres": 3.3,
        "areaSqMeters": 13354.64,
        "landUse": "Agricultural",
        "status": "VERIFIED",
        "ownershipVerified": true,
        "registrationStatus": "ACTIVE",
        "mortgageStatus": "NONE",
        "taxStatus": "PAID",
        "buildingPermitStatus": "NONE",
        "disputeStatus": "NONE"
      }
    },
    {
      "type": "Feature",
      "geometry": {
        "type": "Polygon",
        "coordinates": [
          [
            [
              83.2265,
              17.703000000000003
            ],
            [
              83.228,
              17.703000000000003
            ],
            [
              83.228,
              17.704300000000003
            ],
            [
              83.2265,
              17.704300000000003
            ],
            [
              83.2265,
              17.703000000000003
            ]
          ]
        ]
      },
      "properties": {
        "ulpin": "AP-VSKP-000229",
        "surveyNumber": "169/5B",
        "stateCode": "AP",
        "district": "Visakhapatnam",
        "mandal": "Demo Mandal",
        "village": "Gajuwaka",
        "areaAcres": 3.75,
        "areaSqMeters": 15175.73,
        "landUse": "Industrial",
        "status": "VERIFIED",
        "ownershipVerified": true,
        "registrationStatus": "ACTIVE",
        "mortgageStatus": "NONE",
        "taxStatus": "PAID",
        "buildingPermitStatus": "NONE",
        "disputeStatus": "NONE"
      }
    },
    {
      "type": "Feature",
      "geometry": {
        "type": "Polygon",
        "coordinates": [
          [
            [
              83.22850000000001,
              17.703000000000003
            ],
            [
              83.23,
              17.703000000000003
            ],
            [
              83.23,
              17.704300000000003
            ],
            [
              83.22850000000001,
              17.704300000000003
            ],
            [
              83.22850000000001,
              17.703000000000003
            ]
          ]
        ]
      },
      "properties": {
        "ulpin": "AP-VSKP-000230",
        "surveyNumber": "170/1C",
        "stateCode": "AP",
        "district": "Visakhapatnam",
        "mandal": "Demo Mandal",
        "village": "Bhoomi Village",
        "areaAcres": 4.2,
        "areaSqMeters": 16996.81,
        "landUse": "Special Zone",
        "status": "DISPUTED",
        "ownershipVerified": true,
        "registrationStatus": "ACTIVE",
        "mortgageStatus": "NONE",
        "taxStatus": "PENDING",
        "buildingPermitStatus": "NONE",
        "disputeStatus": "ACTIVE_DISPUTE"
      }
    },
    {
      "type": "Feature",
      "geometry": {
        "type": "Polygon",
        "coordinates": [
          [
            [
              83.2305,
              17.703000000000003
            ],
            [
              83.232,
              17.703000000000003
            ],
            [
              83.232,
              17.704300000000003
            ],
            [
              83.2305,
              17.704300000000003
            ],
            [
              83.2305,
              17.703000000000003
            ]
          ]
        ]
      },
      "properties": {
        "ulpin": "AP-VSKP-000231",
        "surveyNumber": "171/2",
        "stateCode": "AP",
        "district": "Visakhapatnam",
        "mandal": "Demo Mandal",
        "village": "Rushikonda",
        "areaAcres": 1.5,
        "areaSqMeters": 6070.29,
        "landUse": "Residential",
        "status": "VERIFIED",
        "ownershipVerified": true,
        "registrationStatus": "ACTIVE",
        "mortgageStatus": "ACTIVE_MORTGAGE",
        "taxStatus": "PAID",
        "buildingPermitStatus": "SUBMITTED",
        "disputeStatus": "NONE"
      }
    },
    {
      "type": "Feature",
      "geometry": {
        "type": "Polygon",
        "coordinates": [
          [
            [
              83.2325,
              17.703000000000003
            ],
            [
              83.234,
              17.703000000000003
            ],
            [
              83.234,
              17.704300000000003
            ],
            [
              83.2325,
              17.704300000000003
            ],
            [
              83.2325,
              17.703000000000003
            ]
          ]
        ]
      },
      "properties": {
        "ulpin": "AP-VSKP-000232",
        "surveyNumber": "172/3A",
        "stateCode": "AP",
        "district": "Visakhapatnam",
        "mandal": "Demo Mandal",
        "village": "Madhurawada",
        "areaAcres": 1.95,
        "areaSqMeters": 7891.38,
        "landUse": "Residential",
        "status": "VERIFIED",
        "ownershipVerified": true,
        "registrationStatus": "ACTIVE",
        "mortgageStatus": "NONE",
        "taxStatus": "PAID",
        "buildingPermitStatus": "APPROVED",
        "disputeStatus": "NONE"
      }
    },
    {
      "type": "Feature",
      "geometry": {
        "type": "Polygon",
        "coordinates": [
          [
            [
              83.23450000000001,
              17.703000000000003
            ],
            [
              83.236,
              17.703000000000003
            ],
            [
              83.236,
              17.704300000000003
            ],
            [
              83.23450000000001,
              17.704300000000003
            ],
            [
              83.23450000000001,
              17.703000000000003
            ]
          ]
        ]
      },
      "properties": {
        "ulpin": "AP-VSKP-000233",
        "surveyNumber": "173/4B",
        "stateCode": "AP",
        "district": "Visakhapatnam",
        "mandal": "Demo Mandal",
        "village": "Pendurthi",
        "areaAcres": 2.4,
        "areaSqMeters": 9712.46,
        "landUse": "Residential",
        "status": "VERIFIED",
        "ownershipVerified": true,
        "registrationStatus": "ACTIVE",
        "mortgageStatus": "NONE",
        "taxStatus": "PAID",
        "buildingPermitStatus": "SUBMITTED",
        "disputeStatus": "NONE"
      }
    },
    {
      "type": "Feature",
      "geometry": {
        "type": "Polygon",
        "coordinates": [
          [
            [
              83.2365,
              17.703000000000003
            ],
            [
              83.238,
              17.703000000000003
            ],
            [
              83.238,
              17.704300000000003
            ],
            [
              83.2365,
              17.704300000000003
            ],
            [
              83.2365,
              17.703000000000003
            ]
          ]
        ]
      },
      "properties": {
        "ulpin": "AP-VSKP-000234",
        "surveyNumber": "174/5C",
        "stateCode": "AP",
        "district": "Visakhapatnam",
        "mandal": "Demo Mandal",
        "village": "Gajuwaka",
        "areaAcres": 2.85,
        "areaSqMeters": 11533.55,
        "landUse": "Commercial",
        "status": "PENDING_VERIFICATION",
        "ownershipVerified": false,
        "registrationStatus": "ACTIVE",
        "mortgageStatus": "NONE",
        "taxStatus": "PAID",
        "buildingPermitStatus": "NONE",
        "disputeStatus": "NONE"
      }
    },
    {
      "type": "Feature",
      "geometry": {
        "type": "Polygon",
        "coordinates": [
          [
            [
              83.2385,
              17.703000000000003
            ],
            [
              83.24,
              17.703000000000003
            ],
            [
              83.24,
              17.704300000000003
            ],
            [
              83.2385,
              17.704300000000003
            ],
            [
              83.2385,
              17.703000000000003
            ]
          ]
        ]
      },
      "properties": {
        "ulpin": "AP-VSKP-000235",
        "surveyNumber": "175/1",
        "stateCode": "AP",
        "district": "Visakhapatnam",
        "mandal": "Demo Mandal",
        "village": "Bhoomi Village",
        "areaAcres": 3.3,
        "areaSqMeters": 13354.64,
        "landUse": "Agricultural",
        "status": "VERIFIED",
        "ownershipVerified": true,
        "registrationStatus": "ACTIVE",
        "mortgageStatus": "NONE",
        "taxStatus": "PENDING",
        "buildingPermitStatus": "NONE",
        "disputeStatus": "NONE"
      }
    },
    {
      "type": "Feature",
      "geometry": {
        "type": "Polygon",
        "coordinates": [
          [
            [
              83.24050000000001,
              17.703000000000003
            ],
            [
              83.242,
              17.703000000000003
            ],
            [
              83.242,
              17.704300000000003
            ],
            [
              83.24050000000001,
              17.704300000000003
            ],
            [
              83.24050000000001,
              17.703000000000003
            ]
          ]
        ]
      },
      "properties": {
        "ulpin": "AP-VSKP-000236",
        "surveyNumber": "176/2A",
        "stateCode": "AP",
        "district": "Visakhapatnam",
        "mandal": "Demo Mandal",
        "village": "Rushikonda",
        "areaAcres": 3.75,
        "areaSqMeters": 15175.73,
        "landUse": "Industrial",
        "status": "VERIFIED",
        "ownershipVerified": true,
        "registrationStatus": "ACTIVE",
        "mortgageStatus": "NONE",
        "taxStatus": "PAID",
        "buildingPermitStatus": "NONE",
        "disputeStatus": "NONE"
      }
    },
    {
      "type": "Feature",
      "geometry": {
        "type": "Polygon",
        "coordinates": [
          [
            [
              83.2425,
              17.703000000000003
            ],
            [
              83.244,
              17.703000000000003
            ],
            [
              83.244,
              17.704300000000003
            ],
            [
              83.2425,
              17.704300000000003
            ],
            [
              83.2425,
              17.703000000000003
            ]
          ]
        ]
      },
      "properties": {
        "ulpin": "AP-VSKP-000237",
        "surveyNumber": "177/3B",
        "stateCode": "AP",
        "district": "Visakhapatnam",
        "mandal": "Demo Mandal",
        "village": "Madhurawada",
        "areaAcres": 4.2,
        "areaSqMeters": 16996.81,
        "landUse": "Special Zone",
        "status": "VERIFIED",
        "ownershipVerified": true,
        "registrationStatus": "ACTIVE",
        "mortgageStatus": "NONE",
        "taxStatus": "PAID",
        "buildingPermitStatus": "NONE",
        "disputeStatus": "NONE"
      }
    },
    {
      "type": "Feature",
      "geometry": {
        "type": "Polygon",
        "coordinates": [
          [
            [
              83.2445,
              17.703000000000003
            ],
            [
              83.246,
              17.703000000000003
            ],
            [
              83.246,
              17.704300000000003
            ],
            [
              83.2445,
              17.704300000000003
            ],
            [
              83.2445,
              17.703000000000003
            ]
          ]
        ]
      },
      "properties": {
        "ulpin": "AP-VSKP-000238",
        "surveyNumber": "178/4C",
        "stateCode": "AP",
        "district": "Visakhapatnam",
        "mandal": "Demo Mandal",
        "village": "Pendurthi",
        "areaAcres": 1.5,
        "areaSqMeters": 6070.29,
        "landUse": "Residential",
        "status": "VERIFIED",
        "ownershipVerified": true,
        "registrationStatus": "ACTIVE",
        "mortgageStatus": "ACTIVE_MORTGAGE",
        "taxStatus": "PAID",
        "buildingPermitStatus": "APPROVED",
        "disputeStatus": "NONE"
      }
    },
    {
      "type": "Feature",
      "geometry": {
        "type": "Polygon",
        "coordinates": [
          [
            [
              83.24650000000001,
              17.703000000000003
            ],
            [
              83.248,
              17.703000000000003
            ],
            [
              83.248,
              17.704300000000003
            ],
            [
              83.24650000000001,
              17.704300000000003
            ],
            [
              83.24650000000001,
              17.703000000000003
            ]
          ]
        ]
      },
      "properties": {
        "ulpin": "AP-VSKP-000239",
        "surveyNumber": "179/5",
        "stateCode": "AP",
        "district": "Visakhapatnam",
        "mandal": "Demo Mandal",
        "village": "Gajuwaka",
        "areaAcres": 1.95,
        "areaSqMeters": 7891.38,
        "landUse": "Residential",
        "status": "VERIFIED",
        "ownershipVerified": true,
        "registrationStatus": "ACTIVE",
        "mortgageStatus": "NONE",
        "taxStatus": "PAID",
        "buildingPermitStatus": "SUBMITTED",
        "disputeStatus": "NONE"
      }
    },
    {
      "type": "Feature",
      "geometry": {
        "type": "Polygon",
        "coordinates": [
          [
            [
              83.2485,
              17.703000000000003
            ],
            [
              83.25,
              17.703000000000003
            ],
            [
              83.25,
              17.704300000000003
            ],
            [
              83.2485,
              17.704300000000003
            ],
            [
              83.2485,
              17.703000000000003
            ]
          ]
        ]
      },
      "properties": {
        "ulpin": "AP-VSKP-000240",
        "surveyNumber": "100/1A",
        "stateCode": "AP",
        "district": "Visakhapatnam",
        "mandal": "Demo Mandal",
        "village": "Bhoomi Village",
        "areaAcres": 2.4,
        "areaSqMeters": 9712.46,
        "landUse": "Residential",
        "status": "VERIFIED",
        "ownershipVerified": true,
        "registrationStatus": "ACTIVE",
        "mortgageStatus": "NONE",
        "taxStatus": "PENDING",
        "buildingPermitStatus": "APPROVED",
        "disputeStatus": "NONE"
      }
    },
    {
      "type": "Feature",
      "geometry": {
        "type": "Polygon",
        "coordinates": [
          [
            [
              83.2505,
              17.703000000000003
            ],
            [
              83.252,
              17.703000000000003
            ],
            [
              83.252,
              17.704300000000003
            ],
            [
              83.2505,
              17.704300000000003
            ],
            [
              83.2505,
              17.703000000000003
            ]
          ]
        ]
      },
      "properties": {
        "ulpin": "AP-VSKP-000241",
        "surveyNumber": "101/2B",
        "stateCode": "AP",
        "district": "Visakhapatnam",
        "mandal": "Demo Mandal",
        "village": "Rushikonda",
        "areaAcres": 2.85,
        "areaSqMeters": 11533.55,
        "landUse": "Commercial",
        "status": "VERIFIED",
        "ownershipVerified": true,
        "registrationStatus": "ACTIVE",
        "mortgageStatus": "NONE",
        "taxStatus": "PAID",
        "buildingPermitStatus": "NONE",
        "disputeStatus": "NONE"
      }
    },
    {
      "type": "Feature",
      "geometry": {
        "type": "Polygon",
        "coordinates": [
          [
            [
              83.25250000000001,
              17.703000000000003
            ],
            [
              83.254,
              17.703000000000003
            ],
            [
              83.254,
              17.704300000000003
            ],
            [
              83.25250000000001,
              17.704300000000003
            ],
            [
              83.25250000000001,
              17.703000000000003
            ]
          ]
        ]
      },
      "properties": {
        "ulpin": "AP-VSKP-000242",
        "surveyNumber": "102/3C",
        "stateCode": "AP",
        "district": "Visakhapatnam",
        "mandal": "Demo Mandal",
        "village": "Madhurawada",
        "areaAcres": 3.3,
        "areaSqMeters": 13354.64,
        "landUse": "Agricultural",
        "status": "VERIFIED",
        "ownershipVerified": true,
        "registrationStatus": "ACTIVE",
        "mortgageStatus": "NONE",
        "taxStatus": "PAID",
        "buildingPermitStatus": "NONE",
        "disputeStatus": "NONE"
      }
    },
    {
      "type": "Feature",
      "geometry": {
        "type": "Polygon",
        "coordinates": [
          [
            [
              83.25450000000001,
              17.703000000000003
            ],
            [
              83.256,
              17.703000000000003
            ],
            [
              83.256,
              17.704300000000003
            ],
            [
              83.25450000000001,
              17.704300000000003
            ],
            [
              83.25450000000001,
              17.703000000000003
            ]
          ]
        ]
      },
      "properties": {
        "ulpin": "AP-VSKP-000243",
        "surveyNumber": "103/4",
        "stateCode": "AP",
        "district": "Visakhapatnam",
        "mandal": "Demo Mandal",
        "village": "Pendurthi",
        "areaAcres": 3.75,
        "areaSqMeters": 15175.73,
        "landUse": "Industrial",
        "status": "PENDING_VERIFICATION",
        "ownershipVerified": false,
        "registrationStatus": "ACTIVE",
        "mortgageStatus": "NONE",
        "taxStatus": "PAID",
        "buildingPermitStatus": "NONE",
        "disputeStatus": "NONE"
      }
    },
    {
      "type": "Feature",
      "geometry": {
        "type": "Polygon",
        "coordinates": [
          [
            [
              83.2565,
              17.703000000000003
            ],
            [
              83.258,
              17.703000000000003
            ],
            [
              83.258,
              17.704300000000003
            ],
            [
              83.2565,
              17.704300000000003
            ],
            [
              83.2565,
              17.703000000000003
            ]
          ]
        ]
      },
      "properties": {
        "ulpin": "AP-VSKP-000244",
        "surveyNumber": "104/5A",
        "stateCode": "AP",
        "district": "Visakhapatnam",
        "mandal": "Demo Mandal",
        "village": "Gajuwaka",
        "areaAcres": 4.2,
        "areaSqMeters": 16996.81,
        "landUse": "Special Zone",
        "status": "VERIFIED",
        "ownershipVerified": true,
        "registrationStatus": "ACTIVE",
        "mortgageStatus": "NONE",
        "taxStatus": "PAID",
        "buildingPermitStatus": "NONE",
        "disputeStatus": "NONE"
      }
    },
    {
      "type": "Feature",
      "geometry": {
        "type": "Polygon",
        "coordinates": [
          [
            [
              83.25850000000001,
              17.703000000000003
            ],
            [
              83.26,
              17.703000000000003
            ],
            [
              83.26,
              17.704300000000003
            ],
            [
              83.25850000000001,
              17.704300000000003
            ],
            [
              83.25850000000001,
              17.703000000000003
            ]
          ]
        ]
      },
      "properties": {
        "ulpin": "AP-VSKP-000245",
        "surveyNumber": "105/1B",
        "stateCode": "AP",
        "district": "Visakhapatnam",
        "mandal": "Demo Mandal",
        "village": "Bhoomi Village",
        "areaAcres": 1.5,
        "areaSqMeters": 6070.29,
        "landUse": "Residential",
        "status": "VERIFIED",
        "ownershipVerified": true,
        "registrationStatus": "ACTIVE",
        "mortgageStatus": "ACTIVE_MORTGAGE",
        "taxStatus": "PENDING",
        "buildingPermitStatus": "SUBMITTED",
        "disputeStatus": "NONE"
      }
    },
    {
      "type": "Feature",
      "geometry": {
        "type": "Polygon",
        "coordinates": [
          [
            [
              83.26050000000001,
              17.703000000000003
            ],
            [
              83.262,
              17.703000000000003
            ],
            [
              83.262,
              17.704300000000003
            ],
            [
              83.26050000000001,
              17.704300000000003
            ],
            [
              83.26050000000001,
              17.703000000000003
            ]
          ]
        ]
      },
      "properties": {
        "ulpin": "AP-VSKP-000246",
        "surveyNumber": "106/2C",
        "stateCode": "AP",
        "district": "Visakhapatnam",
        "mandal": "Demo Mandal",
        "village": "Rushikonda",
        "areaAcres": 1.95,
        "areaSqMeters": 7891.38,
        "landUse": "Residential",
        "status": "VERIFIED",
        "ownershipVerified": true,
        "registrationStatus": "ACTIVE",
        "mortgageStatus": "NONE",
        "taxStatus": "PAID",
        "buildingPermitStatus": "APPROVED",
        "disputeStatus": "NONE"
      }
    },
    {
      "type": "Feature",
      "geometry": {
        "type": "Polygon",
        "coordinates": [
          [
            [
              83.2625,
              17.703000000000003
            ],
            [
              83.264,
              17.703000000000003
            ],
            [
              83.264,
              17.704300000000003
            ],
            [
              83.2625,
              17.704300000000003
            ],
            [
              83.2625,
              17.703000000000003
            ]
          ]
        ]
      },
      "properties": {
        "ulpin": "AP-VSKP-000247",
        "surveyNumber": "107/3",
        "stateCode": "AP",
        "district": "Visakhapatnam",
        "mandal": "Demo Mandal",
        "village": "Madhurawada",
        "areaAcres": 2.4,
        "areaSqMeters": 9712.46,
        "landUse": "Residential",
        "status": "VERIFIED",
        "ownershipVerified": true,
        "registrationStatus": "ACTIVE",
        "mortgageStatus": "NONE",
        "taxStatus": "PAID",
        "buildingPermitStatus": "SUBMITTED",
        "disputeStatus": "NONE"
      }
    },
    {
      "type": "Feature",
      "geometry": {
        "type": "Polygon",
        "coordinates": [
          [
            [
              83.26450000000001,
              17.703000000000003
            ],
            [
              83.266,
              17.703000000000003
            ],
            [
              83.266,
              17.704300000000003
            ],
            [
              83.26450000000001,
              17.704300000000003
            ],
            [
              83.26450000000001,
              17.703000000000003
            ]
          ]
        ]
      },
      "properties": {
        "ulpin": "AP-VSKP-000248",
        "surveyNumber": "108/4A",
        "stateCode": "AP",
        "district": "Visakhapatnam",
        "mandal": "Demo Mandal",
        "village": "Pendurthi",
        "areaAcres": 2.85,
        "areaSqMeters": 11533.55,
        "landUse": "Commercial",
        "status": "VERIFIED",
        "ownershipVerified": true,
        "registrationStatus": "ACTIVE",
        "mortgageStatus": "NONE",
        "taxStatus": "PAID",
        "buildingPermitStatus": "NONE",
        "disputeStatus": "NONE"
      }
    },
    {
      "type": "Feature",
      "geometry": {
        "type": "Polygon",
        "coordinates": [
          [
            [
              83.26650000000001,
              17.703000000000003
            ],
            [
              83.268,
              17.703000000000003
            ],
            [
              83.268,
              17.704300000000003
            ],
            [
              83.26650000000001,
              17.704300000000003
            ],
            [
              83.26650000000001,
              17.703000000000003
            ]
          ]
        ]
      },
      "properties": {
        "ulpin": "AP-VSKP-000249",
        "surveyNumber": "109/5B",
        "stateCode": "AP",
        "district": "Visakhapatnam",
        "mandal": "Demo Mandal",
        "village": "Gajuwaka",
        "areaAcres": 3.3,
        "areaSqMeters": 13354.64,
        "landUse": "Agricultural",
        "status": "VERIFIED",
        "ownershipVerified": true,
        "registrationStatus": "ACTIVE",
        "mortgageStatus": "NONE",
        "taxStatus": "PAID",
        "buildingPermitStatus": "NONE",
        "disputeStatus": "NONE"
      }
    },
    {
      "type": "Feature",
      "geometry": {
        "type": "Polygon",
        "coordinates": [
          [
            [
              83.2185,
              17.704800000000002
            ],
            [
              83.22,
              17.704800000000002
            ],
            [
              83.22,
              17.706100000000003
            ],
            [
              83.2185,
              17.706100000000003
            ],
            [
              83.2185,
              17.704800000000002
            ]
          ]
        ]
      },
      "properties": {
        "ulpin": "AP-VSKP-000250",
        "surveyNumber": "110/1C",
        "stateCode": "AP",
        "district": "Visakhapatnam",
        "mandal": "Demo Mandal",
        "village": "Bhoomi Village",
        "areaAcres": 3.75,
        "areaSqMeters": 15175.73,
        "landUse": "Industrial",
        "status": "VERIFIED",
        "ownershipVerified": true,
        "registrationStatus": "ACTIVE",
        "mortgageStatus": "NONE",
        "taxStatus": "PENDING",
        "buildingPermitStatus": "NONE",
        "disputeStatus": "NONE"
      }
    },
    {
      "type": "Feature",
      "geometry": {
        "type": "Polygon",
        "coordinates": [
          [
            [
              83.2205,
              17.704800000000002
            ],
            [
              83.222,
              17.704800000000002
            ],
            [
              83.222,
              17.706100000000003
            ],
            [
              83.2205,
              17.706100000000003
            ],
            [
              83.2205,
              17.704800000000002
            ]
          ]
        ]
      },
      "properties": {
        "ulpin": "AP-VSKP-000251",
        "surveyNumber": "111/2",
        "stateCode": "AP",
        "district": "Visakhapatnam",
        "mandal": "Demo Mandal",
        "village": "Rushikonda",
        "areaAcres": 4.2,
        "areaSqMeters": 16996.81,
        "landUse": "Special Zone",
        "status": "VERIFIED",
        "ownershipVerified": true,
        "registrationStatus": "ACTIVE",
        "mortgageStatus": "NONE",
        "taxStatus": "PAID",
        "buildingPermitStatus": "NONE",
        "disputeStatus": "NONE"
      }
    },
    {
      "type": "Feature",
      "geometry": {
        "type": "Polygon",
        "coordinates": [
          [
            [
              83.22250000000001,
              17.704800000000002
            ],
            [
              83.224,
              17.704800000000002
            ],
            [
              83.224,
              17.706100000000003
            ],
            [
              83.22250000000001,
              17.706100000000003
            ],
            [
              83.22250000000001,
              17.704800000000002
            ]
          ]
        ]
      },
      "properties": {
        "ulpin": "AP-VSKP-000252",
        "surveyNumber": "112/3A",
        "stateCode": "AP",
        "district": "Visakhapatnam",
        "mandal": "Demo Mandal",
        "village": "Madhurawada",
        "areaAcres": 1.5,
        "areaSqMeters": 6070.29,
        "landUse": "Residential",
        "status": "PENDING_VERIFICATION",
        "ownershipVerified": false,
        "registrationStatus": "ACTIVE",
        "mortgageStatus": "ACTIVE_MORTGAGE",
        "taxStatus": "PAID",
        "buildingPermitStatus": "APPROVED",
        "disputeStatus": "NONE"
      }
    },
    {
      "type": "Feature",
      "geometry": {
        "type": "Polygon",
        "coordinates": [
          [
            [
              83.2245,
              17.704800000000002
            ],
            [
              83.226,
              17.704800000000002
            ],
            [
              83.226,
              17.706100000000003
            ],
            [
              83.2245,
              17.706100000000003
            ],
            [
              83.2245,
              17.704800000000002
            ]
          ]
        ]
      },
      "properties": {
        "ulpin": "AP-VSKP-000253",
        "surveyNumber": "113/4B",
        "stateCode": "AP",
        "district": "Visakhapatnam",
        "mandal": "Demo Mandal",
        "village": "Pendurthi",
        "areaAcres": 1.95,
        "areaSqMeters": 7891.38,
        "landUse": "Residential",
        "status": "DISPUTED",
        "ownershipVerified": true,
        "registrationStatus": "ACTIVE",
        "mortgageStatus": "NONE",
        "taxStatus": "PAID",
        "buildingPermitStatus": "SUBMITTED",
        "disputeStatus": "ACTIVE_DISPUTE"
      }
    },
    {
      "type": "Feature",
      "geometry": {
        "type": "Polygon",
        "coordinates": [
          [
            [
              83.2265,
              17.704800000000002
            ],
            [
              83.228,
              17.704800000000002
            ],
            [
              83.228,
              17.706100000000003
            ],
            [
              83.2265,
              17.706100000000003
            ],
            [
              83.2265,
              17.704800000000002
            ]
          ]
        ]
      },
      "properties": {
        "ulpin": "AP-VSKP-000254",
        "surveyNumber": "114/5C",
        "stateCode": "AP",
        "district": "Visakhapatnam",
        "mandal": "Demo Mandal",
        "village": "Gajuwaka",
        "areaAcres": 2.4,
        "areaSqMeters": 9712.46,
        "landUse": "Residential",
        "status": "VERIFIED",
        "ownershipVerified": true,
        "registrationStatus": "ACTIVE",
        "mortgageStatus": "NONE",
        "taxStatus": "PAID",
        "buildingPermitStatus": "APPROVED",
        "disputeStatus": "NONE"
      }
    },
    {
      "type": "Feature",
      "geometry": {
        "type": "Polygon",
        "coordinates": [
          [
            [
              83.22850000000001,
              17.704800000000002
            ],
            [
              83.23,
              17.704800000000002
            ],
            [
              83.23,
              17.706100000000003
            ],
            [
              83.22850000000001,
              17.706100000000003
            ],
            [
              83.22850000000001,
              17.704800000000002
            ]
          ]
        ]
      },
      "properties": {
        "ulpin": "AP-VSKP-000255",
        "surveyNumber": "115/1",
        "stateCode": "AP",
        "district": "Visakhapatnam",
        "mandal": "Demo Mandal",
        "village": "Bhoomi Village",
        "areaAcres": 2.85,
        "areaSqMeters": 11533.55,
        "landUse": "Commercial",
        "status": "VERIFIED",
        "ownershipVerified": true,
        "registrationStatus": "ACTIVE",
        "mortgageStatus": "NONE",
        "taxStatus": "PENDING",
        "buildingPermitStatus": "NONE",
        "disputeStatus": "NONE"
      }
    },
    {
      "type": "Feature",
      "geometry": {
        "type": "Polygon",
        "coordinates": [
          [
            [
              83.2305,
              17.704800000000002
            ],
            [
              83.232,
              17.704800000000002
            ],
            [
              83.232,
              17.706100000000003
            ],
            [
              83.2305,
              17.706100000000003
            ],
            [
              83.2305,
              17.704800000000002
            ]
          ]
        ]
      },
      "properties": {
        "ulpin": "AP-VSKP-000256",
        "surveyNumber": "116/2A",
        "stateCode": "AP",
        "district": "Visakhapatnam",
        "mandal": "Demo Mandal",
        "village": "Rushikonda",
        "areaAcres": 3.3,
        "areaSqMeters": 13354.64,
        "landUse": "Agricultural",
        "status": "VERIFIED",
        "ownershipVerified": true,
        "registrationStatus": "ACTIVE",
        "mortgageStatus": "NONE",
        "taxStatus": "PAID",
        "buildingPermitStatus": "NONE",
        "disputeStatus": "NONE"
      }
    },
    {
      "type": "Feature",
      "geometry": {
        "type": "Polygon",
        "coordinates": [
          [
            [
              83.2325,
              17.704800000000002
            ],
            [
              83.234,
              17.704800000000002
            ],
            [
              83.234,
              17.706100000000003
            ],
            [
              83.2325,
              17.706100000000003
            ],
            [
              83.2325,
              17.704800000000002
            ]
          ]
        ]
      },
      "properties": {
        "ulpin": "AP-VSKP-000257",
        "surveyNumber": "117/3B",
        "stateCode": "AP",
        "district": "Visakhapatnam",
        "mandal": "Demo Mandal",
        "village": "Madhurawada",
        "areaAcres": 3.75,
        "areaSqMeters": 15175.73,
        "landUse": "Industrial",
        "status": "VERIFIED",
        "ownershipVerified": true,
        "registrationStatus": "ACTIVE",
        "mortgageStatus": "NONE",
        "taxStatus": "PAID",
        "buildingPermitStatus": "NONE",
        "disputeStatus": "NONE"
      }
    },
    {
      "type": "Feature",
      "geometry": {
        "type": "Polygon",
        "coordinates": [
          [
            [
              83.23450000000001,
              17.704800000000002
            ],
            [
              83.236,
              17.704800000000002
            ],
            [
              83.236,
              17.706100000000003
            ],
            [
              83.23450000000001,
              17.706100000000003
            ],
            [
              83.23450000000001,
              17.704800000000002
            ]
          ]
        ]
      },
      "properties": {
        "ulpin": "AP-VSKP-000258",
        "surveyNumber": "118/4C",
        "stateCode": "AP",
        "district": "Visakhapatnam",
        "mandal": "Demo Mandal",
        "village": "Pendurthi",
        "areaAcres": 4.2,
        "areaSqMeters": 16996.81,
        "landUse": "Special Zone",
        "status": "VERIFIED",
        "ownershipVerified": true,
        "registrationStatus": "ACTIVE",
        "mortgageStatus": "NONE",
        "taxStatus": "PAID",
        "buildingPermitStatus": "NONE",
        "disputeStatus": "NONE"
      }
    },
    {
      "type": "Feature",
      "geometry": {
        "type": "Polygon",
        "coordinates": [
          [
            [
              83.2365,
              17.704800000000002
            ],
            [
              83.238,
              17.704800000000002
            ],
            [
              83.238,
              17.706100000000003
            ],
            [
              83.2365,
              17.706100000000003
            ],
            [
              83.2365,
              17.704800000000002
            ]
          ]
        ]
      },
      "properties": {
        "ulpin": "AP-VSKP-000259",
        "surveyNumber": "119/5",
        "stateCode": "AP",
        "district": "Visakhapatnam",
        "mandal": "Demo Mandal",
        "village": "Gajuwaka",
        "areaAcres": 1.5,
        "areaSqMeters": 6070.29,
        "landUse": "Residential",
        "status": "VERIFIED",
        "ownershipVerified": true,
        "registrationStatus": "ACTIVE",
        "mortgageStatus": "ACTIVE_MORTGAGE",
        "taxStatus": "PAID",
        "buildingPermitStatus": "SUBMITTED",
        "disputeStatus": "NONE"
      }
    },
    {
      "type": "Feature",
      "geometry": {
        "type": "Polygon",
        "coordinates": [
          [
            [
              83.2385,
              17.704800000000002
            ],
            [
              83.24,
              17.704800000000002
            ],
            [
              83.24,
              17.706100000000003
            ],
            [
              83.2385,
              17.706100000000003
            ],
            [
              83.2385,
              17.704800000000002
            ]
          ]
        ]
      },
      "properties": {
        "ulpin": "AP-VSKP-000260",
        "surveyNumber": "120/1A",
        "stateCode": "AP",
        "district": "Visakhapatnam",
        "mandal": "Demo Mandal",
        "village": "Bhoomi Village",
        "areaAcres": 1.95,
        "areaSqMeters": 7891.38,
        "landUse": "Residential",
        "status": "VERIFIED",
        "ownershipVerified": true,
        "registrationStatus": "ACTIVE",
        "mortgageStatus": "NONE",
        "taxStatus": "PENDING",
        "buildingPermitStatus": "APPROVED",
        "disputeStatus": "NONE"
      }
    },
    {
      "type": "Feature",
      "geometry": {
        "type": "Polygon",
        "coordinates": [
          [
            [
              83.24050000000001,
              17.704800000000002
            ],
            [
              83.242,
              17.704800000000002
            ],
            [
              83.242,
              17.706100000000003
            ],
            [
              83.24050000000001,
              17.706100000000003
            ],
            [
              83.24050000000001,
              17.704800000000002
            ]
          ]
        ]
      },
      "properties": {
        "ulpin": "AP-VSKP-000261",
        "surveyNumber": "121/2B",
        "stateCode": "AP",
        "district": "Visakhapatnam",
        "mandal": "Demo Mandal",
        "village": "Rushikonda",
        "areaAcres": 2.4,
        "areaSqMeters": 9712.46,
        "landUse": "Residential",
        "status": "PENDING_VERIFICATION",
        "ownershipVerified": false,
        "registrationStatus": "ACTIVE",
        "mortgageStatus": "NONE",
        "taxStatus": "PAID",
        "buildingPermitStatus": "SUBMITTED",
        "disputeStatus": "NONE"
      }
    },
    {
      "type": "Feature",
      "geometry": {
        "type": "Polygon",
        "coordinates": [
          [
            [
              83.2425,
              17.704800000000002
            ],
            [
              83.244,
              17.704800000000002
            ],
            [
              83.244,
              17.706100000000003
            ],
            [
              83.2425,
              17.706100000000003
            ],
            [
              83.2425,
              17.704800000000002
            ]
          ]
        ]
      },
      "properties": {
        "ulpin": "AP-VSKP-000262",
        "surveyNumber": "122/3C",
        "stateCode": "AP",
        "district": "Visakhapatnam",
        "mandal": "Demo Mandal",
        "village": "Madhurawada",
        "areaAcres": 2.85,
        "areaSqMeters": 11533.55,
        "landUse": "Commercial",
        "status": "VERIFIED",
        "ownershipVerified": true,
        "registrationStatus": "ACTIVE",
        "mortgageStatus": "NONE",
        "taxStatus": "PAID",
        "buildingPermitStatus": "NONE",
        "disputeStatus": "NONE"
      }
    },
    {
      "type": "Feature",
      "geometry": {
        "type": "Polygon",
        "coordinates": [
          [
            [
              83.2445,
              17.704800000000002
            ],
            [
              83.246,
              17.704800000000002
            ],
            [
              83.246,
              17.706100000000003
            ],
            [
              83.2445,
              17.706100000000003
            ],
            [
              83.2445,
              17.704800000000002
            ]
          ]
        ]
      },
      "properties": {
        "ulpin": "AP-VSKP-000263",
        "surveyNumber": "123/4",
        "stateCode": "AP",
        "district": "Visakhapatnam",
        "mandal": "Demo Mandal",
        "village": "Pendurthi",
        "areaAcres": 3.3,
        "areaSqMeters": 13354.64,
        "landUse": "Agricultural",
        "status": "VERIFIED",
        "ownershipVerified": true,
        "registrationStatus": "ACTIVE",
        "mortgageStatus": "NONE",
        "taxStatus": "PAID",
        "buildingPermitStatus": "NONE",
        "disputeStatus": "NONE"
      }
    },
    {
      "type": "Feature",
      "geometry": {
        "type": "Polygon",
        "coordinates": [
          [
            [
              83.24650000000001,
              17.704800000000002
            ],
            [
              83.248,
              17.704800000000002
            ],
            [
              83.248,
              17.706100000000003
            ],
            [
              83.24650000000001,
              17.706100000000003
            ],
            [
              83.24650000000001,
              17.704800000000002
            ]
          ]
        ]
      },
      "properties": {
        "ulpin": "AP-VSKP-000264",
        "surveyNumber": "124/5A",
        "stateCode": "AP",
        "district": "Visakhapatnam",
        "mandal": "Demo Mandal",
        "village": "Gajuwaka",
        "areaAcres": 3.75,
        "areaSqMeters": 15175.73,
        "landUse": "Industrial",
        "status": "VERIFIED",
        "ownershipVerified": true,
        "registrationStatus": "ACTIVE",
        "mortgageStatus": "NONE",
        "taxStatus": "PAID",
        "buildingPermitStatus": "NONE",
        "disputeStatus": "NONE"
      }
    },
    {
      "type": "Feature",
      "geometry": {
        "type": "Polygon",
        "coordinates": [
          [
            [
              83.2485,
              17.704800000000002
            ],
            [
              83.25,
              17.704800000000002
            ],
            [
              83.25,
              17.706100000000003
            ],
            [
              83.2485,
              17.706100000000003
            ],
            [
              83.2485,
              17.704800000000002
            ]
          ]
        ]
      },
      "properties": {
        "ulpin": "AP-VSKP-000265",
        "surveyNumber": "125/1B",
        "stateCode": "AP",
        "district": "Visakhapatnam",
        "mandal": "Demo Mandal",
        "village": "Bhoomi Village",
        "areaAcres": 4.2,
        "areaSqMeters": 16996.81,
        "landUse": "Special Zone",
        "status": "VERIFIED",
        "ownershipVerified": true,
        "registrationStatus": "ACTIVE",
        "mortgageStatus": "NONE",
        "taxStatus": "PENDING",
        "buildingPermitStatus": "NONE",
        "disputeStatus": "NONE"
      }
    },
    {
      "type": "Feature",
      "geometry": {
        "type": "Polygon",
        "coordinates": [
          [
            [
              83.2505,
              17.704800000000002
            ],
            [
              83.252,
              17.704800000000002
            ],
            [
              83.252,
              17.706100000000003
            ],
            [
              83.2505,
              17.706100000000003
            ],
            [
              83.2505,
              17.704800000000002
            ]
          ]
        ]
      },
      "properties": {
        "ulpin": "AP-VSKP-000266",
        "surveyNumber": "126/2C",
        "stateCode": "AP",
        "district": "Visakhapatnam",
        "mandal": "Demo Mandal",
        "village": "Rushikonda",
        "areaAcres": 1.5,
        "areaSqMeters": 6070.29,
        "landUse": "Residential",
        "status": "VERIFIED",
        "ownershipVerified": true,
        "registrationStatus": "ACTIVE",
        "mortgageStatus": "ACTIVE_MORTGAGE",
        "taxStatus": "PAID",
        "buildingPermitStatus": "APPROVED",
        "disputeStatus": "NONE"
      }
    },
    {
      "type": "Feature",
      "geometry": {
        "type": "Polygon",
        "coordinates": [
          [
            [
              83.25250000000001,
              17.704800000000002
            ],
            [
              83.254,
              17.704800000000002
            ],
            [
              83.254,
              17.706100000000003
            ],
            [
              83.25250000000001,
              17.706100000000003
            ],
            [
              83.25250000000001,
              17.704800000000002
            ]
          ]
        ]
      },
      "properties": {
        "ulpin": "AP-VSKP-000267",
        "surveyNumber": "127/3",
        "stateCode": "AP",
        "district": "Visakhapatnam",
        "mandal": "Demo Mandal",
        "village": "Madhurawada",
        "areaAcres": 1.95,
        "areaSqMeters": 7891.38,
        "landUse": "Residential",
        "status": "VERIFIED",
        "ownershipVerified": true,
        "registrationStatus": "ACTIVE",
        "mortgageStatus": "NONE",
        "taxStatus": "PAID",
        "buildingPermitStatus": "SUBMITTED",
        "disputeStatus": "NONE"
      }
    },
    {
      "type": "Feature",
      "geometry": {
        "type": "Polygon",
        "coordinates": [
          [
            [
              83.25450000000001,
              17.704800000000002
            ],
            [
              83.256,
              17.704800000000002
            ],
            [
              83.256,
              17.706100000000003
            ],
            [
              83.25450000000001,
              17.706100000000003
            ],
            [
              83.25450000000001,
              17.704800000000002
            ]
          ]
        ]
      },
      "properties": {
        "ulpin": "AP-VSKP-000268",
        "surveyNumber": "128/4A",
        "stateCode": "AP",
        "district": "Visakhapatnam",
        "mandal": "Demo Mandal",
        "village": "Pendurthi",
        "areaAcres": 2.4,
        "areaSqMeters": 9712.46,
        "landUse": "Residential",
        "status": "VERIFIED",
        "ownershipVerified": true,
        "registrationStatus": "ACTIVE",
        "mortgageStatus": "NONE",
        "taxStatus": "PAID",
        "buildingPermitStatus": "APPROVED",
        "disputeStatus": "NONE"
      }
    },
    {
      "type": "Feature",
      "geometry": {
        "type": "Polygon",
        "coordinates": [
          [
            [
              83.2565,
              17.704800000000002
            ],
            [
              83.258,
              17.704800000000002
            ],
            [
              83.258,
              17.706100000000003
            ],
            [
              83.2565,
              17.706100000000003
            ],
            [
              83.2565,
              17.704800000000002
            ]
          ]
        ]
      },
      "properties": {
        "ulpin": "AP-VSKP-000269",
        "surveyNumber": "129/5B",
        "stateCode": "AP",
        "district": "Visakhapatnam",
        "mandal": "Demo Mandal",
        "village": "Gajuwaka",
        "areaAcres": 2.85,
        "areaSqMeters": 11533.55,
        "landUse": "Commercial",
        "status": "VERIFIED",
        "ownershipVerified": true,
        "registrationStatus": "ACTIVE",
        "mortgageStatus": "NONE",
        "taxStatus": "PAID",
        "buildingPermitStatus": "NONE",
        "disputeStatus": "NONE"
      }
    },
    {
      "type": "Feature",
      "geometry": {
        "type": "Polygon",
        "coordinates": [
          [
            [
              83.25850000000001,
              17.704800000000002
            ],
            [
              83.26,
              17.704800000000002
            ],
            [
              83.26,
              17.706100000000003
            ],
            [
              83.25850000000001,
              17.706100000000003
            ],
            [
              83.25850000000001,
              17.704800000000002
            ]
          ]
        ]
      },
      "properties": {
        "ulpin": "AP-VSKP-000270",
        "surveyNumber": "130/1C",
        "stateCode": "AP",
        "district": "Visakhapatnam",
        "mandal": "Demo Mandal",
        "village": "Bhoomi Village",
        "areaAcres": 3.3,
        "areaSqMeters": 13354.64,
        "landUse": "Agricultural",
        "status": "PENDING_VERIFICATION",
        "ownershipVerified": false,
        "registrationStatus": "ACTIVE",
        "mortgageStatus": "NONE",
        "taxStatus": "PENDING",
        "buildingPermitStatus": "NONE",
        "disputeStatus": "NONE"
      }
    },
    {
      "type": "Feature",
      "geometry": {
        "type": "Polygon",
        "coordinates": [
          [
            [
              83.26050000000001,
              17.704800000000002
            ],
            [
              83.262,
              17.704800000000002
            ],
            [
              83.262,
              17.706100000000003
            ],
            [
              83.26050000000001,
              17.706100000000003
            ],
            [
              83.26050000000001,
              17.704800000000002
            ]
          ]
        ]
      },
      "properties": {
        "ulpin": "AP-VSKP-000271",
        "surveyNumber": "131/2",
        "stateCode": "AP",
        "district": "Visakhapatnam",
        "mandal": "Demo Mandal",
        "village": "Rushikonda",
        "areaAcres": 3.75,
        "areaSqMeters": 15175.73,
        "landUse": "Industrial",
        "status": "VERIFIED",
        "ownershipVerified": true,
        "registrationStatus": "ACTIVE",
        "mortgageStatus": "NONE",
        "taxStatus": "PAID",
        "buildingPermitStatus": "NONE",
        "disputeStatus": "NONE"
      }
    },
    {
      "type": "Feature",
      "geometry": {
        "type": "Polygon",
        "coordinates": [
          [
            [
              83.2625,
              17.704800000000002
            ],
            [
              83.264,
              17.704800000000002
            ],
            [
              83.264,
              17.706100000000003
            ],
            [
              83.2625,
              17.706100000000003
            ],
            [
              83.2625,
              17.704800000000002
            ]
          ]
        ]
      },
      "properties": {
        "ulpin": "AP-VSKP-000272",
        "surveyNumber": "132/3A",
        "stateCode": "AP",
        "district": "Visakhapatnam",
        "mandal": "Demo Mandal",
        "village": "Madhurawada",
        "areaAcres": 4.2,
        "areaSqMeters": 16996.81,
        "landUse": "Special Zone",
        "status": "VERIFIED",
        "ownershipVerified": true,
        "registrationStatus": "ACTIVE",
        "mortgageStatus": "NONE",
        "taxStatus": "PAID",
        "buildingPermitStatus": "NONE",
        "disputeStatus": "NONE"
      }
    },
    {
      "type": "Feature",
      "geometry": {
        "type": "Polygon",
        "coordinates": [
          [
            [
              83.26450000000001,
              17.704800000000002
            ],
            [
              83.266,
              17.704800000000002
            ],
            [
              83.266,
              17.706100000000003
            ],
            [
              83.26450000000001,
              17.706100000000003
            ],
            [
              83.26450000000001,
              17.704800000000002
            ]
          ]
        ]
      },
      "properties": {
        "ulpin": "AP-VSKP-000273",
        "surveyNumber": "133/4B",
        "stateCode": "AP",
        "district": "Visakhapatnam",
        "mandal": "Demo Mandal",
        "village": "Pendurthi",
        "areaAcres": 1.5,
        "areaSqMeters": 6070.29,
        "landUse": "Residential",
        "status": "VERIFIED",
        "ownershipVerified": true,
        "registrationStatus": "ACTIVE",
        "mortgageStatus": "ACTIVE_MORTGAGE",
        "taxStatus": "PAID",
        "buildingPermitStatus": "SUBMITTED",
        "disputeStatus": "NONE"
      }
    },
    {
      "type": "Feature",
      "geometry": {
        "type": "Polygon",
        "coordinates": [
          [
            [
              83.26650000000001,
              17.704800000000002
            ],
            [
              83.268,
              17.704800000000002
            ],
            [
              83.268,
              17.706100000000003
            ],
            [
              83.26650000000001,
              17.706100000000003
            ],
            [
              83.26650000000001,
              17.704800000000002
            ]
          ]
        ]
      },
      "properties": {
        "ulpin": "AP-VSKP-000274",
        "surveyNumber": "134/5C",
        "stateCode": "AP",
        "district": "Visakhapatnam",
        "mandal": "Demo Mandal",
        "village": "Gajuwaka",
        "areaAcres": 1.95,
        "areaSqMeters": 7891.38,
        "landUse": "Residential",
        "status": "VERIFIED",
        "ownershipVerified": true,
        "registrationStatus": "ACTIVE",
        "mortgageStatus": "NONE",
        "taxStatus": "PAID",
        "buildingPermitStatus": "APPROVED",
        "disputeStatus": "NONE"
      }
    },
    {
      "type": "Feature",
      "geometry": {
        "type": "Polygon",
        "coordinates": [
          [
            [
              83.2185,
              17.7066
            ],
            [
              83.22,
              17.7066
            ],
            [
              83.22,
              17.707900000000002
            ],
            [
              83.2185,
              17.707900000000002
            ],
            [
              83.2185,
              17.7066
            ]
          ]
        ]
      },
      "properties": {
        "ulpin": "AP-VSKP-000275",
        "surveyNumber": "135/1",
        "stateCode": "AP",
        "district": "Visakhapatnam",
        "mandal": "Demo Mandal",
        "village": "Bhoomi Village",
        "areaAcres": 2.4,
        "areaSqMeters": 9712.46,
        "landUse": "Residential",
        "status": "VERIFIED",
        "ownershipVerified": true,
        "registrationStatus": "ACTIVE",
        "mortgageStatus": "NONE",
        "taxStatus": "PENDING",
        "buildingPermitStatus": "SUBMITTED",
        "disputeStatus": "NONE"
      }
    },
    {
      "type": "Feature",
      "geometry": {
        "type": "Polygon",
        "coordinates": [
          [
            [
              83.2205,
              17.7066
            ],
            [
              83.222,
              17.7066
            ],
            [
              83.222,
              17.707900000000002
            ],
            [
              83.2205,
              17.707900000000002
            ],
            [
              83.2205,
              17.7066
            ]
          ]
        ]
      },
      "properties": {
        "ulpin": "AP-VSKP-000276",
        "surveyNumber": "136/2A",
        "stateCode": "AP",
        "district": "Visakhapatnam",
        "mandal": "Demo Mandal",
        "village": "Rushikonda",
        "areaAcres": 2.85,
        "areaSqMeters": 11533.55,
        "landUse": "Commercial",
        "status": "DISPUTED",
        "ownershipVerified": true,
        "registrationStatus": "ACTIVE",
        "mortgageStatus": "NONE",
        "taxStatus": "PAID",
        "buildingPermitStatus": "NONE",
        "disputeStatus": "ACTIVE_DISPUTE"
      }
    },
    {
      "type": "Feature",
      "geometry": {
        "type": "Polygon",
        "coordinates": [
          [
            [
              83.22250000000001,
              17.7066
            ],
            [
              83.224,
              17.7066
            ],
            [
              83.224,
              17.707900000000002
            ],
            [
              83.22250000000001,
              17.707900000000002
            ],
            [
              83.22250000000001,
              17.7066
            ]
          ]
        ]
      },
      "properties": {
        "ulpin": "AP-VSKP-000277",
        "surveyNumber": "137/3B",
        "stateCode": "AP",
        "district": "Visakhapatnam",
        "mandal": "Demo Mandal",
        "village": "Madhurawada",
        "areaAcres": 3.3,
        "areaSqMeters": 13354.64,
        "landUse": "Agricultural",
        "status": "VERIFIED",
        "ownershipVerified": true,
        "registrationStatus": "ACTIVE",
        "mortgageStatus": "NONE",
        "taxStatus": "PAID",
        "buildingPermitStatus": "NONE",
        "disputeStatus": "NONE"
      }
    },
    {
      "type": "Feature",
      "geometry": {
        "type": "Polygon",
        "coordinates": [
          [
            [
              83.2245,
              17.7066
            ],
            [
              83.226,
              17.7066
            ],
            [
              83.226,
              17.707900000000002
            ],
            [
              83.2245,
              17.707900000000002
            ],
            [
              83.2245,
              17.7066
            ]
          ]
        ]
      },
      "properties": {
        "ulpin": "AP-VSKP-000278",
        "surveyNumber": "138/4C",
        "stateCode": "AP",
        "district": "Visakhapatnam",
        "mandal": "Demo Mandal",
        "village": "Pendurthi",
        "areaAcres": 3.75,
        "areaSqMeters": 15175.73,
        "landUse": "Industrial",
        "status": "VERIFIED",
        "ownershipVerified": true,
        "registrationStatus": "ACTIVE",
        "mortgageStatus": "NONE",
        "taxStatus": "PAID",
        "buildingPermitStatus": "NONE",
        "disputeStatus": "NONE"
      }
    },
    {
      "type": "Feature",
      "geometry": {
        "type": "Polygon",
        "coordinates": [
          [
            [
              83.2265,
              17.7066
            ],
            [
              83.228,
              17.7066
            ],
            [
              83.228,
              17.707900000000002
            ],
            [
              83.2265,
              17.707900000000002
            ],
            [
              83.2265,
              17.7066
            ]
          ]
        ]
      },
      "properties": {
        "ulpin": "AP-VSKP-000279",
        "surveyNumber": "139/5",
        "stateCode": "AP",
        "district": "Visakhapatnam",
        "mandal": "Demo Mandal",
        "village": "Gajuwaka",
        "areaAcres": 4.2,
        "areaSqMeters": 16996.81,
        "landUse": "Special Zone",
        "status": "PENDING_VERIFICATION",
        "ownershipVerified": false,
        "registrationStatus": "ACTIVE",
        "mortgageStatus": "NONE",
        "taxStatus": "PAID",
        "buildingPermitStatus": "NONE",
        "disputeStatus": "NONE"
      }
    },
    {
      "type": "Feature",
      "geometry": {
        "type": "Polygon",
        "coordinates": [
          [
            [
              83.22850000000001,
              17.7066
            ],
            [
              83.23,
              17.7066
            ],
            [
              83.23,
              17.707900000000002
            ],
            [
              83.22850000000001,
              17.707900000000002
            ],
            [
              83.22850000000001,
              17.7066
            ]
          ]
        ]
      },
      "properties": {
        "ulpin": "AP-VSKP-000280",
        "surveyNumber": "140/1A",
        "stateCode": "AP",
        "district": "Visakhapatnam",
        "mandal": "Demo Mandal",
        "village": "Bhoomi Village",
        "areaAcres": 1.5,
        "areaSqMeters": 6070.29,
        "landUse": "Residential",
        "status": "VERIFIED",
        "ownershipVerified": true,
        "registrationStatus": "ACTIVE",
        "mortgageStatus": "ACTIVE_MORTGAGE",
        "taxStatus": "PENDING",
        "buildingPermitStatus": "APPROVED",
        "disputeStatus": "NONE"
      }
    },
    {
      "type": "Feature",
      "geometry": {
        "type": "Polygon",
        "coordinates": [
          [
            [
              83.2305,
              17.7066
            ],
            [
              83.232,
              17.7066
            ],
            [
              83.232,
              17.707900000000002
            ],
            [
              83.2305,
              17.707900000000002
            ],
            [
              83.2305,
              17.7066
            ]
          ]
        ]
      },
      "properties": {
        "ulpin": "AP-VSKP-000281",
        "surveyNumber": "141/2B",
        "stateCode": "AP",
        "district": "Visakhapatnam",
        "mandal": "Demo Mandal",
        "village": "Rushikonda",
        "areaAcres": 1.95,
        "areaSqMeters": 7891.38,
        "landUse": "Residential",
        "status": "VERIFIED",
        "ownershipVerified": true,
        "registrationStatus": "ACTIVE",
        "mortgageStatus": "NONE",
        "taxStatus": "PAID",
        "buildingPermitStatus": "SUBMITTED",
        "disputeStatus": "NONE"
      }
    },
    {
      "type": "Feature",
      "geometry": {
        "type": "Polygon",
        "coordinates": [
          [
            [
              83.2325,
              17.7066
            ],
            [
              83.234,
              17.7066
            ],
            [
              83.234,
              17.707900000000002
            ],
            [
              83.2325,
              17.707900000000002
            ],
            [
              83.2325,
              17.7066
            ]
          ]
        ]
      },
      "properties": {
        "ulpin": "AP-VSKP-000282",
        "surveyNumber": "142/3C",
        "stateCode": "AP",
        "district": "Visakhapatnam",
        "mandal": "Demo Mandal",
        "village": "Madhurawada",
        "areaAcres": 2.4,
        "areaSqMeters": 9712.46,
        "landUse": "Residential",
        "status": "VERIFIED",
        "ownershipVerified": true,
        "registrationStatus": "ACTIVE",
        "mortgageStatus": "NONE",
        "taxStatus": "PAID",
        "buildingPermitStatus": "APPROVED",
        "disputeStatus": "NONE"
      }
    },
    {
      "type": "Feature",
      "geometry": {
        "type": "Polygon",
        "coordinates": [
          [
            [
              83.23450000000001,
              17.7066
            ],
            [
              83.236,
              17.7066
            ],
            [
              83.236,
              17.707900000000002
            ],
            [
              83.23450000000001,
              17.707900000000002
            ],
            [
              83.23450000000001,
              17.7066
            ]
          ]
        ]
      },
      "properties": {
        "ulpin": "AP-VSKP-000283",
        "surveyNumber": "143/4",
        "stateCode": "AP",
        "district": "Visakhapatnam",
        "mandal": "Demo Mandal",
        "village": "Pendurthi",
        "areaAcres": 2.85,
        "areaSqMeters": 11533.55,
        "landUse": "Commercial",
        "status": "VERIFIED",
        "ownershipVerified": true,
        "registrationStatus": "ACTIVE",
        "mortgageStatus": "NONE",
        "taxStatus": "PAID",
        "buildingPermitStatus": "NONE",
        "disputeStatus": "NONE"
      }
    },
    {
      "type": "Feature",
      "geometry": {
        "type": "Polygon",
        "coordinates": [
          [
            [
              83.2365,
              17.7066
            ],
            [
              83.238,
              17.7066
            ],
            [
              83.238,
              17.707900000000002
            ],
            [
              83.2365,
              17.707900000000002
            ],
            [
              83.2365,
              17.7066
            ]
          ]
        ]
      },
      "properties": {
        "ulpin": "AP-VSKP-000284",
        "surveyNumber": "144/5A",
        "stateCode": "AP",
        "district": "Visakhapatnam",
        "mandal": "Demo Mandal",
        "village": "Gajuwaka",
        "areaAcres": 3.3,
        "areaSqMeters": 13354.64,
        "landUse": "Agricultural",
        "status": "VERIFIED",
        "ownershipVerified": true,
        "registrationStatus": "ACTIVE",
        "mortgageStatus": "NONE",
        "taxStatus": "PAID",
        "buildingPermitStatus": "NONE",
        "disputeStatus": "NONE"
      }
    },
    {
      "type": "Feature",
      "geometry": {
        "type": "Polygon",
        "coordinates": [
          [
            [
              83.2385,
              17.7066
            ],
            [
              83.24,
              17.7066
            ],
            [
              83.24,
              17.707900000000002
            ],
            [
              83.2385,
              17.707900000000002
            ],
            [
              83.2385,
              17.7066
            ]
          ]
        ]
      },
      "properties": {
        "ulpin": "AP-VSKP-000285",
        "surveyNumber": "145/1B",
        "stateCode": "AP",
        "district": "Visakhapatnam",
        "mandal": "Demo Mandal",
        "village": "Bhoomi Village",
        "areaAcres": 3.75,
        "areaSqMeters": 15175.73,
        "landUse": "Industrial",
        "status": "VERIFIED",
        "ownershipVerified": true,
        "registrationStatus": "ACTIVE",
        "mortgageStatus": "NONE",
        "taxStatus": "PENDING",
        "buildingPermitStatus": "NONE",
        "disputeStatus": "NONE"
      }
    },
    {
      "type": "Feature",
      "geometry": {
        "type": "Polygon",
        "coordinates": [
          [
            [
              83.24050000000001,
              17.7066
            ],
            [
              83.242,
              17.7066
            ],
            [
              83.242,
              17.707900000000002
            ],
            [
              83.24050000000001,
              17.707900000000002
            ],
            [
              83.24050000000001,
              17.7066
            ]
          ]
        ]
      },
      "properties": {
        "ulpin": "AP-VSKP-000286",
        "surveyNumber": "146/2C",
        "stateCode": "AP",
        "district": "Visakhapatnam",
        "mandal": "Demo Mandal",
        "village": "Rushikonda",
        "areaAcres": 4.2,
        "areaSqMeters": 16996.81,
        "landUse": "Special Zone",
        "status": "VERIFIED",
        "ownershipVerified": true,
        "registrationStatus": "ACTIVE",
        "mortgageStatus": "NONE",
        "taxStatus": "PAID",
        "buildingPermitStatus": "NONE",
        "disputeStatus": "NONE"
      }
    },
    {
      "type": "Feature",
      "geometry": {
        "type": "Polygon",
        "coordinates": [
          [
            [
              83.2425,
              17.7066
            ],
            [
              83.244,
              17.7066
            ],
            [
              83.244,
              17.707900000000002
            ],
            [
              83.2425,
              17.707900000000002
            ],
            [
              83.2425,
              17.7066
            ]
          ]
        ]
      },
      "properties": {
        "ulpin": "AP-VSKP-000287",
        "surveyNumber": "147/3",
        "stateCode": "AP",
        "district": "Visakhapatnam",
        "mandal": "Demo Mandal",
        "village": "Madhurawada",
        "areaAcres": 1.5,
        "areaSqMeters": 6070.29,
        "landUse": "Residential",
        "status": "VERIFIED",
        "ownershipVerified": true,
        "registrationStatus": "ACTIVE",
        "mortgageStatus": "ACTIVE_MORTGAGE",
        "taxStatus": "PAID",
        "buildingPermitStatus": "SUBMITTED",
        "disputeStatus": "NONE"
      }
    },
    {
      "type": "Feature",
      "geometry": {
        "type": "Polygon",
        "coordinates": [
          [
            [
              83.2445,
              17.7066
            ],
            [
              83.246,
              17.7066
            ],
            [
              83.246,
              17.707900000000002
            ],
            [
              83.2445,
              17.707900000000002
            ],
            [
              83.2445,
              17.7066
            ]
          ]
        ]
      },
      "properties": {
        "ulpin": "AP-VSKP-000288",
        "surveyNumber": "148/4A",
        "stateCode": "AP",
        "district": "Visakhapatnam",
        "mandal": "Demo Mandal",
        "village": "Pendurthi",
        "areaAcres": 1.95,
        "areaSqMeters": 7891.38,
        "landUse": "Residential",
        "status": "PENDING_VERIFICATION",
        "ownershipVerified": false,
        "registrationStatus": "ACTIVE",
        "mortgageStatus": "NONE",
        "taxStatus": "PAID",
        "buildingPermitStatus": "APPROVED",
        "disputeStatus": "NONE"
      }
    },
    {
      "type": "Feature",
      "geometry": {
        "type": "Polygon",
        "coordinates": [
          [
            [
              83.24650000000001,
              17.7066
            ],
            [
              83.248,
              17.7066
            ],
            [
              83.248,
              17.707900000000002
            ],
            [
              83.24650000000001,
              17.707900000000002
            ],
            [
              83.24650000000001,
              17.7066
            ]
          ]
        ]
      },
      "properties": {
        "ulpin": "AP-VSKP-000289",
        "surveyNumber": "149/5B",
        "stateCode": "AP",
        "district": "Visakhapatnam",
        "mandal": "Demo Mandal",
        "village": "Gajuwaka",
        "areaAcres": 2.4,
        "areaSqMeters": 9712.46,
        "landUse": "Residential",
        "status": "VERIFIED",
        "ownershipVerified": true,
        "registrationStatus": "ACTIVE",
        "mortgageStatus": "NONE",
        "taxStatus": "PAID",
        "buildingPermitStatus": "SUBMITTED",
        "disputeStatus": "NONE"
      }
    },
    {
      "type": "Feature",
      "geometry": {
        "type": "Polygon",
        "coordinates": [
          [
            [
              83.2485,
              17.7066
            ],
            [
              83.25,
              17.7066
            ],
            [
              83.25,
              17.707900000000002
            ],
            [
              83.2485,
              17.707900000000002
            ],
            [
              83.2485,
              17.7066
            ]
          ]
        ]
      },
      "properties": {
        "ulpin": "AP-VSKP-000290",
        "surveyNumber": "150/1C",
        "stateCode": "AP",
        "district": "Visakhapatnam",
        "mandal": "Demo Mandal",
        "village": "Bhoomi Village",
        "areaAcres": 2.85,
        "areaSqMeters": 11533.55,
        "landUse": "Commercial",
        "status": "VERIFIED",
        "ownershipVerified": true,
        "registrationStatus": "ACTIVE",
        "mortgageStatus": "NONE",
        "taxStatus": "PENDING",
        "buildingPermitStatus": "NONE",
        "disputeStatus": "NONE"
      }
    },
    {
      "type": "Feature",
      "geometry": {
        "type": "Polygon",
        "coordinates": [
          [
            [
              83.2505,
              17.7066
            ],
            [
              83.252,
              17.7066
            ],
            [
              83.252,
              17.707900000000002
            ],
            [
              83.2505,
              17.707900000000002
            ],
            [
              83.2505,
              17.7066
            ]
          ]
        ]
      },
      "properties": {
        "ulpin": "AP-VSKP-000291",
        "surveyNumber": "151/2",
        "stateCode": "AP",
        "district": "Visakhapatnam",
        "mandal": "Demo Mandal",
        "village": "Rushikonda",
        "areaAcres": 3.3,
        "areaSqMeters": 13354.64,
        "landUse": "Agricultural",
        "status": "VERIFIED",
        "ownershipVerified": true,
        "registrationStatus": "ACTIVE",
        "mortgageStatus": "NONE",
        "taxStatus": "PAID",
        "buildingPermitStatus": "NONE",
        "disputeStatus": "NONE"
      }
    },
    {
      "type": "Feature",
      "geometry": {
        "type": "Polygon",
        "coordinates": [
          [
            [
              83.25250000000001,
              17.7066
            ],
            [
              83.254,
              17.7066
            ],
            [
              83.254,
              17.707900000000002
            ],
            [
              83.25250000000001,
              17.707900000000002
            ],
            [
              83.25250000000001,
              17.7066
            ]
          ]
        ]
      },
      "properties": {
        "ulpin": "AP-VSKP-000292",
        "surveyNumber": "152/3A",
        "stateCode": "AP",
        "district": "Visakhapatnam",
        "mandal": "Demo Mandal",
        "village": "Madhurawada",
        "areaAcres": 3.75,
        "areaSqMeters": 15175.73,
        "landUse": "Industrial",
        "status": "VERIFIED",
        "ownershipVerified": true,
        "registrationStatus": "ACTIVE",
        "mortgageStatus": "NONE",
        "taxStatus": "PAID",
        "buildingPermitStatus": "NONE",
        "disputeStatus": "NONE"
      }
    },
    {
      "type": "Feature",
      "geometry": {
        "type": "Polygon",
        "coordinates": [
          [
            [
              83.25450000000001,
              17.7066
            ],
            [
              83.256,
              17.7066
            ],
            [
              83.256,
              17.707900000000002
            ],
            [
              83.25450000000001,
              17.707900000000002
            ],
            [
              83.25450000000001,
              17.7066
            ]
          ]
        ]
      },
      "properties": {
        "ulpin": "AP-VSKP-000293",
        "surveyNumber": "153/4B",
        "stateCode": "AP",
        "district": "Visakhapatnam",
        "mandal": "Demo Mandal",
        "village": "Pendurthi",
        "areaAcres": 4.2,
        "areaSqMeters": 16996.81,
        "landUse": "Special Zone",
        "status": "VERIFIED",
        "ownershipVerified": true,
        "registrationStatus": "ACTIVE",
        "mortgageStatus": "NONE",
        "taxStatus": "PAID",
        "buildingPermitStatus": "NONE",
        "disputeStatus": "NONE"
      }
    },
    {
      "type": "Feature",
      "geometry": {
        "type": "Polygon",
        "coordinates": [
          [
            [
              83.2565,
              17.7066
            ],
            [
              83.258,
              17.7066
            ],
            [
              83.258,
              17.707900000000002
            ],
            [
              83.2565,
              17.707900000000002
            ],
            [
              83.2565,
              17.7066
            ]
          ]
        ]
      },
      "properties": {
        "ulpin": "AP-VSKP-000294",
        "surveyNumber": "154/5C",
        "stateCode": "AP",
        "district": "Visakhapatnam",
        "mandal": "Demo Mandal",
        "village": "Gajuwaka",
        "areaAcres": 1.5,
        "areaSqMeters": 6070.29,
        "landUse": "Residential",
        "status": "VERIFIED",
        "ownershipVerified": true,
        "registrationStatus": "ACTIVE",
        "mortgageStatus": "ACTIVE_MORTGAGE",
        "taxStatus": "PAID",
        "buildingPermitStatus": "APPROVED",
        "disputeStatus": "NONE"
      }
    },
    {
      "type": "Feature",
      "geometry": {
        "type": "Polygon",
        "coordinates": [
          [
            [
              83.25850000000001,
              17.7066
            ],
            [
              83.26,
              17.7066
            ],
            [
              83.26,
              17.707900000000002
            ],
            [
              83.25850000000001,
              17.707900000000002
            ],
            [
              83.25850000000001,
              17.7066
            ]
          ]
        ]
      },
      "properties": {
        "ulpin": "AP-VSKP-000295",
        "surveyNumber": "155/1",
        "stateCode": "AP",
        "district": "Visakhapatnam",
        "mandal": "Demo Mandal",
        "village": "Bhoomi Village",
        "areaAcres": 1.95,
        "areaSqMeters": 7891.38,
        "landUse": "Residential",
        "status": "VERIFIED",
        "ownershipVerified": true,
        "registrationStatus": "ACTIVE",
        "mortgageStatus": "NONE",
        "taxStatus": "PENDING",
        "buildingPermitStatus": "SUBMITTED",
        "disputeStatus": "NONE"
      }
    },
    {
      "type": "Feature",
      "geometry": {
        "type": "Polygon",
        "coordinates": [
          [
            [
              83.26050000000001,
              17.7066
            ],
            [
              83.262,
              17.7066
            ],
            [
              83.262,
              17.707900000000002
            ],
            [
              83.26050000000001,
              17.707900000000002
            ],
            [
              83.26050000000001,
              17.7066
            ]
          ]
        ]
      },
      "properties": {
        "ulpin": "AP-VSKP-000296",
        "surveyNumber": "156/2A",
        "stateCode": "AP",
        "district": "Visakhapatnam",
        "mandal": "Demo Mandal",
        "village": "Rushikonda",
        "areaAcres": 2.4,
        "areaSqMeters": 9712.46,
        "landUse": "Residential",
        "status": "VERIFIED",
        "ownershipVerified": true,
        "registrationStatus": "ACTIVE",
        "mortgageStatus": "NONE",
        "taxStatus": "PAID",
        "buildingPermitStatus": "APPROVED",
        "disputeStatus": "NONE"
      }
    },
    {
      "type": "Feature",
      "geometry": {
        "type": "Polygon",
        "coordinates": [
          [
            [
              83.2625,
              17.7066
            ],
            [
              83.264,
              17.7066
            ],
            [
              83.264,
              17.707900000000002
            ],
            [
              83.2625,
              17.707900000000002
            ],
            [
              83.2625,
              17.7066
            ]
          ]
        ]
      },
      "properties": {
        "ulpin": "AP-VSKP-000297",
        "surveyNumber": "157/3B",
        "stateCode": "AP",
        "district": "Visakhapatnam",
        "mandal": "Demo Mandal",
        "village": "Madhurawada",
        "areaAcres": 2.85,
        "areaSqMeters": 11533.55,
        "landUse": "Commercial",
        "status": "PENDING_VERIFICATION",
        "ownershipVerified": false,
        "registrationStatus": "ACTIVE",
        "mortgageStatus": "NONE",
        "taxStatus": "PAID",
        "buildingPermitStatus": "NONE",
        "disputeStatus": "NONE"
      }
    },
    {
      "type": "Feature",
      "geometry": {
        "type": "Polygon",
        "coordinates": [
          [
            [
              83.26450000000001,
              17.7066
            ],
            [
              83.266,
              17.7066
            ],
            [
              83.266,
              17.707900000000002
            ],
            [
              83.26450000000001,
              17.707900000000002
            ],
            [
              83.26450000000001,
              17.7066
            ]
          ]
        ]
      },
      "properties": {
        "ulpin": "AP-VSKP-000298",
        "surveyNumber": "158/4C",
        "stateCode": "AP",
        "district": "Visakhapatnam",
        "mandal": "Demo Mandal",
        "village": "Pendurthi",
        "areaAcres": 3.3,
        "areaSqMeters": 13354.64,
        "landUse": "Agricultural",
        "status": "VERIFIED",
        "ownershipVerified": true,
        "registrationStatus": "ACTIVE",
        "mortgageStatus": "NONE",
        "taxStatus": "PAID",
        "buildingPermitStatus": "NONE",
        "disputeStatus": "NONE"
      }
    },
    {
      "type": "Feature",
      "geometry": {
        "type": "Polygon",
        "coordinates": [
          [
            [
              83.26650000000001,
              17.7066
            ],
            [
              83.268,
              17.7066
            ],
            [
              83.268,
              17.707900000000002
            ],
            [
              83.26650000000001,
              17.707900000000002
            ],
            [
              83.26650000000001,
              17.7066
            ]
          ]
        ]
      },
      "properties": {
        "ulpin": "AP-VSKP-000299",
        "surveyNumber": "159/5",
        "stateCode": "AP",
        "district": "Visakhapatnam",
        "mandal": "Demo Mandal",
        "village": "Gajuwaka",
        "areaAcres": 3.75,
        "areaSqMeters": 15175.73,
        "landUse": "Industrial",
        "status": "DISPUTED",
        "ownershipVerified": true,
        "registrationStatus": "ACTIVE",
        "mortgageStatus": "NONE",
        "taxStatus": "PAID",
        "buildingPermitStatus": "NONE",
        "disputeStatus": "ACTIVE_DISPUTE"
      }
    },
    {
      "type": "Feature",
      "geometry": {
        "type": "Polygon",
        "coordinates": [
          [
            [
              83.2185,
              17.7084
            ],
            [
              83.22,
              17.7084
            ],
            [
              83.22,
              17.7097
            ],
            [
              83.2185,
              17.7097
            ],
            [
              83.2185,
              17.7084
            ]
          ]
        ]
      },
      "properties": {
        "ulpin": "AP-VSKP-000300",
        "surveyNumber": "160/1A",
        "stateCode": "AP",
        "district": "Visakhapatnam",
        "mandal": "Demo Mandal",
        "village": "Bhoomi Village",
        "areaAcres": 4.2,
        "areaSqMeters": 16996.81,
        "landUse": "Special Zone",
        "status": "VERIFIED",
        "ownershipVerified": true,
        "registrationStatus": "ACTIVE",
        "mortgageStatus": "NONE",
        "taxStatus": "PENDING",
        "buildingPermitStatus": "NONE",
        "disputeStatus": "NONE"
      }
    },
    {
      "type": "Feature",
      "geometry": {
        "type": "Polygon",
        "coordinates": [
          [
            [
              83.2205,
              17.7084
            ],
            [
              83.222,
              17.7084
            ],
            [
              83.222,
              17.7097
            ],
            [
              83.2205,
              17.7097
            ],
            [
              83.2205,
              17.7084
            ]
          ]
        ]
      },
      "properties": {
        "ulpin": "AP-VSKP-000301",
        "surveyNumber": "161/2B",
        "stateCode": "AP",
        "district": "Visakhapatnam",
        "mandal": "Demo Mandal",
        "village": "Rushikonda",
        "areaAcres": 1.5,
        "areaSqMeters": 6070.29,
        "landUse": "Residential",
        "status": "VERIFIED",
        "ownershipVerified": true,
        "registrationStatus": "ACTIVE",
        "mortgageStatus": "ACTIVE_MORTGAGE",
        "taxStatus": "PAID",
        "buildingPermitStatus": "SUBMITTED",
        "disputeStatus": "NONE"
      }
    },
    {
      "type": "Feature",
      "geometry": {
        "type": "Polygon",
        "coordinates": [
          [
            [
              83.22250000000001,
              17.7084
            ],
            [
              83.224,
              17.7084
            ],
            [
              83.224,
              17.7097
            ],
            [
              83.22250000000001,
              17.7097
            ],
            [
              83.22250000000001,
              17.7084
            ]
          ]
        ]
      },
      "properties": {
        "ulpin": "AP-VSKP-000302",
        "surveyNumber": "162/3C",
        "stateCode": "AP",
        "district": "Visakhapatnam",
        "mandal": "Demo Mandal",
        "village": "Madhurawada",
        "areaAcres": 1.95,
        "areaSqMeters": 7891.38,
        "landUse": "Residential",
        "status": "VERIFIED",
        "ownershipVerified": true,
        "registrationStatus": "ACTIVE",
        "mortgageStatus": "NONE",
        "taxStatus": "PAID",
        "buildingPermitStatus": "APPROVED",
        "disputeStatus": "NONE"
      }
    },
    {
      "type": "Feature",
      "geometry": {
        "type": "Polygon",
        "coordinates": [
          [
            [
              83.2245,
              17.7084
            ],
            [
              83.226,
              17.7084
            ],
            [
              83.226,
              17.7097
            ],
            [
              83.2245,
              17.7097
            ],
            [
              83.2245,
              17.7084
            ]
          ]
        ]
      },
      "properties": {
        "ulpin": "AP-VSKP-000303",
        "surveyNumber": "163/4",
        "stateCode": "AP",
        "district": "Visakhapatnam",
        "mandal": "Demo Mandal",
        "village": "Pendurthi",
        "areaAcres": 2.4,
        "areaSqMeters": 9712.46,
        "landUse": "Residential",
        "status": "VERIFIED",
        "ownershipVerified": true,
        "registrationStatus": "ACTIVE",
        "mortgageStatus": "NONE",
        "taxStatus": "PAID",
        "buildingPermitStatus": "SUBMITTED",
        "disputeStatus": "NONE"
      }
    },
    {
      "type": "Feature",
      "geometry": {
        "type": "Polygon",
        "coordinates": [
          [
            [
              83.2265,
              17.7084
            ],
            [
              83.228,
              17.7084
            ],
            [
              83.228,
              17.7097
            ],
            [
              83.2265,
              17.7097
            ],
            [
              83.2265,
              17.7084
            ]
          ]
        ]
      },
      "properties": {
        "ulpin": "AP-VSKP-000304",
        "surveyNumber": "164/5A",
        "stateCode": "AP",
        "district": "Visakhapatnam",
        "mandal": "Demo Mandal",
        "village": "Gajuwaka",
        "areaAcres": 2.85,
        "areaSqMeters": 11533.55,
        "landUse": "Commercial",
        "status": "VERIFIED",
        "ownershipVerified": true,
        "registrationStatus": "ACTIVE",
        "mortgageStatus": "NONE",
        "taxStatus": "PAID",
        "buildingPermitStatus": "NONE",
        "disputeStatus": "NONE"
      }
    },
    {
      "type": "Feature",
      "geometry": {
        "type": "Polygon",
        "coordinates": [
          [
            [
              83.22850000000001,
              17.7084
            ],
            [
              83.23,
              17.7084
            ],
            [
              83.23,
              17.7097
            ],
            [
              83.22850000000001,
              17.7097
            ],
            [
              83.22850000000001,
              17.7084
            ]
          ]
        ]
      },
      "properties": {
        "ulpin": "AP-VSKP-000305",
        "surveyNumber": "165/1B",
        "stateCode": "AP",
        "district": "Visakhapatnam",
        "mandal": "Demo Mandal",
        "village": "Bhoomi Village",
        "areaAcres": 3.3,
        "areaSqMeters": 13354.64,
        "landUse": "Agricultural",
        "status": "VERIFIED",
        "ownershipVerified": true,
        "registrationStatus": "ACTIVE",
        "mortgageStatus": "NONE",
        "taxStatus": "PENDING",
        "buildingPermitStatus": "NONE",
        "disputeStatus": "NONE"
      }
    },
    {
      "type": "Feature",
      "geometry": {
        "type": "Polygon",
        "coordinates": [
          [
            [
              83.2305,
              17.7084
            ],
            [
              83.232,
              17.7084
            ],
            [
              83.232,
              17.7097
            ],
            [
              83.2305,
              17.7097
            ],
            [
              83.2305,
              17.7084
            ]
          ]
        ]
      },
      "properties": {
        "ulpin": "AP-VSKP-000306",
        "surveyNumber": "166/2C",
        "stateCode": "AP",
        "district": "Visakhapatnam",
        "mandal": "Demo Mandal",
        "village": "Rushikonda",
        "areaAcres": 3.75,
        "areaSqMeters": 15175.73,
        "landUse": "Industrial",
        "status": "PENDING_VERIFICATION",
        "ownershipVerified": false,
        "registrationStatus": "ACTIVE",
        "mortgageStatus": "NONE",
        "taxStatus": "PAID",
        "buildingPermitStatus": "NONE",
        "disputeStatus": "NONE"
      }
    },
    {
      "type": "Feature",
      "geometry": {
        "type": "Polygon",
        "coordinates": [
          [
            [
              83.2325,
              17.7084
            ],
            [
              83.234,
              17.7084
            ],
            [
              83.234,
              17.7097
            ],
            [
              83.2325,
              17.7097
            ],
            [
              83.2325,
              17.7084
            ]
          ]
        ]
      },
      "properties": {
        "ulpin": "AP-VSKP-000307",
        "surveyNumber": "167/3",
        "stateCode": "AP",
        "district": "Visakhapatnam",
        "mandal": "Demo Mandal",
        "village": "Madhurawada",
        "areaAcres": 4.2,
        "areaSqMeters": 16996.81,
        "landUse": "Special Zone",
        "status": "VERIFIED",
        "ownershipVerified": true,
        "registrationStatus": "ACTIVE",
        "mortgageStatus": "NONE",
        "taxStatus": "PAID",
        "buildingPermitStatus": "NONE",
        "disputeStatus": "NONE"
      }
    },
    {
      "type": "Feature",
      "geometry": {
        "type": "Polygon",
        "coordinates": [
          [
            [
              83.23450000000001,
              17.7084
            ],
            [
              83.236,
              17.7084
            ],
            [
              83.236,
              17.7097
            ],
            [
              83.23450000000001,
              17.7097
            ],
            [
              83.23450000000001,
              17.7084
            ]
          ]
        ]
      },
      "properties": {
        "ulpin": "AP-VSKP-000308",
        "surveyNumber": "168/4A",
        "stateCode": "AP",
        "district": "Visakhapatnam",
        "mandal": "Demo Mandal",
        "village": "Pendurthi",
        "areaAcres": 1.5,
        "areaSqMeters": 6070.29,
        "landUse": "Residential",
        "status": "VERIFIED",
        "ownershipVerified": true,
        "registrationStatus": "ACTIVE",
        "mortgageStatus": "ACTIVE_MORTGAGE",
        "taxStatus": "PAID",
        "buildingPermitStatus": "APPROVED",
        "disputeStatus": "NONE"
      }
    },
    {
      "type": "Feature",
      "geometry": {
        "type": "Polygon",
        "coordinates": [
          [
            [
              83.2365,
              17.7084
            ],
            [
              83.238,
              17.7084
            ],
            [
              83.238,
              17.7097
            ],
            [
              83.2365,
              17.7097
            ],
            [
              83.2365,
              17.7084
            ]
          ]
        ]
      },
      "properties": {
        "ulpin": "AP-VSKP-000309",
        "surveyNumber": "169/5B",
        "stateCode": "AP",
        "district": "Visakhapatnam",
        "mandal": "Demo Mandal",
        "village": "Gajuwaka",
        "areaAcres": 1.95,
        "areaSqMeters": 7891.38,
        "landUse": "Residential",
        "status": "VERIFIED",
        "ownershipVerified": true,
        "registrationStatus": "ACTIVE",
        "mortgageStatus": "NONE",
        "taxStatus": "PAID",
        "buildingPermitStatus": "SUBMITTED",
        "disputeStatus": "NONE"
      }
    },
    {
      "type": "Feature",
      "geometry": {
        "type": "Polygon",
        "coordinates": [
          [
            [
              83.2385,
              17.7084
            ],
            [
              83.24,
              17.7084
            ],
            [
              83.24,
              17.7097
            ],
            [
              83.2385,
              17.7097
            ],
            [
              83.2385,
              17.7084
            ]
          ]
        ]
      },
      "properties": {
        "ulpin": "AP-VSKP-000310",
        "surveyNumber": "170/1C",
        "stateCode": "AP",
        "district": "Visakhapatnam",
        "mandal": "Demo Mandal",
        "village": "Bhoomi Village",
        "areaAcres": 2.4,
        "areaSqMeters": 9712.46,
        "landUse": "Residential",
        "status": "VERIFIED",
        "ownershipVerified": true,
        "registrationStatus": "ACTIVE",
        "mortgageStatus": "NONE",
        "taxStatus": "PENDING",
        "buildingPermitStatus": "APPROVED",
        "disputeStatus": "NONE"
      }
    },
    {
      "type": "Feature",
      "geometry": {
        "type": "Polygon",
        "coordinates": [
          [
            [
              83.24050000000001,
              17.7084
            ],
            [
              83.242,
              17.7084
            ],
            [
              83.242,
              17.7097
            ],
            [
              83.24050000000001,
              17.7097
            ],
            [
              83.24050000000001,
              17.7084
            ]
          ]
        ]
      },
      "properties": {
        "ulpin": "AP-VSKP-000311",
        "surveyNumber": "171/2",
        "stateCode": "AP",
        "district": "Visakhapatnam",
        "mandal": "Demo Mandal",
        "village": "Rushikonda",
        "areaAcres": 2.85,
        "areaSqMeters": 11533.55,
        "landUse": "Commercial",
        "status": "VERIFIED",
        "ownershipVerified": true,
        "registrationStatus": "ACTIVE",
        "mortgageStatus": "NONE",
        "taxStatus": "PAID",
        "buildingPermitStatus": "NONE",
        "disputeStatus": "NONE"
      }
    },
    {
      "type": "Feature",
      "geometry": {
        "type": "Polygon",
        "coordinates": [
          [
            [
              83.2425,
              17.7084
            ],
            [
              83.244,
              17.7084
            ],
            [
              83.244,
              17.7097
            ],
            [
              83.2425,
              17.7097
            ],
            [
              83.2425,
              17.7084
            ]
          ]
        ]
      },
      "properties": {
        "ulpin": "AP-VSKP-000312",
        "surveyNumber": "172/3A",
        "stateCode": "AP",
        "district": "Visakhapatnam",
        "mandal": "Demo Mandal",
        "village": "Madhurawada",
        "areaAcres": 3.3,
        "areaSqMeters": 13354.64,
        "landUse": "Agricultural",
        "status": "VERIFIED",
        "ownershipVerified": true,
        "registrationStatus": "ACTIVE",
        "mortgageStatus": "NONE",
        "taxStatus": "PAID",
        "buildingPermitStatus": "NONE",
        "disputeStatus": "NONE"
      }
    },
    {
      "type": "Feature",
      "geometry": {
        "type": "Polygon",
        "coordinates": [
          [
            [
              83.2445,
              17.7084
            ],
            [
              83.246,
              17.7084
            ],
            [
              83.246,
              17.7097
            ],
            [
              83.2445,
              17.7097
            ],
            [
              83.2445,
              17.7084
            ]
          ]
        ]
      },
      "properties": {
        "ulpin": "AP-VSKP-000313",
        "surveyNumber": "173/4B",
        "stateCode": "AP",
        "district": "Visakhapatnam",
        "mandal": "Demo Mandal",
        "village": "Pendurthi",
        "areaAcres": 3.75,
        "areaSqMeters": 15175.73,
        "landUse": "Industrial",
        "status": "VERIFIED",
        "ownershipVerified": true,
        "registrationStatus": "ACTIVE",
        "mortgageStatus": "NONE",
        "taxStatus": "PAID",
        "buildingPermitStatus": "NONE",
        "disputeStatus": "NONE"
      }
    },
    {
      "type": "Feature",
      "geometry": {
        "type": "Polygon",
        "coordinates": [
          [
            [
              83.24650000000001,
              17.7084
            ],
            [
              83.248,
              17.7084
            ],
            [
              83.248,
              17.7097
            ],
            [
              83.24650000000001,
              17.7097
            ],
            [
              83.24650000000001,
              17.7084
            ]
          ]
        ]
      },
      "properties": {
        "ulpin": "AP-VSKP-000314",
        "surveyNumber": "174/5C",
        "stateCode": "AP",
        "district": "Visakhapatnam",
        "mandal": "Demo Mandal",
        "village": "Gajuwaka",
        "areaAcres": 4.2,
        "areaSqMeters": 16996.81,
        "landUse": "Special Zone",
        "status": "VERIFIED",
        "ownershipVerified": true,
        "registrationStatus": "ACTIVE",
        "mortgageStatus": "NONE",
        "taxStatus": "PAID",
        "buildingPermitStatus": "NONE",
        "disputeStatus": "NONE"
      }
    },
    {
      "type": "Feature",
      "geometry": {
        "type": "Polygon",
        "coordinates": [
          [
            [
              83.2485,
              17.7084
            ],
            [
              83.25,
              17.7084
            ],
            [
              83.25,
              17.7097
            ],
            [
              83.2485,
              17.7097
            ],
            [
              83.2485,
              17.7084
            ]
          ]
        ]
      },
      "properties": {
        "ulpin": "AP-VSKP-000315",
        "surveyNumber": "175/1",
        "stateCode": "AP",
        "district": "Visakhapatnam",
        "mandal": "Demo Mandal",
        "village": "Bhoomi Village",
        "areaAcres": 1.5,
        "areaSqMeters": 6070.29,
        "landUse": "Residential",
        "status": "PENDING_VERIFICATION",
        "ownershipVerified": false,
        "registrationStatus": "ACTIVE",
        "mortgageStatus": "ACTIVE_MORTGAGE",
        "taxStatus": "PENDING",
        "buildingPermitStatus": "SUBMITTED",
        "disputeStatus": "NONE"
      }
    },
    {
      "type": "Feature",
      "geometry": {
        "type": "Polygon",
        "coordinates": [
          [
            [
              83.2505,
              17.7084
            ],
            [
              83.252,
              17.7084
            ],
            [
              83.252,
              17.7097
            ],
            [
              83.2505,
              17.7097
            ],
            [
              83.2505,
              17.7084
            ]
          ]
        ]
      },
      "properties": {
        "ulpin": "AP-VSKP-000316",
        "surveyNumber": "176/2A",
        "stateCode": "AP",
        "district": "Visakhapatnam",
        "mandal": "Demo Mandal",
        "village": "Rushikonda",
        "areaAcres": 1.95,
        "areaSqMeters": 7891.38,
        "landUse": "Residential",
        "status": "VERIFIED",
        "ownershipVerified": true,
        "registrationStatus": "ACTIVE",
        "mortgageStatus": "NONE",
        "taxStatus": "PAID",
        "buildingPermitStatus": "APPROVED",
        "disputeStatus": "NONE"
      }
    },
    {
      "type": "Feature",
      "geometry": {
        "type": "Polygon",
        "coordinates": [
          [
            [
              83.25250000000001,
              17.7084
            ],
            [
              83.254,
              17.7084
            ],
            [
              83.254,
              17.7097
            ],
            [
              83.25250000000001,
              17.7097
            ],
            [
              83.25250000000001,
              17.7084
            ]
          ]
        ]
      },
      "properties": {
        "ulpin": "AP-VSKP-000317",
        "surveyNumber": "177/3B",
        "stateCode": "AP",
        "district": "Visakhapatnam",
        "mandal": "Demo Mandal",
        "village": "Madhurawada",
        "areaAcres": 2.4,
        "areaSqMeters": 9712.46,
        "landUse": "Residential",
        "status": "VERIFIED",
        "ownershipVerified": true,
        "registrationStatus": "ACTIVE",
        "mortgageStatus": "NONE",
        "taxStatus": "PAID",
        "buildingPermitStatus": "SUBMITTED",
        "disputeStatus": "NONE"
      }
    },
    {
      "type": "Feature",
      "geometry": {
        "type": "Polygon",
        "coordinates": [
          [
            [
              83.25450000000001,
              17.7084
            ],
            [
              83.256,
              17.7084
            ],
            [
              83.256,
              17.7097
            ],
            [
              83.25450000000001,
              17.7097
            ],
            [
              83.25450000000001,
              17.7084
            ]
          ]
        ]
      },
      "properties": {
        "ulpin": "AP-VSKP-000318",
        "surveyNumber": "178/4C",
        "stateCode": "AP",
        "district": "Visakhapatnam",
        "mandal": "Demo Mandal",
        "village": "Pendurthi",
        "areaAcres": 2.85,
        "areaSqMeters": 11533.55,
        "landUse": "Commercial",
        "status": "VERIFIED",
        "ownershipVerified": true,
        "registrationStatus": "ACTIVE",
        "mortgageStatus": "NONE",
        "taxStatus": "PAID",
        "buildingPermitStatus": "NONE",
        "disputeStatus": "NONE"
      }
    },
    {
      "type": "Feature",
      "geometry": {
        "type": "Polygon",
        "coordinates": [
          [
            [
              83.2565,
              17.7084
            ],
            [
              83.258,
              17.7084
            ],
            [
              83.258,
              17.7097
            ],
            [
              83.2565,
              17.7097
            ],
            [
              83.2565,
              17.7084
            ]
          ]
        ]
      },
      "properties": {
        "ulpin": "AP-VSKP-000319",
        "surveyNumber": "179/5",
        "stateCode": "AP",
        "district": "Visakhapatnam",
        "mandal": "Demo Mandal",
        "village": "Gajuwaka",
        "areaAcres": 3.3,
        "areaSqMeters": 13354.64,
        "landUse": "Agricultural",
        "status": "VERIFIED",
        "ownershipVerified": true,
        "registrationStatus": "ACTIVE",
        "mortgageStatus": "NONE",
        "taxStatus": "PAID",
        "buildingPermitStatus": "NONE",
        "disputeStatus": "NONE"
      }
    },
    {
      "type": "Feature",
      "geometry": {
        "type": "Polygon",
        "coordinates": [
          [
            [
              83.25850000000001,
              17.7084
            ],
            [
              83.26,
              17.7084
            ],
            [
              83.26,
              17.7097
            ],
            [
              83.25850000000001,
              17.7097
            ],
            [
              83.25850000000001,
              17.7084
            ]
          ]
        ]
      },
      "properties": {
        "ulpin": "AP-VSKP-000320",
        "surveyNumber": "100/1A",
        "stateCode": "AP",
        "district": "Visakhapatnam",
        "mandal": "Demo Mandal",
        "village": "Bhoomi Village",
        "areaAcres": 3.75,
        "areaSqMeters": 15175.73,
        "landUse": "Industrial",
        "status": "VERIFIED",
        "ownershipVerified": true,
        "registrationStatus": "ACTIVE",
        "mortgageStatus": "NONE",
        "taxStatus": "PENDING",
        "buildingPermitStatus": "NONE",
        "disputeStatus": "NONE"
      }
    },
    {
      "type": "Feature",
      "geometry": {
        "type": "Polygon",
        "coordinates": [
          [
            [
              83.26050000000001,
              17.7084
            ],
            [
              83.262,
              17.7084
            ],
            [
              83.262,
              17.7097
            ],
            [
              83.26050000000001,
              17.7097
            ],
            [
              83.26050000000001,
              17.7084
            ]
          ]
        ]
      },
      "properties": {
        "ulpin": "AP-VSKP-000321",
        "surveyNumber": "101/2B",
        "stateCode": "AP",
        "district": "Visakhapatnam",
        "mandal": "Demo Mandal",
        "village": "Rushikonda",
        "areaAcres": 4.2,
        "areaSqMeters": 16996.81,
        "landUse": "Special Zone",
        "status": "VERIFIED",
        "ownershipVerified": true,
        "registrationStatus": "ACTIVE",
        "mortgageStatus": "NONE",
        "taxStatus": "PAID",
        "buildingPermitStatus": "NONE",
        "disputeStatus": "NONE"
      }
    },
    {
      "type": "Feature",
      "geometry": {
        "type": "Polygon",
        "coordinates": [
          [
            [
              83.2625,
              17.7084
            ],
            [
              83.264,
              17.7084
            ],
            [
              83.264,
              17.7097
            ],
            [
              83.2625,
              17.7097
            ],
            [
              83.2625,
              17.7084
            ]
          ]
        ]
      },
      "properties": {
        "ulpin": "AP-VSKP-000322",
        "surveyNumber": "102/3C",
        "stateCode": "AP",
        "district": "Visakhapatnam",
        "mandal": "Demo Mandal",
        "village": "Madhurawada",
        "areaAcres": 1.5,
        "areaSqMeters": 6070.29,
        "landUse": "Residential",
        "status": "DISPUTED",
        "ownershipVerified": true,
        "registrationStatus": "ACTIVE",
        "mortgageStatus": "ACTIVE_MORTGAGE",
        "taxStatus": "PAID",
        "buildingPermitStatus": "APPROVED",
        "disputeStatus": "ACTIVE_DISPUTE"
      }
    },
    {
      "type": "Feature",
      "geometry": {
        "type": "Polygon",
        "coordinates": [
          [
            [
              83.26450000000001,
              17.7084
            ],
            [
              83.266,
              17.7084
            ],
            [
              83.266,
              17.7097
            ],
            [
              83.26450000000001,
              17.7097
            ],
            [
              83.26450000000001,
              17.7084
            ]
          ]
        ]
      },
      "properties": {
        "ulpin": "AP-VSKP-000323",
        "surveyNumber": "103/4",
        "stateCode": "AP",
        "district": "Visakhapatnam",
        "mandal": "Demo Mandal",
        "village": "Pendurthi",
        "areaAcres": 1.95,
        "areaSqMeters": 7891.38,
        "landUse": "Residential",
        "status": "VERIFIED",
        "ownershipVerified": true,
        "registrationStatus": "ACTIVE",
        "mortgageStatus": "NONE",
        "taxStatus": "PAID",
        "buildingPermitStatus": "SUBMITTED",
        "disputeStatus": "NONE"
      }
    },
    {
      "type": "Feature",
      "geometry": {
        "type": "Polygon",
        "coordinates": [
          [
            [
              83.26650000000001,
              17.7084
            ],
            [
              83.268,
              17.7084
            ],
            [
              83.268,
              17.7097
            ],
            [
              83.26650000000001,
              17.7097
            ],
            [
              83.26650000000001,
              17.7084
            ]
          ]
        ]
      },
      "properties": {
        "ulpin": "AP-VSKP-000324",
        "surveyNumber": "104/5A",
        "stateCode": "AP",
        "district": "Visakhapatnam",
        "mandal": "Demo Mandal",
        "village": "Gajuwaka",
        "areaAcres": 2.4,
        "areaSqMeters": 9712.46,
        "landUse": "Residential",
        "status": "PENDING_VERIFICATION",
        "ownershipVerified": false,
        "registrationStatus": "ACTIVE",
        "mortgageStatus": "NONE",
        "taxStatus": "PAID",
        "buildingPermitStatus": "APPROVED",
        "disputeStatus": "NONE"
      }
    },
    {
      "type": "Feature",
      "geometry": {
        "type": "Polygon",
        "coordinates": [
          [
            [
              83.2185,
              17.7102
            ],
            [
              83.22,
              17.7102
            ],
            [
              83.22,
              17.7115
            ],
            [
              83.2185,
              17.7115
            ],
            [
              83.2185,
              17.7102
            ]
          ]
        ]
      },
      "properties": {
        "ulpin": "AP-VSKP-000325",
        "surveyNumber": "105/1B",
        "stateCode": "AP",
        "district": "Visakhapatnam",
        "mandal": "Demo Mandal",
        "village": "Bhoomi Village",
        "areaAcres": 2.85,
        "areaSqMeters": 11533.55,
        "landUse": "Commercial",
        "status": "VERIFIED",
        "ownershipVerified": true,
        "registrationStatus": "ACTIVE",
        "mortgageStatus": "NONE",
        "taxStatus": "PENDING",
        "buildingPermitStatus": "NONE",
        "disputeStatus": "NONE"
      }
    },
    {
      "type": "Feature",
      "geometry": {
        "type": "Polygon",
        "coordinates": [
          [
            [
              83.2205,
              17.7102
            ],
            [
              83.222,
              17.7102
            ],
            [
              83.222,
              17.7115
            ],
            [
              83.2205,
              17.7115
            ],
            [
              83.2205,
              17.7102
            ]
          ]
        ]
      },
      "properties": {
        "ulpin": "AP-VSKP-000326",
        "surveyNumber": "106/2C",
        "stateCode": "AP",
        "district": "Visakhapatnam",
        "mandal": "Demo Mandal",
        "village": "Rushikonda",
        "areaAcres": 3.3,
        "areaSqMeters": 13354.64,
        "landUse": "Agricultural",
        "status": "VERIFIED",
        "ownershipVerified": true,
        "registrationStatus": "ACTIVE",
        "mortgageStatus": "NONE",
        "taxStatus": "PAID",
        "buildingPermitStatus": "NONE",
        "disputeStatus": "NONE"
      }
    },
    {
      "type": "Feature",
      "geometry": {
        "type": "Polygon",
        "coordinates": [
          [
            [
              83.22250000000001,
              17.7102
            ],
            [
              83.224,
              17.7102
            ],
            [
              83.224,
              17.7115
            ],
            [
              83.22250000000001,
              17.7115
            ],
            [
              83.22250000000001,
              17.7102
            ]
          ]
        ]
      },
      "properties": {
        "ulpin": "AP-VSKP-000327",
        "surveyNumber": "107/3",
        "stateCode": "AP",
        "district": "Visakhapatnam",
        "mandal": "Demo Mandal",
        "village": "Madhurawada",
        "areaAcres": 3.75,
        "areaSqMeters": 15175.73,
        "landUse": "Industrial",
        "status": "VERIFIED",
        "ownershipVerified": true,
        "registrationStatus": "ACTIVE",
        "mortgageStatus": "NONE",
        "taxStatus": "PAID",
        "buildingPermitStatus": "NONE",
        "disputeStatus": "NONE"
      }
    },
    {
      "type": "Feature",
      "geometry": {
        "type": "Polygon",
        "coordinates": [
          [
            [
              83.2245,
              17.7102
            ],
            [
              83.226,
              17.7102
            ],
            [
              83.226,
              17.7115
            ],
            [
              83.2245,
              17.7115
            ],
            [
              83.2245,
              17.7102
            ]
          ]
        ]
      },
      "properties": {
        "ulpin": "AP-VSKP-000328",
        "surveyNumber": "108/4A",
        "stateCode": "AP",
        "district": "Visakhapatnam",
        "mandal": "Demo Mandal",
        "village": "Pendurthi",
        "areaAcres": 4.2,
        "areaSqMeters": 16996.81,
        "landUse": "Special Zone",
        "status": "VERIFIED",
        "ownershipVerified": true,
        "registrationStatus": "ACTIVE",
        "mortgageStatus": "NONE",
        "taxStatus": "PAID",
        "buildingPermitStatus": "NONE",
        "disputeStatus": "NONE"
      }
    },
    {
      "type": "Feature",
      "geometry": {
        "type": "Polygon",
        "coordinates": [
          [
            [
              83.2265,
              17.7102
            ],
            [
              83.228,
              17.7102
            ],
            [
              83.228,
              17.7115
            ],
            [
              83.2265,
              17.7115
            ],
            [
              83.2265,
              17.7102
            ]
          ]
        ]
      },
      "properties": {
        "ulpin": "AP-VSKP-000329",
        "surveyNumber": "109/5B",
        "stateCode": "AP",
        "district": "Visakhapatnam",
        "mandal": "Demo Mandal",
        "village": "Gajuwaka",
        "areaAcres": 1.5,
        "areaSqMeters": 6070.29,
        "landUse": "Residential",
        "status": "VERIFIED",
        "ownershipVerified": true,
        "registrationStatus": "ACTIVE",
        "mortgageStatus": "ACTIVE_MORTGAGE",
        "taxStatus": "PAID",
        "buildingPermitStatus": "SUBMITTED",
        "disputeStatus": "NONE"
      }
    },
    {
      "type": "Feature",
      "geometry": {
        "type": "Polygon",
        "coordinates": [
          [
            [
              83.22850000000001,
              17.7102
            ],
            [
              83.23,
              17.7102
            ],
            [
              83.23,
              17.7115
            ],
            [
              83.22850000000001,
              17.7115
            ],
            [
              83.22850000000001,
              17.7102
            ]
          ]
        ]
      },
      "properties": {
        "ulpin": "AP-VSKP-000330",
        "surveyNumber": "110/1C",
        "stateCode": "AP",
        "district": "Visakhapatnam",
        "mandal": "Demo Mandal",
        "village": "Bhoomi Village",
        "areaAcres": 1.95,
        "areaSqMeters": 7891.38,
        "landUse": "Residential",
        "status": "VERIFIED",
        "ownershipVerified": true,
        "registrationStatus": "ACTIVE",
        "mortgageStatus": "NONE",
        "taxStatus": "PENDING",
        "buildingPermitStatus": "APPROVED",
        "disputeStatus": "NONE"
      }
    },
    {
      "type": "Feature",
      "geometry": {
        "type": "Polygon",
        "coordinates": [
          [
            [
              83.2305,
              17.7102
            ],
            [
              83.232,
              17.7102
            ],
            [
              83.232,
              17.7115
            ],
            [
              83.2305,
              17.7115
            ],
            [
              83.2305,
              17.7102
            ]
          ]
        ]
      },
      "properties": {
        "ulpin": "AP-VSKP-000331",
        "surveyNumber": "111/2",
        "stateCode": "AP",
        "district": "Visakhapatnam",
        "mandal": "Demo Mandal",
        "village": "Rushikonda",
        "areaAcres": 2.4,
        "areaSqMeters": 9712.46,
        "landUse": "Residential",
        "status": "VERIFIED",
        "ownershipVerified": true,
        "registrationStatus": "ACTIVE",
        "mortgageStatus": "NONE",
        "taxStatus": "PAID",
        "buildingPermitStatus": "SUBMITTED",
        "disputeStatus": "NONE"
      }
    },
    {
      "type": "Feature",
      "geometry": {
        "type": "Polygon",
        "coordinates": [
          [
            [
              83.2325,
              17.7102
            ],
            [
              83.234,
              17.7102
            ],
            [
              83.234,
              17.7115
            ],
            [
              83.2325,
              17.7115
            ],
            [
              83.2325,
              17.7102
            ]
          ]
        ]
      },
      "properties": {
        "ulpin": "AP-VSKP-000332",
        "surveyNumber": "112/3A",
        "stateCode": "AP",
        "district": "Visakhapatnam",
        "mandal": "Demo Mandal",
        "village": "Madhurawada",
        "areaAcres": 2.85,
        "areaSqMeters": 11533.55,
        "landUse": "Commercial",
        "status": "VERIFIED",
        "ownershipVerified": true,
        "registrationStatus": "ACTIVE",
        "mortgageStatus": "NONE",
        "taxStatus": "PAID",
        "buildingPermitStatus": "NONE",
        "disputeStatus": "NONE"
      }
    },
    {
      "type": "Feature",
      "geometry": {
        "type": "Polygon",
        "coordinates": [
          [
            [
              83.23450000000001,
              17.7102
            ],
            [
              83.236,
              17.7102
            ],
            [
              83.236,
              17.7115
            ],
            [
              83.23450000000001,
              17.7115
            ],
            [
              83.23450000000001,
              17.7102
            ]
          ]
        ]
      },
      "properties": {
        "ulpin": "AP-VSKP-000333",
        "surveyNumber": "113/4B",
        "stateCode": "AP",
        "district": "Visakhapatnam",
        "mandal": "Demo Mandal",
        "village": "Pendurthi",
        "areaAcres": 3.3,
        "areaSqMeters": 13354.64,
        "landUse": "Agricultural",
        "status": "PENDING_VERIFICATION",
        "ownershipVerified": false,
        "registrationStatus": "ACTIVE",
        "mortgageStatus": "NONE",
        "taxStatus": "PAID",
        "buildingPermitStatus": "NONE",
        "disputeStatus": "NONE"
      }
    },
    {
      "type": "Feature",
      "geometry": {
        "type": "Polygon",
        "coordinates": [
          [
            [
              83.2365,
              17.7102
            ],
            [
              83.238,
              17.7102
            ],
            [
              83.238,
              17.7115
            ],
            [
              83.2365,
              17.7115
            ],
            [
              83.2365,
              17.7102
            ]
          ]
        ]
      },
      "properties": {
        "ulpin": "AP-VSKP-000334",
        "surveyNumber": "114/5C",
        "stateCode": "AP",
        "district": "Visakhapatnam",
        "mandal": "Demo Mandal",
        "village": "Gajuwaka",
        "areaAcres": 3.75,
        "areaSqMeters": 15175.73,
        "landUse": "Industrial",
        "status": "VERIFIED",
        "ownershipVerified": true,
        "registrationStatus": "ACTIVE",
        "mortgageStatus": "NONE",
        "taxStatus": "PAID",
        "buildingPermitStatus": "NONE",
        "disputeStatus": "NONE"
      }
    },
    {
      "type": "Feature",
      "geometry": {
        "type": "Polygon",
        "coordinates": [
          [
            [
              83.2385,
              17.7102
            ],
            [
              83.24,
              17.7102
            ],
            [
              83.24,
              17.7115
            ],
            [
              83.2385,
              17.7115
            ],
            [
              83.2385,
              17.7102
            ]
          ]
        ]
      },
      "properties": {
        "ulpin": "AP-VSKP-000335",
        "surveyNumber": "115/1",
        "stateCode": "AP",
        "district": "Visakhapatnam",
        "mandal": "Demo Mandal",
        "village": "Bhoomi Village",
        "areaAcres": 4.2,
        "areaSqMeters": 16996.81,
        "landUse": "Special Zone",
        "status": "VERIFIED",
        "ownershipVerified": true,
        "registrationStatus": "ACTIVE",
        "mortgageStatus": "NONE",
        "taxStatus": "PENDING",
        "buildingPermitStatus": "NONE",
        "disputeStatus": "NONE"
      }
    },
    {
      "type": "Feature",
      "geometry": {
        "type": "Polygon",
        "coordinates": [
          [
            [
              83.24050000000001,
              17.7102
            ],
            [
              83.242,
              17.7102
            ],
            [
              83.242,
              17.7115
            ],
            [
              83.24050000000001,
              17.7115
            ],
            [
              83.24050000000001,
              17.7102
            ]
          ]
        ]
      },
      "properties": {
        "ulpin": "AP-VSKP-000336",
        "surveyNumber": "116/2A",
        "stateCode": "AP",
        "district": "Visakhapatnam",
        "mandal": "Demo Mandal",
        "village": "Rushikonda",
        "areaAcres": 1.5,
        "areaSqMeters": 6070.29,
        "landUse": "Residential",
        "status": "VERIFIED",
        "ownershipVerified": true,
        "registrationStatus": "ACTIVE",
        "mortgageStatus": "ACTIVE_MORTGAGE",
        "taxStatus": "PAID",
        "buildingPermitStatus": "APPROVED",
        "disputeStatus": "NONE"
      }
    },
    {
      "type": "Feature",
      "geometry": {
        "type": "Polygon",
        "coordinates": [
          [
            [
              83.2425,
              17.7102
            ],
            [
              83.244,
              17.7102
            ],
            [
              83.244,
              17.7115
            ],
            [
              83.2425,
              17.7115
            ],
            [
              83.2425,
              17.7102
            ]
          ]
        ]
      },
      "properties": {
        "ulpin": "AP-VSKP-000337",
        "surveyNumber": "117/3B",
        "stateCode": "AP",
        "district": "Visakhapatnam",
        "mandal": "Demo Mandal",
        "village": "Madhurawada",
        "areaAcres": 1.95,
        "areaSqMeters": 7891.38,
        "landUse": "Residential",
        "status": "VERIFIED",
        "ownershipVerified": true,
        "registrationStatus": "ACTIVE",
        "mortgageStatus": "NONE",
        "taxStatus": "PAID",
        "buildingPermitStatus": "SUBMITTED",
        "disputeStatus": "NONE"
      }
    },
    {
      "type": "Feature",
      "geometry": {
        "type": "Polygon",
        "coordinates": [
          [
            [
              83.2445,
              17.7102
            ],
            [
              83.246,
              17.7102
            ],
            [
              83.246,
              17.7115
            ],
            [
              83.2445,
              17.7115
            ],
            [
              83.2445,
              17.7102
            ]
          ]
        ]
      },
      "properties": {
        "ulpin": "AP-VSKP-000338",
        "surveyNumber": "118/4C",
        "stateCode": "AP",
        "district": "Visakhapatnam",
        "mandal": "Demo Mandal",
        "village": "Pendurthi",
        "areaAcres": 2.4,
        "areaSqMeters": 9712.46,
        "landUse": "Residential",
        "status": "VERIFIED",
        "ownershipVerified": true,
        "registrationStatus": "ACTIVE",
        "mortgageStatus": "NONE",
        "taxStatus": "PAID",
        "buildingPermitStatus": "APPROVED",
        "disputeStatus": "NONE"
      }
    },
    {
      "type": "Feature",
      "geometry": {
        "type": "Polygon",
        "coordinates": [
          [
            [
              83.24650000000001,
              17.7102
            ],
            [
              83.248,
              17.7102
            ],
            [
              83.248,
              17.7115
            ],
            [
              83.24650000000001,
              17.7115
            ],
            [
              83.24650000000001,
              17.7102
            ]
          ]
        ]
      },
      "properties": {
        "ulpin": "AP-VSKP-000339",
        "surveyNumber": "119/5",
        "stateCode": "AP",
        "district": "Visakhapatnam",
        "mandal": "Demo Mandal",
        "village": "Gajuwaka",
        "areaAcres": 2.85,
        "areaSqMeters": 11533.55,
        "landUse": "Commercial",
        "status": "VERIFIED",
        "ownershipVerified": true,
        "registrationStatus": "ACTIVE",
        "mortgageStatus": "NONE",
        "taxStatus": "PAID",
        "buildingPermitStatus": "NONE",
        "disputeStatus": "NONE"
      }
    },
    {
      "type": "Feature",
      "geometry": {
        "type": "Polygon",
        "coordinates": [
          [
            [
              83.2485,
              17.7102
            ],
            [
              83.25,
              17.7102
            ],
            [
              83.25,
              17.7115
            ],
            [
              83.2485,
              17.7115
            ],
            [
              83.2485,
              17.7102
            ]
          ]
        ]
      },
      "properties": {
        "ulpin": "AP-VSKP-000340",
        "surveyNumber": "120/1A",
        "stateCode": "AP",
        "district": "Visakhapatnam",
        "mandal": "Demo Mandal",
        "village": "Bhoomi Village",
        "areaAcres": 3.3,
        "areaSqMeters": 13354.64,
        "landUse": "Agricultural",
        "status": "VERIFIED",
        "ownershipVerified": true,
        "registrationStatus": "ACTIVE",
        "mortgageStatus": "NONE",
        "taxStatus": "PENDING",
        "buildingPermitStatus": "NONE",
        "disputeStatus": "NONE"
      }
    },
    {
      "type": "Feature",
      "geometry": {
        "type": "Polygon",
        "coordinates": [
          [
            [
              83.2505,
              17.7102
            ],
            [
              83.252,
              17.7102
            ],
            [
              83.252,
              17.7115
            ],
            [
              83.2505,
              17.7115
            ],
            [
              83.2505,
              17.7102
            ]
          ]
        ]
      },
      "properties": {
        "ulpin": "AP-VSKP-000341",
        "surveyNumber": "121/2B",
        "stateCode": "AP",
        "district": "Visakhapatnam",
        "mandal": "Demo Mandal",
        "village": "Rushikonda",
        "areaAcres": 3.75,
        "areaSqMeters": 15175.73,
        "landUse": "Industrial",
        "status": "VERIFIED",
        "ownershipVerified": true,
        "registrationStatus": "ACTIVE",
        "mortgageStatus": "NONE",
        "taxStatus": "PAID",
        "buildingPermitStatus": "NONE",
        "disputeStatus": "NONE"
      }
    },
    {
      "type": "Feature",
      "geometry": {
        "type": "Polygon",
        "coordinates": [
          [
            [
              83.25250000000001,
              17.7102
            ],
            [
              83.254,
              17.7102
            ],
            [
              83.254,
              17.7115
            ],
            [
              83.25250000000001,
              17.7115
            ],
            [
              83.25250000000001,
              17.7102
            ]
          ]
        ]
      },
      "properties": {
        "ulpin": "AP-VSKP-000342",
        "surveyNumber": "122/3C",
        "stateCode": "AP",
        "district": "Visakhapatnam",
        "mandal": "Demo Mandal",
        "village": "Madhurawada",
        "areaAcres": 4.2,
        "areaSqMeters": 16996.81,
        "landUse": "Special Zone",
        "status": "PENDING_VERIFICATION",
        "ownershipVerified": false,
        "registrationStatus": "ACTIVE",
        "mortgageStatus": "NONE",
        "taxStatus": "PAID",
        "buildingPermitStatus": "NONE",
        "disputeStatus": "NONE"
      }
    },
    {
      "type": "Feature",
      "geometry": {
        "type": "Polygon",
        "coordinates": [
          [
            [
              83.25450000000001,
              17.7102
            ],
            [
              83.256,
              17.7102
            ],
            [
              83.256,
              17.7115
            ],
            [
              83.25450000000001,
              17.7115
            ],
            [
              83.25450000000001,
              17.7102
            ]
          ]
        ]
      },
      "properties": {
        "ulpin": "AP-VSKP-000343",
        "surveyNumber": "123/4",
        "stateCode": "AP",
        "district": "Visakhapatnam",
        "mandal": "Demo Mandal",
        "village": "Pendurthi",
        "areaAcres": 1.5,
        "areaSqMeters": 6070.29,
        "landUse": "Residential",
        "status": "VERIFIED",
        "ownershipVerified": true,
        "registrationStatus": "ACTIVE",
        "mortgageStatus": "ACTIVE_MORTGAGE",
        "taxStatus": "PAID",
        "buildingPermitStatus": "SUBMITTED",
        "disputeStatus": "NONE"
      }
    },
    {
      "type": "Feature",
      "geometry": {
        "type": "Polygon",
        "coordinates": [
          [
            [
              83.2565,
              17.7102
            ],
            [
              83.258,
              17.7102
            ],
            [
              83.258,
              17.7115
            ],
            [
              83.2565,
              17.7115
            ],
            [
              83.2565,
              17.7102
            ]
          ]
        ]
      },
      "properties": {
        "ulpin": "AP-VSKP-000344",
        "surveyNumber": "124/5A",
        "stateCode": "AP",
        "district": "Visakhapatnam",
        "mandal": "Demo Mandal",
        "village": "Gajuwaka",
        "areaAcres": 1.95,
        "areaSqMeters": 7891.38,
        "landUse": "Residential",
        "status": "VERIFIED",
        "ownershipVerified": true,
        "registrationStatus": "ACTIVE",
        "mortgageStatus": "NONE",
        "taxStatus": "PAID",
        "buildingPermitStatus": "APPROVED",
        "disputeStatus": "NONE"
      }
    },
    {
      "type": "Feature",
      "geometry": {
        "type": "Polygon",
        "coordinates": [
          [
            [
              83.25850000000001,
              17.7102
            ],
            [
              83.26,
              17.7102
            ],
            [
              83.26,
              17.7115
            ],
            [
              83.25850000000001,
              17.7115
            ],
            [
              83.25850000000001,
              17.7102
            ]
          ]
        ]
      },
      "properties": {
        "ulpin": "AP-VSKP-000345",
        "surveyNumber": "125/1B",
        "stateCode": "AP",
        "district": "Visakhapatnam",
        "mandal": "Demo Mandal",
        "village": "Bhoomi Village",
        "areaAcres": 2.4,
        "areaSqMeters": 9712.46,
        "landUse": "Residential",
        "status": "DISPUTED",
        "ownershipVerified": true,
        "registrationStatus": "ACTIVE",
        "mortgageStatus": "NONE",
        "taxStatus": "PENDING",
        "buildingPermitStatus": "SUBMITTED",
        "disputeStatus": "ACTIVE_DISPUTE"
      }
    },
    {
      "type": "Feature",
      "geometry": {
        "type": "Polygon",
        "coordinates": [
          [
            [
              83.26050000000001,
              17.7102
            ],
            [
              83.262,
              17.7102
            ],
            [
              83.262,
              17.7115
            ],
            [
              83.26050000000001,
              17.7115
            ],
            [
              83.26050000000001,
              17.7102
            ]
          ]
        ]
      },
      "properties": {
        "ulpin": "AP-VSKP-000346",
        "surveyNumber": "126/2C",
        "stateCode": "AP",
        "district": "Visakhapatnam",
        "mandal": "Demo Mandal",
        "village": "Rushikonda",
        "areaAcres": 2.85,
        "areaSqMeters": 11533.55,
        "landUse": "Commercial",
        "status": "VERIFIED",
        "ownershipVerified": true,
        "registrationStatus": "ACTIVE",
        "mortgageStatus": "NONE",
        "taxStatus": "PAID",
        "buildingPermitStatus": "NONE",
        "disputeStatus": "NONE"
      }
    },
    {
      "type": "Feature",
      "geometry": {
        "type": "Polygon",
        "coordinates": [
          [
            [
              83.2625,
              17.7102
            ],
            [
              83.264,
              17.7102
            ],
            [
              83.264,
              17.7115
            ],
            [
              83.2625,
              17.7115
            ],
            [
              83.2625,
              17.7102
            ]
          ]
        ]
      },
      "properties": {
        "ulpin": "AP-VSKP-000347",
        "surveyNumber": "127/3",
        "stateCode": "AP",
        "district": "Visakhapatnam",
        "mandal": "Demo Mandal",
        "village": "Madhurawada",
        "areaAcres": 3.3,
        "areaSqMeters": 13354.64,
        "landUse": "Agricultural",
        "status": "VERIFIED",
        "ownershipVerified": true,
        "registrationStatus": "ACTIVE",
        "mortgageStatus": "NONE",
        "taxStatus": "PAID",
        "buildingPermitStatus": "NONE",
        "disputeStatus": "NONE"
      }
    },
    {
      "type": "Feature",
      "geometry": {
        "type": "Polygon",
        "coordinates": [
          [
            [
              83.26450000000001,
              17.7102
            ],
            [
              83.266,
              17.7102
            ],
            [
              83.266,
              17.7115
            ],
            [
              83.26450000000001,
              17.7115
            ],
            [
              83.26450000000001,
              17.7102
            ]
          ]
        ]
      },
      "properties": {
        "ulpin": "AP-VSKP-000348",
        "surveyNumber": "128/4A",
        "stateCode": "AP",
        "district": "Visakhapatnam",
        "mandal": "Demo Mandal",
        "village": "Pendurthi",
        "areaAcres": 3.75,
        "areaSqMeters": 15175.73,
        "landUse": "Industrial",
        "status": "VERIFIED",
        "ownershipVerified": true,
        "registrationStatus": "ACTIVE",
        "mortgageStatus": "NONE",
        "taxStatus": "PAID",
        "buildingPermitStatus": "NONE",
        "disputeStatus": "NONE"
      }
    },
    {
      "type": "Feature",
      "geometry": {
        "type": "Polygon",
        "coordinates": [
          [
            [
              83.26650000000001,
              17.7102
            ],
            [
              83.268,
              17.7102
            ],
            [
              83.268,
              17.7115
            ],
            [
              83.26650000000001,
              17.7115
            ],
            [
              83.26650000000001,
              17.7102
            ]
          ]
        ]
      },
      "properties": {
        "ulpin": "AP-VSKP-000349",
        "surveyNumber": "129/5B",
        "stateCode": "AP",
        "district": "Visakhapatnam",
        "mandal": "Demo Mandal",
        "village": "Gajuwaka",
        "areaAcres": 4.2,
        "areaSqMeters": 16996.81,
        "landUse": "Special Zone",
        "status": "VERIFIED",
        "ownershipVerified": true,
        "registrationStatus": "ACTIVE",
        "mortgageStatus": "NONE",
        "taxStatus": "PAID",
        "buildingPermitStatus": "NONE",
        "disputeStatus": "NONE"
      }
    },
    {
      "type": "Feature",
      "geometry": {
        "type": "Polygon",
        "coordinates": [
          [
            [
              83.2185,
              17.712000000000003
            ],
            [
              83.22,
              17.712000000000003
            ],
            [
              83.22,
              17.713300000000004
            ],
            [
              83.2185,
              17.713300000000004
            ],
            [
              83.2185,
              17.712000000000003
            ]
          ]
        ]
      },
      "properties": {
        "ulpin": "AP-VSKP-000350",
        "surveyNumber": "130/1C",
        "stateCode": "AP",
        "district": "Visakhapatnam",
        "mandal": "Demo Mandal",
        "village": "Bhoomi Village",
        "areaAcres": 1.5,
        "areaSqMeters": 6070.29,
        "landUse": "Residential",
        "status": "VERIFIED",
        "ownershipVerified": true,
        "registrationStatus": "ACTIVE",
        "mortgageStatus": "ACTIVE_MORTGAGE",
        "taxStatus": "PENDING",
        "buildingPermitStatus": "APPROVED",
        "disputeStatus": "NONE"
      }
    },
    {
      "type": "Feature",
      "geometry": {
        "type": "Polygon",
        "coordinates": [
          [
            [
              83.2205,
              17.712000000000003
            ],
            [
              83.222,
              17.712000000000003
            ],
            [
              83.222,
              17.713300000000004
            ],
            [
              83.2205,
              17.713300000000004
            ],
            [
              83.2205,
              17.712000000000003
            ]
          ]
        ]
      },
      "properties": {
        "ulpin": "AP-VSKP-000351",
        "surveyNumber": "131/2",
        "stateCode": "AP",
        "district": "Visakhapatnam",
        "mandal": "Demo Mandal",
        "village": "Rushikonda",
        "areaAcres": 1.95,
        "areaSqMeters": 7891.38,
        "landUse": "Residential",
        "status": "PENDING_VERIFICATION",
        "ownershipVerified": false,
        "registrationStatus": "ACTIVE",
        "mortgageStatus": "NONE",
        "taxStatus": "PAID",
        "buildingPermitStatus": "SUBMITTED",
        "disputeStatus": "NONE"
      }
    },
    {
      "type": "Feature",
      "geometry": {
        "type": "Polygon",
        "coordinates": [
          [
            [
              83.22250000000001,
              17.712000000000003
            ],
            [
              83.224,
              17.712000000000003
            ],
            [
              83.224,
              17.713300000000004
            ],
            [
              83.22250000000001,
              17.713300000000004
            ],
            [
              83.22250000000001,
              17.712000000000003
            ]
          ]
        ]
      },
      "properties": {
        "ulpin": "AP-VSKP-000352",
        "surveyNumber": "132/3A",
        "stateCode": "AP",
        "district": "Visakhapatnam",
        "mandal": "Demo Mandal",
        "village": "Madhurawada",
        "areaAcres": 2.4,
        "areaSqMeters": 9712.46,
        "landUse": "Residential",
        "status": "VERIFIED",
        "ownershipVerified": true,
        "registrationStatus": "ACTIVE",
        "mortgageStatus": "NONE",
        "taxStatus": "PAID",
        "buildingPermitStatus": "APPROVED",
        "disputeStatus": "NONE"
      }
    },
    {
      "type": "Feature",
      "geometry": {
        "type": "Polygon",
        "coordinates": [
          [
            [
              83.2245,
              17.712000000000003
            ],
            [
              83.226,
              17.712000000000003
            ],
            [
              83.226,
              17.713300000000004
            ],
            [
              83.2245,
              17.713300000000004
            ],
            [
              83.2245,
              17.712000000000003
            ]
          ]
        ]
      },
      "properties": {
        "ulpin": "AP-VSKP-000353",
        "surveyNumber": "133/4B",
        "stateCode": "AP",
        "district": "Visakhapatnam",
        "mandal": "Demo Mandal",
        "village": "Pendurthi",
        "areaAcres": 2.85,
        "areaSqMeters": 11533.55,
        "landUse": "Commercial",
        "status": "VERIFIED",
        "ownershipVerified": true,
        "registrationStatus": "ACTIVE",
        "mortgageStatus": "NONE",
        "taxStatus": "PAID",
        "buildingPermitStatus": "NONE",
        "disputeStatus": "NONE"
      }
    },
    {
      "type": "Feature",
      "geometry": {
        "type": "Polygon",
        "coordinates": [
          [
            [
              83.2265,
              17.712000000000003
            ],
            [
              83.228,
              17.712000000000003
            ],
            [
              83.228,
              17.713300000000004
            ],
            [
              83.2265,
              17.713300000000004
            ],
            [
              83.2265,
              17.712000000000003
            ]
          ]
        ]
      },
      "properties": {
        "ulpin": "AP-VSKP-000354",
        "surveyNumber": "134/5C",
        "stateCode": "AP",
        "district": "Visakhapatnam",
        "mandal": "Demo Mandal",
        "village": "Gajuwaka",
        "areaAcres": 3.3,
        "areaSqMeters": 13354.64,
        "landUse": "Agricultural",
        "status": "VERIFIED",
        "ownershipVerified": true,
        "registrationStatus": "ACTIVE",
        "mortgageStatus": "NONE",
        "taxStatus": "PAID",
        "buildingPermitStatus": "NONE",
        "disputeStatus": "NONE"
      }
    },
    {
      "type": "Feature",
      "geometry": {
        "type": "Polygon",
        "coordinates": [
          [
            [
              83.22850000000001,
              17.712000000000003
            ],
            [
              83.23,
              17.712000000000003
            ],
            [
              83.23,
              17.713300000000004
            ],
            [
              83.22850000000001,
              17.713300000000004
            ],
            [
              83.22850000000001,
              17.712000000000003
            ]
          ]
        ]
      },
      "properties": {
        "ulpin": "AP-VSKP-000355",
        "surveyNumber": "135/1",
        "stateCode": "AP",
        "district": "Visakhapatnam",
        "mandal": "Demo Mandal",
        "village": "Bhoomi Village",
        "areaAcres": 3.75,
        "areaSqMeters": 15175.73,
        "landUse": "Industrial",
        "status": "VERIFIED",
        "ownershipVerified": true,
        "registrationStatus": "ACTIVE",
        "mortgageStatus": "NONE",
        "taxStatus": "PENDING",
        "buildingPermitStatus": "NONE",
        "disputeStatus": "NONE"
      }
    },
    {
      "type": "Feature",
      "geometry": {
        "type": "Polygon",
        "coordinates": [
          [
            [
              83.2305,
              17.712000000000003
            ],
            [
              83.232,
              17.712000000000003
            ],
            [
              83.232,
              17.713300000000004
            ],
            [
              83.2305,
              17.713300000000004
            ],
            [
              83.2305,
              17.712000000000003
            ]
          ]
        ]
      },
      "properties": {
        "ulpin": "AP-VSKP-000356",
        "surveyNumber": "136/2A",
        "stateCode": "AP",
        "district": "Visakhapatnam",
        "mandal": "Demo Mandal",
        "village": "Rushikonda",
        "areaAcres": 4.2,
        "areaSqMeters": 16996.81,
        "landUse": "Special Zone",
        "status": "VERIFIED",
        "ownershipVerified": true,
        "registrationStatus": "ACTIVE",
        "mortgageStatus": "NONE",
        "taxStatus": "PAID",
        "buildingPermitStatus": "NONE",
        "disputeStatus": "NONE"
      }
    },
    {
      "type": "Feature",
      "geometry": {
        "type": "Polygon",
        "coordinates": [
          [
            [
              83.2325,
              17.712000000000003
            ],
            [
              83.234,
              17.712000000000003
            ],
            [
              83.234,
              17.713300000000004
            ],
            [
              83.2325,
              17.713300000000004
            ],
            [
              83.2325,
              17.712000000000003
            ]
          ]
        ]
      },
      "properties": {
        "ulpin": "AP-VSKP-000357",
        "surveyNumber": "137/3B",
        "stateCode": "AP",
        "district": "Visakhapatnam",
        "mandal": "Demo Mandal",
        "village": "Madhurawada",
        "areaAcres": 1.5,
        "areaSqMeters": 6070.29,
        "landUse": "Residential",
        "status": "VERIFIED",
        "ownershipVerified": true,
        "registrationStatus": "ACTIVE",
        "mortgageStatus": "ACTIVE_MORTGAGE",
        "taxStatus": "PAID",
        "buildingPermitStatus": "SUBMITTED",
        "disputeStatus": "NONE"
      }
    },
    {
      "type": "Feature",
      "geometry": {
        "type": "Polygon",
        "coordinates": [
          [
            [
              83.23450000000001,
              17.712000000000003
            ],
            [
              83.236,
              17.712000000000003
            ],
            [
              83.236,
              17.713300000000004
            ],
            [
              83.23450000000001,
              17.713300000000004
            ],
            [
              83.23450000000001,
              17.712000000000003
            ]
          ]
        ]
      },
      "properties": {
        "ulpin": "AP-VSKP-000358",
        "surveyNumber": "138/4C",
        "stateCode": "AP",
        "district": "Visakhapatnam",
        "mandal": "Demo Mandal",
        "village": "Pendurthi",
        "areaAcres": 1.95,
        "areaSqMeters": 7891.38,
        "landUse": "Residential",
        "status": "VERIFIED",
        "ownershipVerified": true,
        "registrationStatus": "ACTIVE",
        "mortgageStatus": "NONE",
        "taxStatus": "PAID",
        "buildingPermitStatus": "APPROVED",
        "disputeStatus": "NONE"
      }
    },
    {
      "type": "Feature",
      "geometry": {
        "type": "Polygon",
        "coordinates": [
          [
            [
              83.2365,
              17.712000000000003
            ],
            [
              83.238,
              17.712000000000003
            ],
            [
              83.238,
              17.713300000000004
            ],
            [
              83.2365,
              17.713300000000004
            ],
            [
              83.2365,
              17.712000000000003
            ]
          ]
        ]
      },
      "properties": {
        "ulpin": "AP-VSKP-000359",
        "surveyNumber": "139/5",
        "stateCode": "AP",
        "district": "Visakhapatnam",
        "mandal": "Demo Mandal",
        "village": "Gajuwaka",
        "areaAcres": 2.4,
        "areaSqMeters": 9712.46,
        "landUse": "Residential",
        "status": "VERIFIED",
        "ownershipVerified": true,
        "registrationStatus": "ACTIVE",
        "mortgageStatus": "NONE",
        "taxStatus": "PAID",
        "buildingPermitStatus": "SUBMITTED",
        "disputeStatus": "NONE"
      }
    },
    {
      "type": "Feature",
      "geometry": {
        "type": "Polygon",
        "coordinates": [
          [
            [
              83.2385,
              17.712000000000003
            ],
            [
              83.24,
              17.712000000000003
            ],
            [
              83.24,
              17.713300000000004
            ],
            [
              83.2385,
              17.713300000000004
            ],
            [
              83.2385,
              17.712000000000003
            ]
          ]
        ]
      },
      "properties": {
        "ulpin": "AP-VSKP-000360",
        "surveyNumber": "140/1A",
        "stateCode": "AP",
        "district": "Visakhapatnam",
        "mandal": "Demo Mandal",
        "village": "Bhoomi Village",
        "areaAcres": 2.85,
        "areaSqMeters": 11533.55,
        "landUse": "Commercial",
        "status": "PENDING_VERIFICATION",
        "ownershipVerified": false,
        "registrationStatus": "ACTIVE",
        "mortgageStatus": "NONE",
        "taxStatus": "PENDING",
        "buildingPermitStatus": "NONE",
        "disputeStatus": "NONE"
      }
    },
    {
      "type": "Feature",
      "geometry": {
        "type": "Polygon",
        "coordinates": [
          [
            [
              83.24050000000001,
              17.712000000000003
            ],
            [
              83.242,
              17.712000000000003
            ],
            [
              83.242,
              17.713300000000004
            ],
            [
              83.24050000000001,
              17.713300000000004
            ],
            [
              83.24050000000001,
              17.712000000000003
            ]
          ]
        ]
      },
      "properties": {
        "ulpin": "AP-VSKP-000361",
        "surveyNumber": "141/2B",
        "stateCode": "AP",
        "district": "Visakhapatnam",
        "mandal": "Demo Mandal",
        "village": "Rushikonda",
        "areaAcres": 3.3,
        "areaSqMeters": 13354.64,
        "landUse": "Agricultural",
        "status": "VERIFIED",
        "ownershipVerified": true,
        "registrationStatus": "ACTIVE",
        "mortgageStatus": "NONE",
        "taxStatus": "PAID",
        "buildingPermitStatus": "NONE",
        "disputeStatus": "NONE"
      }
    },
    {
      "type": "Feature",
      "geometry": {
        "type": "Polygon",
        "coordinates": [
          [
            [
              83.2425,
              17.712000000000003
            ],
            [
              83.244,
              17.712000000000003
            ],
            [
              83.244,
              17.713300000000004
            ],
            [
              83.2425,
              17.713300000000004
            ],
            [
              83.2425,
              17.712000000000003
            ]
          ]
        ]
      },
      "properties": {
        "ulpin": "AP-VSKP-000362",
        "surveyNumber": "142/3C",
        "stateCode": "AP",
        "district": "Visakhapatnam",
        "mandal": "Demo Mandal",
        "village": "Madhurawada",
        "areaAcres": 3.75,
        "areaSqMeters": 15175.73,
        "landUse": "Industrial",
        "status": "VERIFIED",
        "ownershipVerified": true,
        "registrationStatus": "ACTIVE",
        "mortgageStatus": "NONE",
        "taxStatus": "PAID",
        "buildingPermitStatus": "NONE",
        "disputeStatus": "NONE"
      }
    },
    {
      "type": "Feature",
      "geometry": {
        "type": "Polygon",
        "coordinates": [
          [
            [
              83.2445,
              17.712000000000003
            ],
            [
              83.246,
              17.712000000000003
            ],
            [
              83.246,
              17.713300000000004
            ],
            [
              83.2445,
              17.713300000000004
            ],
            [
              83.2445,
              17.712000000000003
            ]
          ]
        ]
      },
      "properties": {
        "ulpin": "AP-VSKP-000363",
        "surveyNumber": "143/4",
        "stateCode": "AP",
        "district": "Visakhapatnam",
        "mandal": "Demo Mandal",
        "village": "Pendurthi",
        "areaAcres": 4.2,
        "areaSqMeters": 16996.81,
        "landUse": "Special Zone",
        "status": "VERIFIED",
        "ownershipVerified": true,
        "registrationStatus": "ACTIVE",
        "mortgageStatus": "NONE",
        "taxStatus": "PAID",
        "buildingPermitStatus": "NONE",
        "disputeStatus": "NONE"
      }
    },
    {
      "type": "Feature",
      "geometry": {
        "type": "Polygon",
        "coordinates": [
          [
            [
              83.24650000000001,
              17.712000000000003
            ],
            [
              83.248,
              17.712000000000003
            ],
            [
              83.248,
              17.713300000000004
            ],
            [
              83.24650000000001,
              17.713300000000004
            ],
            [
              83.24650000000001,
              17.712000000000003
            ]
          ]
        ]
      },
      "properties": {
        "ulpin": "AP-VSKP-000364",
        "surveyNumber": "144/5A",
        "stateCode": "AP",
        "district": "Visakhapatnam",
        "mandal": "Demo Mandal",
        "village": "Gajuwaka",
        "areaAcres": 1.5,
        "areaSqMeters": 6070.29,
        "landUse": "Residential",
        "status": "VERIFIED",
        "ownershipVerified": true,
        "registrationStatus": "ACTIVE",
        "mortgageStatus": "ACTIVE_MORTGAGE",
        "taxStatus": "PAID",
        "buildingPermitStatus": "APPROVED",
        "disputeStatus": "NONE"
      }
    },
    {
      "type": "Feature",
      "geometry": {
        "type": "Polygon",
        "coordinates": [
          [
            [
              83.2485,
              17.712000000000003
            ],
            [
              83.25,
              17.712000000000003
            ],
            [
              83.25,
              17.713300000000004
            ],
            [
              83.2485,
              17.713300000000004
            ],
            [
              83.2485,
              17.712000000000003
            ]
          ]
        ]
      },
      "properties": {
        "ulpin": "AP-VSKP-000365",
        "surveyNumber": "145/1B",
        "stateCode": "AP",
        "district": "Visakhapatnam",
        "mandal": "Demo Mandal",
        "village": "Bhoomi Village",
        "areaAcres": 1.95,
        "areaSqMeters": 7891.38,
        "landUse": "Residential",
        "status": "VERIFIED",
        "ownershipVerified": true,
        "registrationStatus": "ACTIVE",
        "mortgageStatus": "NONE",
        "taxStatus": "PENDING",
        "buildingPermitStatus": "SUBMITTED",
        "disputeStatus": "NONE"
      }
    },
    {
      "type": "Feature",
      "geometry": {
        "type": "Polygon",
        "coordinates": [
          [
            [
              83.2505,
              17.712000000000003
            ],
            [
              83.252,
              17.712000000000003
            ],
            [
              83.252,
              17.713300000000004
            ],
            [
              83.2505,
              17.713300000000004
            ],
            [
              83.2505,
              17.712000000000003
            ]
          ]
        ]
      },
      "properties": {
        "ulpin": "AP-VSKP-000366",
        "surveyNumber": "146/2C",
        "stateCode": "AP",
        "district": "Visakhapatnam",
        "mandal": "Demo Mandal",
        "village": "Rushikonda",
        "areaAcres": 2.4,
        "areaSqMeters": 9712.46,
        "landUse": "Residential",
        "status": "VERIFIED",
        "ownershipVerified": true,
        "registrationStatus": "ACTIVE",
        "mortgageStatus": "NONE",
        "taxStatus": "PAID",
        "buildingPermitStatus": "APPROVED",
        "disputeStatus": "NONE"
      }
    },
    {
      "type": "Feature",
      "geometry": {
        "type": "Polygon",
        "coordinates": [
          [
            [
              83.25250000000001,
              17.712000000000003
            ],
            [
              83.254,
              17.712000000000003
            ],
            [
              83.254,
              17.713300000000004
            ],
            [
              83.25250000000001,
              17.713300000000004
            ],
            [
              83.25250000000001,
              17.712000000000003
            ]
          ]
        ]
      },
      "properties": {
        "ulpin": "AP-VSKP-000367",
        "surveyNumber": "147/3",
        "stateCode": "AP",
        "district": "Visakhapatnam",
        "mandal": "Demo Mandal",
        "village": "Madhurawada",
        "areaAcres": 2.85,
        "areaSqMeters": 11533.55,
        "landUse": "Commercial",
        "status": "VERIFIED",
        "ownershipVerified": true,
        "registrationStatus": "ACTIVE",
        "mortgageStatus": "NONE",
        "taxStatus": "PAID",
        "buildingPermitStatus": "NONE",
        "disputeStatus": "NONE"
      }
    },
    {
      "type": "Feature",
      "geometry": {
        "type": "Polygon",
        "coordinates": [
          [
            [
              83.25450000000001,
              17.712000000000003
            ],
            [
              83.256,
              17.712000000000003
            ],
            [
              83.256,
              17.713300000000004
            ],
            [
              83.25450000000001,
              17.713300000000004
            ],
            [
              83.25450000000001,
              17.712000000000003
            ]
          ]
        ]
      },
      "properties": {
        "ulpin": "AP-VSKP-000368",
        "surveyNumber": "148/4A",
        "stateCode": "AP",
        "district": "Visakhapatnam",
        "mandal": "Demo Mandal",
        "village": "Pendurthi",
        "areaAcres": 3.3,
        "areaSqMeters": 13354.64,
        "landUse": "Agricultural",
        "status": "DISPUTED",
        "ownershipVerified": true,
        "registrationStatus": "ACTIVE",
        "mortgageStatus": "NONE",
        "taxStatus": "PAID",
        "buildingPermitStatus": "NONE",
        "disputeStatus": "ACTIVE_DISPUTE"
      }
    },
    {
      "type": "Feature",
      "geometry": {
        "type": "Polygon",
        "coordinates": [
          [
            [
              83.2565,
              17.712000000000003
            ],
            [
              83.258,
              17.712000000000003
            ],
            [
              83.258,
              17.713300000000004
            ],
            [
              83.2565,
              17.713300000000004
            ],
            [
              83.2565,
              17.712000000000003
            ]
          ]
        ]
      },
      "properties": {
        "ulpin": "AP-VSKP-000369",
        "surveyNumber": "149/5B",
        "stateCode": "AP",
        "district": "Visakhapatnam",
        "mandal": "Demo Mandal",
        "village": "Gajuwaka",
        "areaAcres": 3.75,
        "areaSqMeters": 15175.73,
        "landUse": "Industrial",
        "status": "PENDING_VERIFICATION",
        "ownershipVerified": false,
        "registrationStatus": "ACTIVE",
        "mortgageStatus": "NONE",
        "taxStatus": "PAID",
        "buildingPermitStatus": "NONE",
        "disputeStatus": "NONE"
      }
    },
    {
      "type": "Feature",
      "geometry": {
        "type": "Polygon",
        "coordinates": [
          [
            [
              83.25850000000001,
              17.712000000000003
            ],
            [
              83.26,
              17.712000000000003
            ],
            [
              83.26,
              17.713300000000004
            ],
            [
              83.25850000000001,
              17.713300000000004
            ],
            [
              83.25850000000001,
              17.712000000000003
            ]
          ]
        ]
      },
      "properties": {
        "ulpin": "AP-VSKP-000370",
        "surveyNumber": "150/1C",
        "stateCode": "AP",
        "district": "Visakhapatnam",
        "mandal": "Demo Mandal",
        "village": "Bhoomi Village",
        "areaAcres": 4.2,
        "areaSqMeters": 16996.81,
        "landUse": "Special Zone",
        "status": "VERIFIED",
        "ownershipVerified": true,
        "registrationStatus": "ACTIVE",
        "mortgageStatus": "NONE",
        "taxStatus": "PENDING",
        "buildingPermitStatus": "NONE",
        "disputeStatus": "NONE"
      }
    },
    {
      "type": "Feature",
      "geometry": {
        "type": "Polygon",
        "coordinates": [
          [
            [
              83.26050000000001,
              17.712000000000003
            ],
            [
              83.262,
              17.712000000000003
            ],
            [
              83.262,
              17.713300000000004
            ],
            [
              83.26050000000001,
              17.713300000000004
            ],
            [
              83.26050000000001,
              17.712000000000003
            ]
          ]
        ]
      },
      "properties": {
        "ulpin": "AP-VSKP-000371",
        "surveyNumber": "151/2",
        "stateCode": "AP",
        "district": "Visakhapatnam",
        "mandal": "Demo Mandal",
        "village": "Rushikonda",
        "areaAcres": 1.5,
        "areaSqMeters": 6070.29,
        "landUse": "Residential",
        "status": "VERIFIED",
        "ownershipVerified": true,
        "registrationStatus": "ACTIVE",
        "mortgageStatus": "ACTIVE_MORTGAGE",
        "taxStatus": "PAID",
        "buildingPermitStatus": "SUBMITTED",
        "disputeStatus": "NONE"
      }
    },
    {
      "type": "Feature",
      "geometry": {
        "type": "Polygon",
        "coordinates": [
          [
            [
              83.2625,
              17.712000000000003
            ],
            [
              83.264,
              17.712000000000003
            ],
            [
              83.264,
              17.713300000000004
            ],
            [
              83.2625,
              17.713300000000004
            ],
            [
              83.2625,
              17.712000000000003
            ]
          ]
        ]
      },
      "properties": {
        "ulpin": "AP-VSKP-000372",
        "surveyNumber": "152/3A",
        "stateCode": "AP",
        "district": "Visakhapatnam",
        "mandal": "Demo Mandal",
        "village": "Madhurawada",
        "areaAcres": 1.95,
        "areaSqMeters": 7891.38,
        "landUse": "Residential",
        "status": "VERIFIED",
        "ownershipVerified": true,
        "registrationStatus": "ACTIVE",
        "mortgageStatus": "NONE",
        "taxStatus": "PAID",
        "buildingPermitStatus": "APPROVED",
        "disputeStatus": "NONE"
      }
    },
    {
      "type": "Feature",
      "geometry": {
        "type": "Polygon",
        "coordinates": [
          [
            [
              83.26450000000001,
              17.712000000000003
            ],
            [
              83.266,
              17.712000000000003
            ],
            [
              83.266,
              17.713300000000004
            ],
            [
              83.26450000000001,
              17.713300000000004
            ],
            [
              83.26450000000001,
              17.712000000000003
            ]
          ]
        ]
      },
      "properties": {
        "ulpin": "AP-VSKP-000373",
        "surveyNumber": "153/4B",
        "stateCode": "AP",
        "district": "Visakhapatnam",
        "mandal": "Demo Mandal",
        "village": "Pendurthi",
        "areaAcres": 2.4,
        "areaSqMeters": 9712.46,
        "landUse": "Residential",
        "status": "VERIFIED",
        "ownershipVerified": true,
        "registrationStatus": "ACTIVE",
        "mortgageStatus": "NONE",
        "taxStatus": "PAID",
        "buildingPermitStatus": "SUBMITTED",
        "disputeStatus": "NONE"
      }
    },
    {
      "type": "Feature",
      "geometry": {
        "type": "Polygon",
        "coordinates": [
          [
            [
              83.26650000000001,
              17.712000000000003
            ],
            [
              83.268,
              17.712000000000003
            ],
            [
              83.268,
              17.713300000000004
            ],
            [
              83.26650000000001,
              17.713300000000004
            ],
            [
              83.26650000000001,
              17.712000000000003
            ]
          ]
        ]
      },
      "properties": {
        "ulpin": "AP-VSKP-000374",
        "surveyNumber": "154/5C",
        "stateCode": "AP",
        "district": "Visakhapatnam",
        "mandal": "Demo Mandal",
        "village": "Gajuwaka",
        "areaAcres": 2.85,
        "areaSqMeters": 11533.55,
        "landUse": "Commercial",
        "status": "VERIFIED",
        "ownershipVerified": true,
        "registrationStatus": "ACTIVE",
        "mortgageStatus": "NONE",
        "taxStatus": "PAID",
        "buildingPermitStatus": "NONE",
        "disputeStatus": "NONE"
      }
    },
    {
      "type": "Feature",
      "geometry": {
        "type": "Polygon",
        "coordinates": [
          [
            [
              83.2185,
              17.713800000000003
            ],
            [
              83.22,
              17.713800000000003
            ],
            [
              83.22,
              17.715100000000003
            ],
            [
              83.2185,
              17.715100000000003
            ],
            [
              83.2185,
              17.713800000000003
            ]
          ]
        ]
      },
      "properties": {
        "ulpin": "AP-VSKP-000375",
        "surveyNumber": "155/1",
        "stateCode": "AP",
        "district": "Visakhapatnam",
        "mandal": "Demo Mandal",
        "village": "Bhoomi Village",
        "areaAcres": 3.3,
        "areaSqMeters": 13354.64,
        "landUse": "Agricultural",
        "status": "VERIFIED",
        "ownershipVerified": true,
        "registrationStatus": "ACTIVE",
        "mortgageStatus": "NONE",
        "taxStatus": "PENDING",
        "buildingPermitStatus": "NONE",
        "disputeStatus": "NONE"
      }
    },
    {
      "type": "Feature",
      "geometry": {
        "type": "Polygon",
        "coordinates": [
          [
            [
              83.2205,
              17.713800000000003
            ],
            [
              83.222,
              17.713800000000003
            ],
            [
              83.222,
              17.715100000000003
            ],
            [
              83.2205,
              17.715100000000003
            ],
            [
              83.2205,
              17.713800000000003
            ]
          ]
        ]
      },
      "properties": {
        "ulpin": "AP-VSKP-000376",
        "surveyNumber": "156/2A",
        "stateCode": "AP",
        "district": "Visakhapatnam",
        "mandal": "Demo Mandal",
        "village": "Rushikonda",
        "areaAcres": 3.75,
        "areaSqMeters": 15175.73,
        "landUse": "Industrial",
        "status": "VERIFIED",
        "ownershipVerified": true,
        "registrationStatus": "ACTIVE",
        "mortgageStatus": "NONE",
        "taxStatus": "PAID",
        "buildingPermitStatus": "NONE",
        "disputeStatus": "NONE"
      }
    },
    {
      "type": "Feature",
      "geometry": {
        "type": "Polygon",
        "coordinates": [
          [
            [
              83.22250000000001,
              17.713800000000003
            ],
            [
              83.224,
              17.713800000000003
            ],
            [
              83.224,
              17.715100000000003
            ],
            [
              83.22250000000001,
              17.715100000000003
            ],
            [
              83.22250000000001,
              17.713800000000003
            ]
          ]
        ]
      },
      "properties": {
        "ulpin": "AP-VSKP-000377",
        "surveyNumber": "157/3B",
        "stateCode": "AP",
        "district": "Visakhapatnam",
        "mandal": "Demo Mandal",
        "village": "Madhurawada",
        "areaAcres": 4.2,
        "areaSqMeters": 16996.81,
        "landUse": "Special Zone",
        "status": "VERIFIED",
        "ownershipVerified": true,
        "registrationStatus": "ACTIVE",
        "mortgageStatus": "NONE",
        "taxStatus": "PAID",
        "buildingPermitStatus": "NONE",
        "disputeStatus": "NONE"
      }
    },
    {
      "type": "Feature",
      "geometry": {
        "type": "Polygon",
        "coordinates": [
          [
            [
              83.2245,
              17.713800000000003
            ],
            [
              83.226,
              17.713800000000003
            ],
            [
              83.226,
              17.715100000000003
            ],
            [
              83.2245,
              17.715100000000003
            ],
            [
              83.2245,
              17.713800000000003
            ]
          ]
        ]
      },
      "properties": {
        "ulpin": "AP-VSKP-000378",
        "surveyNumber": "158/4C",
        "stateCode": "AP",
        "district": "Visakhapatnam",
        "mandal": "Demo Mandal",
        "village": "Pendurthi",
        "areaAcres": 1.5,
        "areaSqMeters": 6070.29,
        "landUse": "Residential",
        "status": "PENDING_VERIFICATION",
        "ownershipVerified": false,
        "registrationStatus": "ACTIVE",
        "mortgageStatus": "ACTIVE_MORTGAGE",
        "taxStatus": "PAID",
        "buildingPermitStatus": "APPROVED",
        "disputeStatus": "NONE"
      }
    },
    {
      "type": "Feature",
      "geometry": {
        "type": "Polygon",
        "coordinates": [
          [
            [
              83.2265,
              17.713800000000003
            ],
            [
              83.228,
              17.713800000000003
            ],
            [
              83.228,
              17.715100000000003
            ],
            [
              83.2265,
              17.715100000000003
            ],
            [
              83.2265,
              17.713800000000003
            ]
          ]
        ]
      },
      "properties": {
        "ulpin": "AP-VSKP-000379",
        "surveyNumber": "159/5",
        "stateCode": "AP",
        "district": "Visakhapatnam",
        "mandal": "Demo Mandal",
        "village": "Gajuwaka",
        "areaAcres": 1.95,
        "areaSqMeters": 7891.38,
        "landUse": "Residential",
        "status": "VERIFIED",
        "ownershipVerified": true,
        "registrationStatus": "ACTIVE",
        "mortgageStatus": "NONE",
        "taxStatus": "PAID",
        "buildingPermitStatus": "SUBMITTED",
        "disputeStatus": "NONE"
      }
    },
    {
      "type": "Feature",
      "geometry": {
        "type": "Polygon",
        "coordinates": [
          [
            [
              83.22850000000001,
              17.713800000000003
            ],
            [
              83.23,
              17.713800000000003
            ],
            [
              83.23,
              17.715100000000003
            ],
            [
              83.22850000000001,
              17.715100000000003
            ],
            [
              83.22850000000001,
              17.713800000000003
            ]
          ]
        ]
      },
      "properties": {
        "ulpin": "AP-VSKP-000380",
        "surveyNumber": "160/1A",
        "stateCode": "AP",
        "district": "Visakhapatnam",
        "mandal": "Demo Mandal",
        "village": "Bhoomi Village",
        "areaAcres": 2.4,
        "areaSqMeters": 9712.46,
        "landUse": "Residential",
        "status": "VERIFIED",
        "ownershipVerified": true,
        "registrationStatus": "ACTIVE",
        "mortgageStatus": "NONE",
        "taxStatus": "PENDING",
        "buildingPermitStatus": "APPROVED",
        "disputeStatus": "NONE"
      }
    },
    {
      "type": "Feature",
      "geometry": {
        "type": "Polygon",
        "coordinates": [
          [
            [
              83.2305,
              17.713800000000003
            ],
            [
              83.232,
              17.713800000000003
            ],
            [
              83.232,
              17.715100000000003
            ],
            [
              83.2305,
              17.715100000000003
            ],
            [
              83.2305,
              17.713800000000003
            ]
          ]
        ]
      },
      "properties": {
        "ulpin": "AP-VSKP-000381",
        "surveyNumber": "161/2B",
        "stateCode": "AP",
        "district": "Visakhapatnam",
        "mandal": "Demo Mandal",
        "village": "Rushikonda",
        "areaAcres": 2.85,
        "areaSqMeters": 11533.55,
        "landUse": "Commercial",
        "status": "VERIFIED",
        "ownershipVerified": true,
        "registrationStatus": "ACTIVE",
        "mortgageStatus": "NONE",
        "taxStatus": "PAID",
        "buildingPermitStatus": "NONE",
        "disputeStatus": "NONE"
      }
    },
    {
      "type": "Feature",
      "geometry": {
        "type": "Polygon",
        "coordinates": [
          [
            [
              83.2325,
              17.713800000000003
            ],
            [
              83.234,
              17.713800000000003
            ],
            [
              83.234,
              17.715100000000003
            ],
            [
              83.2325,
              17.715100000000003
            ],
            [
              83.2325,
              17.713800000000003
            ]
          ]
        ]
      },
      "properties": {
        "ulpin": "AP-VSKP-000382",
        "surveyNumber": "162/3C",
        "stateCode": "AP",
        "district": "Visakhapatnam",
        "mandal": "Demo Mandal",
        "village": "Madhurawada",
        "areaAcres": 3.3,
        "areaSqMeters": 13354.64,
        "landUse": "Agricultural",
        "status": "VERIFIED",
        "ownershipVerified": true,
        "registrationStatus": "ACTIVE",
        "mortgageStatus": "NONE",
        "taxStatus": "PAID",
        "buildingPermitStatus": "NONE",
        "disputeStatus": "NONE"
      }
    },
    {
      "type": "Feature",
      "geometry": {
        "type": "Polygon",
        "coordinates": [
          [
            [
              83.23450000000001,
              17.713800000000003
            ],
            [
              83.236,
              17.713800000000003
            ],
            [
              83.236,
              17.715100000000003
            ],
            [
              83.23450000000001,
              17.715100000000003
            ],
            [
              83.23450000000001,
              17.713800000000003
            ]
          ]
        ]
      },
      "properties": {
        "ulpin": "AP-VSKP-000383",
        "surveyNumber": "163/4",
        "stateCode": "AP",
        "district": "Visakhapatnam",
        "mandal": "Demo Mandal",
        "village": "Pendurthi",
        "areaAcres": 3.75,
        "areaSqMeters": 15175.73,
        "landUse": "Industrial",
        "status": "VERIFIED",
        "ownershipVerified": true,
        "registrationStatus": "ACTIVE",
        "mortgageStatus": "NONE",
        "taxStatus": "PAID",
        "buildingPermitStatus": "NONE",
        "disputeStatus": "NONE"
      }
    },
    {
      "type": "Feature",
      "geometry": {
        "type": "Polygon",
        "coordinates": [
          [
            [
              83.2365,
              17.713800000000003
            ],
            [
              83.238,
              17.713800000000003
            ],
            [
              83.238,
              17.715100000000003
            ],
            [
              83.2365,
              17.715100000000003
            ],
            [
              83.2365,
              17.713800000000003
            ]
          ]
        ]
      },
      "properties": {
        "ulpin": "AP-VSKP-000384",
        "surveyNumber": "164/5A",
        "stateCode": "AP",
        "district": "Visakhapatnam",
        "mandal": "Demo Mandal",
        "village": "Gajuwaka",
        "areaAcres": 4.2,
        "areaSqMeters": 16996.81,
        "landUse": "Special Zone",
        "status": "VERIFIED",
        "ownershipVerified": true,
        "registrationStatus": "ACTIVE",
        "mortgageStatus": "NONE",
        "taxStatus": "PAID",
        "buildingPermitStatus": "NONE",
        "disputeStatus": "NONE"
      }
    },
    {
      "type": "Feature",
      "geometry": {
        "type": "Polygon",
        "coordinates": [
          [
            [
              83.2385,
              17.713800000000003
            ],
            [
              83.24,
              17.713800000000003
            ],
            [
              83.24,
              17.715100000000003
            ],
            [
              83.2385,
              17.715100000000003
            ],
            [
              83.2385,
              17.713800000000003
            ]
          ]
        ]
      },
      "properties": {
        "ulpin": "AP-VSKP-000385",
        "surveyNumber": "165/1B",
        "stateCode": "AP",
        "district": "Visakhapatnam",
        "mandal": "Demo Mandal",
        "village": "Bhoomi Village",
        "areaAcres": 1.5,
        "areaSqMeters": 6070.29,
        "landUse": "Residential",
        "status": "VERIFIED",
        "ownershipVerified": true,
        "registrationStatus": "ACTIVE",
        "mortgageStatus": "ACTIVE_MORTGAGE",
        "taxStatus": "PENDING",
        "buildingPermitStatus": "SUBMITTED",
        "disputeStatus": "NONE"
      }
    },
    {
      "type": "Feature",
      "geometry": {
        "type": "Polygon",
        "coordinates": [
          [
            [
              83.24050000000001,
              17.713800000000003
            ],
            [
              83.242,
              17.713800000000003
            ],
            [
              83.242,
              17.715100000000003
            ],
            [
              83.24050000000001,
              17.715100000000003
            ],
            [
              83.24050000000001,
              17.713800000000003
            ]
          ]
        ]
      },
      "properties": {
        "ulpin": "AP-VSKP-000386",
        "surveyNumber": "166/2C",
        "stateCode": "AP",
        "district": "Visakhapatnam",
        "mandal": "Demo Mandal",
        "village": "Rushikonda",
        "areaAcres": 1.95,
        "areaSqMeters": 7891.38,
        "landUse": "Residential",
        "status": "VERIFIED",
        "ownershipVerified": true,
        "registrationStatus": "ACTIVE",
        "mortgageStatus": "NONE",
        "taxStatus": "PAID",
        "buildingPermitStatus": "APPROVED",
        "disputeStatus": "NONE"
      }
    },
    {
      "type": "Feature",
      "geometry": {
        "type": "Polygon",
        "coordinates": [
          [
            [
              83.2425,
              17.713800000000003
            ],
            [
              83.244,
              17.713800000000003
            ],
            [
              83.244,
              17.715100000000003
            ],
            [
              83.2425,
              17.715100000000003
            ],
            [
              83.2425,
              17.713800000000003
            ]
          ]
        ]
      },
      "properties": {
        "ulpin": "AP-VSKP-000387",
        "surveyNumber": "167/3",
        "stateCode": "AP",
        "district": "Visakhapatnam",
        "mandal": "Demo Mandal",
        "village": "Madhurawada",
        "areaAcres": 2.4,
        "areaSqMeters": 9712.46,
        "landUse": "Residential",
        "status": "PENDING_VERIFICATION",
        "ownershipVerified": false,
        "registrationStatus": "ACTIVE",
        "mortgageStatus": "NONE",
        "taxStatus": "PAID",
        "buildingPermitStatus": "SUBMITTED",
        "disputeStatus": "NONE"
      }
    },
    {
      "type": "Feature",
      "geometry": {
        "type": "Polygon",
        "coordinates": [
          [
            [
              83.2445,
              17.713800000000003
            ],
            [
              83.246,
              17.713800000000003
            ],
            [
              83.246,
              17.715100000000003
            ],
            [
              83.2445,
              17.715100000000003
            ],
            [
              83.2445,
              17.713800000000003
            ]
          ]
        ]
      },
      "properties": {
        "ulpin": "AP-VSKP-000388",
        "surveyNumber": "168/4A",
        "stateCode": "AP",
        "district": "Visakhapatnam",
        "mandal": "Demo Mandal",
        "village": "Pendurthi",
        "areaAcres": 2.85,
        "areaSqMeters": 11533.55,
        "landUse": "Commercial",
        "status": "VERIFIED",
        "ownershipVerified": true,
        "registrationStatus": "ACTIVE",
        "mortgageStatus": "NONE",
        "taxStatus": "PAID",
        "buildingPermitStatus": "NONE",
        "disputeStatus": "NONE"
      }
    },
    {
      "type": "Feature",
      "geometry": {
        "type": "Polygon",
        "coordinates": [
          [
            [
              83.24650000000001,
              17.713800000000003
            ],
            [
              83.248,
              17.713800000000003
            ],
            [
              83.248,
              17.715100000000003
            ],
            [
              83.24650000000001,
              17.715100000000003
            ],
            [
              83.24650000000001,
              17.713800000000003
            ]
          ]
        ]
      },
      "properties": {
        "ulpin": "AP-VSKP-000389",
        "surveyNumber": "169/5B",
        "stateCode": "AP",
        "district": "Visakhapatnam",
        "mandal": "Demo Mandal",
        "village": "Gajuwaka",
        "areaAcres": 3.3,
        "areaSqMeters": 13354.64,
        "landUse": "Agricultural",
        "status": "VERIFIED",
        "ownershipVerified": true,
        "registrationStatus": "ACTIVE",
        "mortgageStatus": "NONE",
        "taxStatus": "PAID",
        "buildingPermitStatus": "NONE",
        "disputeStatus": "NONE"
      }
    },
    {
      "type": "Feature",
      "geometry": {
        "type": "Polygon",
        "coordinates": [
          [
            [
              83.2485,
              17.713800000000003
            ],
            [
              83.25,
              17.713800000000003
            ],
            [
              83.25,
              17.715100000000003
            ],
            [
              83.2485,
              17.715100000000003
            ],
            [
              83.2485,
              17.713800000000003
            ]
          ]
        ]
      },
      "properties": {
        "ulpin": "AP-VSKP-000390",
        "surveyNumber": "170/1C",
        "stateCode": "AP",
        "district": "Visakhapatnam",
        "mandal": "Demo Mandal",
        "village": "Bhoomi Village",
        "areaAcres": 3.75,
        "areaSqMeters": 15175.73,
        "landUse": "Industrial",
        "status": "VERIFIED",
        "ownershipVerified": true,
        "registrationStatus": "ACTIVE",
        "mortgageStatus": "NONE",
        "taxStatus": "PENDING",
        "buildingPermitStatus": "NONE",
        "disputeStatus": "NONE"
      }
    },
    {
      "type": "Feature",
      "geometry": {
        "type": "Polygon",
        "coordinates": [
          [
            [
              83.2505,
              17.713800000000003
            ],
            [
              83.252,
              17.713800000000003
            ],
            [
              83.252,
              17.715100000000003
            ],
            [
              83.2505,
              17.715100000000003
            ],
            [
              83.2505,
              17.713800000000003
            ]
          ]
        ]
      },
      "properties": {
        "ulpin": "AP-VSKP-000391",
        "surveyNumber": "171/2",
        "stateCode": "AP",
        "district": "Visakhapatnam",
        "mandal": "Demo Mandal",
        "village": "Rushikonda",
        "areaAcres": 4.2,
        "areaSqMeters": 16996.81,
        "landUse": "Special Zone",
        "status": "DISPUTED",
        "ownershipVerified": true,
        "registrationStatus": "ACTIVE",
        "mortgageStatus": "NONE",
        "taxStatus": "PAID",
        "buildingPermitStatus": "NONE",
        "disputeStatus": "ACTIVE_DISPUTE"
      }
    },
    {
      "type": "Feature",
      "geometry": {
        "type": "Polygon",
        "coordinates": [
          [
            [
              83.25250000000001,
              17.713800000000003
            ],
            [
              83.254,
              17.713800000000003
            ],
            [
              83.254,
              17.715100000000003
            ],
            [
              83.25250000000001,
              17.715100000000003
            ],
            [
              83.25250000000001,
              17.713800000000003
            ]
          ]
        ]
      },
      "properties": {
        "ulpin": "AP-VSKP-000392",
        "surveyNumber": "172/3A",
        "stateCode": "AP",
        "district": "Visakhapatnam",
        "mandal": "Demo Mandal",
        "village": "Madhurawada",
        "areaAcres": 1.5,
        "areaSqMeters": 6070.29,
        "landUse": "Residential",
        "status": "VERIFIED",
        "ownershipVerified": true,
        "registrationStatus": "ACTIVE",
        "mortgageStatus": "ACTIVE_MORTGAGE",
        "taxStatus": "PAID",
        "buildingPermitStatus": "APPROVED",
        "disputeStatus": "NONE"
      }
    },
    {
      "type": "Feature",
      "geometry": {
        "type": "Polygon",
        "coordinates": [
          [
            [
              83.25450000000001,
              17.713800000000003
            ],
            [
              83.256,
              17.713800000000003
            ],
            [
              83.256,
              17.715100000000003
            ],
            [
              83.25450000000001,
              17.715100000000003
            ],
            [
              83.25450000000001,
              17.713800000000003
            ]
          ]
        ]
      },
      "properties": {
        "ulpin": "AP-VSKP-000393",
        "surveyNumber": "173/4B",
        "stateCode": "AP",
        "district": "Visakhapatnam",
        "mandal": "Demo Mandal",
        "village": "Pendurthi",
        "areaAcres": 1.95,
        "areaSqMeters": 7891.38,
        "landUse": "Residential",
        "status": "VERIFIED",
        "ownershipVerified": true,
        "registrationStatus": "ACTIVE",
        "mortgageStatus": "NONE",
        "taxStatus": "PAID",
        "buildingPermitStatus": "SUBMITTED",
        "disputeStatus": "NONE"
      }
    },
    {
      "type": "Feature",
      "geometry": {
        "type": "Polygon",
        "coordinates": [
          [
            [
              83.2565,
              17.713800000000003
            ],
            [
              83.258,
              17.713800000000003
            ],
            [
              83.258,
              17.715100000000003
            ],
            [
              83.2565,
              17.715100000000003
            ],
            [
              83.2565,
              17.713800000000003
            ]
          ]
        ]
      },
      "properties": {
        "ulpin": "AP-VSKP-000394",
        "surveyNumber": "174/5C",
        "stateCode": "AP",
        "district": "Visakhapatnam",
        "mandal": "Demo Mandal",
        "village": "Gajuwaka",
        "areaAcres": 2.4,
        "areaSqMeters": 9712.46,
        "landUse": "Residential",
        "status": "VERIFIED",
        "ownershipVerified": true,
        "registrationStatus": "ACTIVE",
        "mortgageStatus": "NONE",
        "taxStatus": "PAID",
        "buildingPermitStatus": "APPROVED",
        "disputeStatus": "NONE"
      }
    },
    {
      "type": "Feature",
      "geometry": {
        "type": "Polygon",
        "coordinates": [
          [
            [
              83.25850000000001,
              17.713800000000003
            ],
            [
              83.26,
              17.713800000000003
            ],
            [
              83.26,
              17.715100000000003
            ],
            [
              83.25850000000001,
              17.715100000000003
            ],
            [
              83.25850000000001,
              17.713800000000003
            ]
          ]
        ]
      },
      "properties": {
        "ulpin": "AP-VSKP-000395",
        "surveyNumber": "175/1",
        "stateCode": "AP",
        "district": "Visakhapatnam",
        "mandal": "Demo Mandal",
        "village": "Bhoomi Village",
        "areaAcres": 2.85,
        "areaSqMeters": 11533.55,
        "landUse": "Commercial",
        "status": "VERIFIED",
        "ownershipVerified": true,
        "registrationStatus": "ACTIVE",
        "mortgageStatus": "NONE",
        "taxStatus": "PENDING",
        "buildingPermitStatus": "NONE",
        "disputeStatus": "NONE"
      }
    },
    {
      "type": "Feature",
      "geometry": {
        "type": "Polygon",
        "coordinates": [
          [
            [
              83.26050000000001,
              17.713800000000003
            ],
            [
              83.262,
              17.713800000000003
            ],
            [
              83.262,
              17.715100000000003
            ],
            [
              83.26050000000001,
              17.715100000000003
            ],
            [
              83.26050000000001,
              17.713800000000003
            ]
          ]
        ]
      },
      "properties": {
        "ulpin": "AP-VSKP-000396",
        "surveyNumber": "176/2A",
        "stateCode": "AP",
        "district": "Visakhapatnam",
        "mandal": "Demo Mandal",
        "village": "Rushikonda",
        "areaAcres": 3.3,
        "areaSqMeters": 13354.64,
        "landUse": "Agricultural",
        "status": "PENDING_VERIFICATION",
        "ownershipVerified": false,
        "registrationStatus": "ACTIVE",
        "mortgageStatus": "NONE",
        "taxStatus": "PAID",
        "buildingPermitStatus": "NONE",
        "disputeStatus": "NONE"
      }
    },
    {
      "type": "Feature",
      "geometry": {
        "type": "Polygon",
        "coordinates": [
          [
            [
              83.2625,
              17.713800000000003
            ],
            [
              83.264,
              17.713800000000003
            ],
            [
              83.264,
              17.715100000000003
            ],
            [
              83.2625,
              17.715100000000003
            ],
            [
              83.2625,
              17.713800000000003
            ]
          ]
        ]
      },
      "properties": {
        "ulpin": "AP-VSKP-000397",
        "surveyNumber": "177/3B",
        "stateCode": "AP",
        "district": "Visakhapatnam",
        "mandal": "Demo Mandal",
        "village": "Madhurawada",
        "areaAcres": 3.75,
        "areaSqMeters": 15175.73,
        "landUse": "Industrial",
        "status": "VERIFIED",
        "ownershipVerified": true,
        "registrationStatus": "ACTIVE",
        "mortgageStatus": "NONE",
        "taxStatus": "PAID",
        "buildingPermitStatus": "NONE",
        "disputeStatus": "NONE"
      }
    },
    {
      "type": "Feature",
      "geometry": {
        "type": "Polygon",
        "coordinates": [
          [
            [
              83.26450000000001,
              17.713800000000003
            ],
            [
              83.266,
              17.713800000000003
            ],
            [
              83.266,
              17.715100000000003
            ],
            [
              83.26450000000001,
              17.715100000000003
            ],
            [
              83.26450000000001,
              17.713800000000003
            ]
          ]
        ]
      },
      "properties": {
        "ulpin": "AP-VSKP-000398",
        "surveyNumber": "178/4C",
        "stateCode": "AP",
        "district": "Visakhapatnam",
        "mandal": "Demo Mandal",
        "village": "Pendurthi",
        "areaAcres": 4.2,
        "areaSqMeters": 16996.81,
        "landUse": "Special Zone",
        "status": "VERIFIED",
        "ownershipVerified": true,
        "registrationStatus": "ACTIVE",
        "mortgageStatus": "NONE",
        "taxStatus": "PAID",
        "buildingPermitStatus": "NONE",
        "disputeStatus": "NONE"
      }
    },
    {
      "type": "Feature",
      "geometry": {
        "type": "Polygon",
        "coordinates": [
          [
            [
              83.26650000000001,
              17.713800000000003
            ],
            [
              83.268,
              17.713800000000003
            ],
            [
              83.268,
              17.715100000000003
            ],
            [
              83.26650000000001,
              17.715100000000003
            ],
            [
              83.26650000000001,
              17.713800000000003
            ]
          ]
        ]
      },
      "properties": {
        "ulpin": "AP-VSKP-000399",
        "surveyNumber": "179/5",
        "stateCode": "AP",
        "district": "Visakhapatnam",
        "mandal": "Demo Mandal",
        "village": "Gajuwaka",
        "areaAcres": 1.5,
        "areaSqMeters": 6070.29,
        "landUse": "Residential",
        "status": "VERIFIED",
        "ownershipVerified": true,
        "registrationStatus": "ACTIVE",
        "mortgageStatus": "ACTIVE_MORTGAGE",
        "taxStatus": "PAID",
        "buildingPermitStatus": "SUBMITTED",
        "disputeStatus": "NONE"
      }
    },
    {
      "type": "Feature",
      "geometry": {
        "type": "Polygon",
        "coordinates": [
          [
            [
              83.2185,
              17.715600000000002
            ],
            [
              83.22,
              17.715600000000002
            ],
            [
              83.22,
              17.716900000000003
            ],
            [
              83.2185,
              17.716900000000003
            ],
            [
              83.2185,
              17.715600000000002
            ]
          ]
        ]
      },
      "properties": {
        "ulpin": "AP-VSKP-000400",
        "surveyNumber": "100/1A",
        "stateCode": "AP",
        "district": "Visakhapatnam",
        "mandal": "Demo Mandal",
        "village": "Bhoomi Village",
        "areaAcres": 1.95,
        "areaSqMeters": 7891.38,
        "landUse": "Residential",
        "status": "VERIFIED",
        "ownershipVerified": true,
        "registrationStatus": "ACTIVE",
        "mortgageStatus": "NONE",
        "taxStatus": "PENDING",
        "buildingPermitStatus": "APPROVED",
        "disputeStatus": "NONE"
      }
    },
    {
      "type": "Feature",
      "geometry": {
        "type": "Polygon",
        "coordinates": [
          [
            [
              83.2205,
              17.715600000000002
            ],
            [
              83.222,
              17.715600000000002
            ],
            [
              83.222,
              17.716900000000003
            ],
            [
              83.2205,
              17.716900000000003
            ],
            [
              83.2205,
              17.715600000000002
            ]
          ]
        ]
      },
      "properties": {
        "ulpin": "AP-VSKP-000401",
        "surveyNumber": "101/2B",
        "stateCode": "AP",
        "district": "Visakhapatnam",
        "mandal": "Demo Mandal",
        "village": "Rushikonda",
        "areaAcres": 2.4,
        "areaSqMeters": 9712.46,
        "landUse": "Residential",
        "status": "VERIFIED",
        "ownershipVerified": true,
        "registrationStatus": "ACTIVE",
        "mortgageStatus": "NONE",
        "taxStatus": "PAID",
        "buildingPermitStatus": "SUBMITTED",
        "disputeStatus": "NONE"
      }
    },
    {
      "type": "Feature",
      "geometry": {
        "type": "Polygon",
        "coordinates": [
          [
            [
              83.22250000000001,
              17.715600000000002
            ],
            [
              83.224,
              17.715600000000002
            ],
            [
              83.224,
              17.716900000000003
            ],
            [
              83.22250000000001,
              17.716900000000003
            ],
            [
              83.22250000000001,
              17.715600000000002
            ]
          ]
        ]
      },
      "properties": {
        "ulpin": "AP-VSKP-000402",
        "surveyNumber": "102/3C",
        "stateCode": "AP",
        "district": "Visakhapatnam",
        "mandal": "Demo Mandal",
        "village": "Madhurawada",
        "areaAcres": 2.85,
        "areaSqMeters": 11533.55,
        "landUse": "Commercial",
        "status": "VERIFIED",
        "ownershipVerified": true,
        "registrationStatus": "ACTIVE",
        "mortgageStatus": "NONE",
        "taxStatus": "PAID",
        "buildingPermitStatus": "NONE",
        "disputeStatus": "NONE"
      }
    },
    {
      "type": "Feature",
      "geometry": {
        "type": "Polygon",
        "coordinates": [
          [
            [
              83.2245,
              17.715600000000002
            ],
            [
              83.226,
              17.715600000000002
            ],
            [
              83.226,
              17.716900000000003
            ],
            [
              83.2245,
              17.716900000000003
            ],
            [
              83.2245,
              17.715600000000002
            ]
          ]
        ]
      },
      "properties": {
        "ulpin": "AP-VSKP-000403",
        "surveyNumber": "103/4",
        "stateCode": "AP",
        "district": "Visakhapatnam",
        "mandal": "Demo Mandal",
        "village": "Pendurthi",
        "areaAcres": 3.3,
        "areaSqMeters": 13354.64,
        "landUse": "Agricultural",
        "status": "VERIFIED",
        "ownershipVerified": true,
        "registrationStatus": "ACTIVE",
        "mortgageStatus": "NONE",
        "taxStatus": "PAID",
        "buildingPermitStatus": "NONE",
        "disputeStatus": "NONE"
      }
    },
    {
      "type": "Feature",
      "geometry": {
        "type": "Polygon",
        "coordinates": [
          [
            [
              83.2265,
              17.715600000000002
            ],
            [
              83.228,
              17.715600000000002
            ],
            [
              83.228,
              17.716900000000003
            ],
            [
              83.2265,
              17.716900000000003
            ],
            [
              83.2265,
              17.715600000000002
            ]
          ]
        ]
      },
      "properties": {
        "ulpin": "AP-VSKP-000404",
        "surveyNumber": "104/5A",
        "stateCode": "AP",
        "district": "Visakhapatnam",
        "mandal": "Demo Mandal",
        "village": "Gajuwaka",
        "areaAcres": 3.75,
        "areaSqMeters": 15175.73,
        "landUse": "Industrial",
        "status": "VERIFIED",
        "ownershipVerified": true,
        "registrationStatus": "ACTIVE",
        "mortgageStatus": "NONE",
        "taxStatus": "PAID",
        "buildingPermitStatus": "NONE",
        "disputeStatus": "NONE"
      }
    },
    {
      "type": "Feature",
      "geometry": {
        "type": "Polygon",
        "coordinates": [
          [
            [
              83.22850000000001,
              17.715600000000002
            ],
            [
              83.23,
              17.715600000000002
            ],
            [
              83.23,
              17.716900000000003
            ],
            [
              83.22850000000001,
              17.716900000000003
            ],
            [
              83.22850000000001,
              17.715600000000002
            ]
          ]
        ]
      },
      "properties": {
        "ulpin": "AP-VSKP-000405",
        "surveyNumber": "105/1B",
        "stateCode": "AP",
        "district": "Visakhapatnam",
        "mandal": "Demo Mandal",
        "village": "Bhoomi Village",
        "areaAcres": 4.2,
        "areaSqMeters": 16996.81,
        "landUse": "Special Zone",
        "status": "PENDING_VERIFICATION",
        "ownershipVerified": false,
        "registrationStatus": "ACTIVE",
        "mortgageStatus": "NONE",
        "taxStatus": "PENDING",
        "buildingPermitStatus": "NONE",
        "disputeStatus": "NONE"
      }
    },
    {
      "type": "Feature",
      "geometry": {
        "type": "Polygon",
        "coordinates": [
          [
            [
              83.2305,
              17.715600000000002
            ],
            [
              83.232,
              17.715600000000002
            ],
            [
              83.232,
              17.716900000000003
            ],
            [
              83.2305,
              17.716900000000003
            ],
            [
              83.2305,
              17.715600000000002
            ]
          ]
        ]
      },
      "properties": {
        "ulpin": "AP-VSKP-000406",
        "surveyNumber": "106/2C",
        "stateCode": "AP",
        "district": "Visakhapatnam",
        "mandal": "Demo Mandal",
        "village": "Rushikonda",
        "areaAcres": 1.5,
        "areaSqMeters": 6070.29,
        "landUse": "Residential",
        "status": "VERIFIED",
        "ownershipVerified": true,
        "registrationStatus": "ACTIVE",
        "mortgageStatus": "ACTIVE_MORTGAGE",
        "taxStatus": "PAID",
        "buildingPermitStatus": "APPROVED",
        "disputeStatus": "NONE"
      }
    },
    {
      "type": "Feature",
      "geometry": {
        "type": "Polygon",
        "coordinates": [
          [
            [
              83.2325,
              17.715600000000002
            ],
            [
              83.234,
              17.715600000000002
            ],
            [
              83.234,
              17.716900000000003
            ],
            [
              83.2325,
              17.716900000000003
            ],
            [
              83.2325,
              17.715600000000002
            ]
          ]
        ]
      },
      "properties": {
        "ulpin": "AP-VSKP-000407",
        "surveyNumber": "107/3",
        "stateCode": "AP",
        "district": "Visakhapatnam",
        "mandal": "Demo Mandal",
        "village": "Madhurawada",
        "areaAcres": 1.95,
        "areaSqMeters": 7891.38,
        "landUse": "Residential",
        "status": "VERIFIED",
        "ownershipVerified": true,
        "registrationStatus": "ACTIVE",
        "mortgageStatus": "NONE",
        "taxStatus": "PAID",
        "buildingPermitStatus": "SUBMITTED",
        "disputeStatus": "NONE"
      }
    },
    {
      "type": "Feature",
      "geometry": {
        "type": "Polygon",
        "coordinates": [
          [
            [
              83.23450000000001,
              17.715600000000002
            ],
            [
              83.236,
              17.715600000000002
            ],
            [
              83.236,
              17.716900000000003
            ],
            [
              83.23450000000001,
              17.716900000000003
            ],
            [
              83.23450000000001,
              17.715600000000002
            ]
          ]
        ]
      },
      "properties": {
        "ulpin": "AP-VSKP-000408",
        "surveyNumber": "108/4A",
        "stateCode": "AP",
        "district": "Visakhapatnam",
        "mandal": "Demo Mandal",
        "village": "Pendurthi",
        "areaAcres": 2.4,
        "areaSqMeters": 9712.46,
        "landUse": "Residential",
        "status": "VERIFIED",
        "ownershipVerified": true,
        "registrationStatus": "ACTIVE",
        "mortgageStatus": "NONE",
        "taxStatus": "PAID",
        "buildingPermitStatus": "APPROVED",
        "disputeStatus": "NONE"
      }
    },
    {
      "type": "Feature",
      "geometry": {
        "type": "Polygon",
        "coordinates": [
          [
            [
              83.2365,
              17.715600000000002
            ],
            [
              83.238,
              17.715600000000002
            ],
            [
              83.238,
              17.716900000000003
            ],
            [
              83.2365,
              17.716900000000003
            ],
            [
              83.2365,
              17.715600000000002
            ]
          ]
        ]
      },
      "properties": {
        "ulpin": "AP-VSKP-000409",
        "surveyNumber": "109/5B",
        "stateCode": "AP",
        "district": "Visakhapatnam",
        "mandal": "Demo Mandal",
        "village": "Gajuwaka",
        "areaAcres": 2.85,
        "areaSqMeters": 11533.55,
        "landUse": "Commercial",
        "status": "VERIFIED",
        "ownershipVerified": true,
        "registrationStatus": "ACTIVE",
        "mortgageStatus": "NONE",
        "taxStatus": "PAID",
        "buildingPermitStatus": "NONE",
        "disputeStatus": "NONE"
      }
    },
    {
      "type": "Feature",
      "geometry": {
        "type": "Polygon",
        "coordinates": [
          [
            [
              83.2385,
              17.715600000000002
            ],
            [
              83.24,
              17.715600000000002
            ],
            [
              83.24,
              17.716900000000003
            ],
            [
              83.2385,
              17.716900000000003
            ],
            [
              83.2385,
              17.715600000000002
            ]
          ]
        ]
      },
      "properties": {
        "ulpin": "AP-VSKP-000410",
        "surveyNumber": "110/1C",
        "stateCode": "AP",
        "district": "Visakhapatnam",
        "mandal": "Demo Mandal",
        "village": "Bhoomi Village",
        "areaAcres": 3.3,
        "areaSqMeters": 13354.64,
        "landUse": "Agricultural",
        "status": "VERIFIED",
        "ownershipVerified": true,
        "registrationStatus": "ACTIVE",
        "mortgageStatus": "NONE",
        "taxStatus": "PENDING",
        "buildingPermitStatus": "NONE",
        "disputeStatus": "NONE"
      }
    },
    {
      "type": "Feature",
      "geometry": {
        "type": "Polygon",
        "coordinates": [
          [
            [
              83.24050000000001,
              17.715600000000002
            ],
            [
              83.242,
              17.715600000000002
            ],
            [
              83.242,
              17.716900000000003
            ],
            [
              83.24050000000001,
              17.716900000000003
            ],
            [
              83.24050000000001,
              17.715600000000002
            ]
          ]
        ]
      },
      "properties": {
        "ulpin": "AP-VSKP-000411",
        "surveyNumber": "111/2",
        "stateCode": "AP",
        "district": "Visakhapatnam",
        "mandal": "Demo Mandal",
        "village": "Rushikonda",
        "areaAcres": 3.75,
        "areaSqMeters": 15175.73,
        "landUse": "Industrial",
        "status": "VERIFIED",
        "ownershipVerified": true,
        "registrationStatus": "ACTIVE",
        "mortgageStatus": "NONE",
        "taxStatus": "PAID",
        "buildingPermitStatus": "NONE",
        "disputeStatus": "NONE"
      }
    },
    {
      "type": "Feature",
      "geometry": {
        "type": "Polygon",
        "coordinates": [
          [
            [
              83.2425,
              17.715600000000002
            ],
            [
              83.244,
              17.715600000000002
            ],
            [
              83.244,
              17.716900000000003
            ],
            [
              83.2425,
              17.716900000000003
            ],
            [
              83.2425,
              17.715600000000002
            ]
          ]
        ]
      },
      "properties": {
        "ulpin": "AP-VSKP-000412",
        "surveyNumber": "112/3A",
        "stateCode": "AP",
        "district": "Visakhapatnam",
        "mandal": "Demo Mandal",
        "village": "Madhurawada",
        "areaAcres": 4.2,
        "areaSqMeters": 16996.81,
        "landUse": "Special Zone",
        "status": "VERIFIED",
        "ownershipVerified": true,
        "registrationStatus": "ACTIVE",
        "mortgageStatus": "NONE",
        "taxStatus": "PAID",
        "buildingPermitStatus": "NONE",
        "disputeStatus": "NONE"
      }
    },
    {
      "type": "Feature",
      "geometry": {
        "type": "Polygon",
        "coordinates": [
          [
            [
              83.2445,
              17.715600000000002
            ],
            [
              83.246,
              17.715600000000002
            ],
            [
              83.246,
              17.716900000000003
            ],
            [
              83.2445,
              17.716900000000003
            ],
            [
              83.2445,
              17.715600000000002
            ]
          ]
        ]
      },
      "properties": {
        "ulpin": "AP-VSKP-000413",
        "surveyNumber": "113/4B",
        "stateCode": "AP",
        "district": "Visakhapatnam",
        "mandal": "Demo Mandal",
        "village": "Pendurthi",
        "areaAcres": 1.5,
        "areaSqMeters": 6070.29,
        "landUse": "Residential",
        "status": "VERIFIED",
        "ownershipVerified": true,
        "registrationStatus": "ACTIVE",
        "mortgageStatus": "ACTIVE_MORTGAGE",
        "taxStatus": "PAID",
        "buildingPermitStatus": "SUBMITTED",
        "disputeStatus": "NONE"
      }
    },
    {
      "type": "Feature",
      "geometry": {
        "type": "Polygon",
        "coordinates": [
          [
            [
              83.24650000000001,
              17.715600000000002
            ],
            [
              83.248,
              17.715600000000002
            ],
            [
              83.248,
              17.716900000000003
            ],
            [
              83.24650000000001,
              17.716900000000003
            ],
            [
              83.24650000000001,
              17.715600000000002
            ]
          ]
        ]
      },
      "properties": {
        "ulpin": "AP-VSKP-000414",
        "surveyNumber": "114/5C",
        "stateCode": "AP",
        "district": "Visakhapatnam",
        "mandal": "Demo Mandal",
        "village": "Gajuwaka",
        "areaAcres": 1.95,
        "areaSqMeters": 7891.38,
        "landUse": "Residential",
        "status": "DISPUTED",
        "ownershipVerified": false,
        "registrationStatus": "ACTIVE",
        "mortgageStatus": "NONE",
        "taxStatus": "PAID",
        "buildingPermitStatus": "APPROVED",
        "disputeStatus": "ACTIVE_DISPUTE"
      }
    },
    {
      "type": "Feature",
      "geometry": {
        "type": "Polygon",
        "coordinates": [
          [
            [
              83.2485,
              17.715600000000002
            ],
            [
              83.25,
              17.715600000000002
            ],
            [
              83.25,
              17.716900000000003
            ],
            [
              83.2485,
              17.716900000000003
            ],
            [
              83.2485,
              17.715600000000002
            ]
          ]
        ]
      },
      "properties": {
        "ulpin": "AP-VSKP-000415",
        "surveyNumber": "115/1",
        "stateCode": "AP",
        "district": "Visakhapatnam",
        "mandal": "Demo Mandal",
        "village": "Bhoomi Village",
        "areaAcres": 2.4,
        "areaSqMeters": 9712.46,
        "landUse": "Residential",
        "status": "VERIFIED",
        "ownershipVerified": true,
        "registrationStatus": "ACTIVE",
        "mortgageStatus": "NONE",
        "taxStatus": "PENDING",
        "buildingPermitStatus": "SUBMITTED",
        "disputeStatus": "NONE"
      }
    },
    {
      "type": "Feature",
      "geometry": {
        "type": "Polygon",
        "coordinates": [
          [
            [
              83.2505,
              17.715600000000002
            ],
            [
              83.252,
              17.715600000000002
            ],
            [
              83.252,
              17.716900000000003
            ],
            [
              83.2505,
              17.716900000000003
            ],
            [
              83.2505,
              17.715600000000002
            ]
          ]
        ]
      },
      "properties": {
        "ulpin": "AP-VSKP-000416",
        "surveyNumber": "116/2A",
        "stateCode": "AP",
        "district": "Visakhapatnam",
        "mandal": "Demo Mandal",
        "village": "Rushikonda",
        "areaAcres": 2.85,
        "areaSqMeters": 11533.55,
        "landUse": "Commercial",
        "status": "VERIFIED",
        "ownershipVerified": true,
        "registrationStatus": "ACTIVE",
        "mortgageStatus": "NONE",
        "taxStatus": "PAID",
        "buildingPermitStatus": "NONE",
        "disputeStatus": "NONE"
      }
    },
    {
      "type": "Feature",
      "geometry": {
        "type": "Polygon",
        "coordinates": [
          [
            [
              83.25250000000001,
              17.715600000000002
            ],
            [
              83.254,
              17.715600000000002
            ],
            [
              83.254,
              17.716900000000003
            ],
            [
              83.25250000000001,
              17.716900000000003
            ],
            [
              83.25250000000001,
              17.715600000000002
            ]
          ]
        ]
      },
      "properties": {
        "ulpin": "AP-VSKP-000417",
        "surveyNumber": "117/3B",
        "stateCode": "AP",
        "district": "Visakhapatnam",
        "mandal": "Demo Mandal",
        "village": "Madhurawada",
        "areaAcres": 3.3,
        "areaSqMeters": 13354.64,
        "landUse": "Agricultural",
        "status": "VERIFIED",
        "ownershipVerified": true,
        "registrationStatus": "ACTIVE",
        "mortgageStatus": "NONE",
        "taxStatus": "PAID",
        "buildingPermitStatus": "NONE",
        "disputeStatus": "NONE"
      }
    },
    {
      "type": "Feature",
      "geometry": {
        "type": "Polygon",
        "coordinates": [
          [
            [
              83.25450000000001,
              17.715600000000002
            ],
            [
              83.256,
              17.715600000000002
            ],
            [
              83.256,
              17.716900000000003
            ],
            [
              83.25450000000001,
              17.716900000000003
            ],
            [
              83.25450000000001,
              17.715600000000002
            ]
          ]
        ]
      },
      "properties": {
        "ulpin": "AP-VSKP-000418",
        "surveyNumber": "118/4C",
        "stateCode": "AP",
        "district": "Visakhapatnam",
        "mandal": "Demo Mandal",
        "village": "Pendurthi",
        "areaAcres": 3.75,
        "areaSqMeters": 15175.73,
        "landUse": "Industrial",
        "status": "VERIFIED",
        "ownershipVerified": true,
        "registrationStatus": "ACTIVE",
        "mortgageStatus": "NONE",
        "taxStatus": "PAID",
        "buildingPermitStatus": "NONE",
        "disputeStatus": "NONE"
      }
    },
    {
      "type": "Feature",
      "geometry": {
        "type": "Polygon",
        "coordinates": [
          [
            [
              83.2565,
              17.715600000000002
            ],
            [
              83.258,
              17.715600000000002
            ],
            [
              83.258,
              17.716900000000003
            ],
            [
              83.2565,
              17.716900000000003
            ],
            [
              83.2565,
              17.715600000000002
            ]
          ]
        ]
      },
      "properties": {
        "ulpin": "AP-VSKP-000419",
        "surveyNumber": "119/5",
        "stateCode": "AP",
        "district": "Visakhapatnam",
        "mandal": "Demo Mandal",
        "village": "Gajuwaka",
        "areaAcres": 4.2,
        "areaSqMeters": 16996.81,
        "landUse": "Special Zone",
        "status": "VERIFIED",
        "ownershipVerified": true,
        "registrationStatus": "ACTIVE",
        "mortgageStatus": "NONE",
        "taxStatus": "PAID",
        "buildingPermitStatus": "NONE",
        "disputeStatus": "NONE"
      }
    },
    {
      "type": "Feature",
      "geometry": {
        "type": "Polygon",
        "coordinates": [
          [
            [
              83.25850000000001,
              17.715600000000002
            ],
            [
              83.26,
              17.715600000000002
            ],
            [
              83.26,
              17.716900000000003
            ],
            [
              83.25850000000001,
              17.716900000000003
            ],
            [
              83.25850000000001,
              17.715600000000002
            ]
          ]
        ]
      },
      "properties": {
        "ulpin": "AP-VSKP-000420",
        "surveyNumber": "120/1A",
        "stateCode": "AP",
        "district": "Visakhapatnam",
        "mandal": "Demo Mandal",
        "village": "Bhoomi Village",
        "areaAcres": 1.5,
        "areaSqMeters": 6070.29,
        "landUse": "Residential",
        "status": "VERIFIED",
        "ownershipVerified": true,
        "registrationStatus": "ACTIVE",
        "mortgageStatus": "ACTIVE_MORTGAGE",
        "taxStatus": "PENDING",
        "buildingPermitStatus": "APPROVED",
        "disputeStatus": "NONE"
      }
    },
    {
      "type": "Feature",
      "geometry": {
        "type": "Polygon",
        "coordinates": [
          [
            [
              83.26050000000001,
              17.715600000000002
            ],
            [
              83.262,
              17.715600000000002
            ],
            [
              83.262,
              17.716900000000003
            ],
            [
              83.26050000000001,
              17.716900000000003
            ],
            [
              83.26050000000001,
              17.715600000000002
            ]
          ]
        ]
      },
      "properties": {
        "ulpin": "AP-VSKP-000421",
        "surveyNumber": "121/2B",
        "stateCode": "AP",
        "district": "Visakhapatnam",
        "mandal": "Demo Mandal",
        "village": "Rushikonda",
        "areaAcres": 1.95,
        "areaSqMeters": 7891.38,
        "landUse": "Residential",
        "status": "VERIFIED",
        "ownershipVerified": true,
        "registrationStatus": "ACTIVE",
        "mortgageStatus": "NONE",
        "taxStatus": "PAID",
        "buildingPermitStatus": "SUBMITTED",
        "disputeStatus": "NONE"
      }
    },
    {
      "type": "Feature",
      "geometry": {
        "type": "Polygon",
        "coordinates": [
          [
            [
              83.2625,
              17.715600000000002
            ],
            [
              83.264,
              17.715600000000002
            ],
            [
              83.264,
              17.716900000000003
            ],
            [
              83.2625,
              17.716900000000003
            ],
            [
              83.2625,
              17.715600000000002
            ]
          ]
        ]
      },
      "properties": {
        "ulpin": "AP-VSKP-000422",
        "surveyNumber": "122/3C",
        "stateCode": "AP",
        "district": "Visakhapatnam",
        "mandal": "Demo Mandal",
        "village": "Madhurawada",
        "areaAcres": 2.4,
        "areaSqMeters": 9712.46,
        "landUse": "Residential",
        "status": "VERIFIED",
        "ownershipVerified": true,
        "registrationStatus": "ACTIVE",
        "mortgageStatus": "NONE",
        "taxStatus": "PAID",
        "buildingPermitStatus": "APPROVED",
        "disputeStatus": "NONE"
      }
    },
    {
      "type": "Feature",
      "geometry": {
        "type": "Polygon",
        "coordinates": [
          [
            [
              83.26450000000001,
              17.715600000000002
            ],
            [
              83.266,
              17.715600000000002
            ],
            [
              83.266,
              17.716900000000003
            ],
            [
              83.26450000000001,
              17.716900000000003
            ],
            [
              83.26450000000001,
              17.715600000000002
            ]
          ]
        ]
      },
      "properties": {
        "ulpin": "AP-VSKP-000423",
        "surveyNumber": "123/4",
        "stateCode": "AP",
        "district": "Visakhapatnam",
        "mandal": "Demo Mandal",
        "village": "Pendurthi",
        "areaAcres": 2.85,
        "areaSqMeters": 11533.55,
        "landUse": "Commercial",
        "status": "PENDING_VERIFICATION",
        "ownershipVerified": false,
        "registrationStatus": "ACTIVE",
        "mortgageStatus": "NONE",
        "taxStatus": "PAID",
        "buildingPermitStatus": "NONE",
        "disputeStatus": "NONE"
      }
    },
    {
      "type": "Feature",
      "geometry": {
        "type": "Polygon",
        "coordinates": [
          [
            [
              83.26650000000001,
              17.715600000000002
            ],
            [
              83.268,
              17.715600000000002
            ],
            [
              83.268,
              17.716900000000003
            ],
            [
              83.26650000000001,
              17.716900000000003
            ],
            [
              83.26650000000001,
              17.715600000000002
            ]
          ]
        ]
      },
      "properties": {
        "ulpin": "AP-VSKP-000424",
        "surveyNumber": "124/5A",
        "stateCode": "AP",
        "district": "Visakhapatnam",
        "mandal": "Demo Mandal",
        "village": "Gajuwaka",
        "areaAcres": 3.3,
        "areaSqMeters": 13354.64,
        "landUse": "Agricultural",
        "status": "VERIFIED",
        "ownershipVerified": true,
        "registrationStatus": "ACTIVE",
        "mortgageStatus": "NONE",
        "taxStatus": "PAID",
        "buildingPermitStatus": "NONE",
        "disputeStatus": "NONE"
      }
    },
    {
      "type": "Feature",
      "geometry": {
        "type": "Polygon",
        "coordinates": [
          [
            [
              83.2185,
              17.7174
            ],
            [
              83.22,
              17.7174
            ],
            [
              83.22,
              17.718700000000002
            ],
            [
              83.2185,
              17.718700000000002
            ],
            [
              83.2185,
              17.7174
            ]
          ]
        ]
      },
      "properties": {
        "ulpin": "AP-VSKP-000425",
        "surveyNumber": "125/1B",
        "stateCode": "AP",
        "district": "Visakhapatnam",
        "mandal": "Demo Mandal",
        "village": "Bhoomi Village",
        "areaAcres": 3.75,
        "areaSqMeters": 15175.73,
        "landUse": "Industrial",
        "status": "VERIFIED",
        "ownershipVerified": true,
        "registrationStatus": "ACTIVE",
        "mortgageStatus": "NONE",
        "taxStatus": "PENDING",
        "buildingPermitStatus": "NONE",
        "disputeStatus": "NONE"
      }
    },
    {
      "type": "Feature",
      "geometry": {
        "type": "Polygon",
        "coordinates": [
          [
            [
              83.2205,
              17.7174
            ],
            [
              83.222,
              17.7174
            ],
            [
              83.222,
              17.718700000000002
            ],
            [
              83.2205,
              17.718700000000002
            ],
            [
              83.2205,
              17.7174
            ]
          ]
        ]
      },
      "properties": {
        "ulpin": "AP-VSKP-000426",
        "surveyNumber": "126/2C",
        "stateCode": "AP",
        "district": "Visakhapatnam",
        "mandal": "Demo Mandal",
        "village": "Rushikonda",
        "areaAcres": 4.2,
        "areaSqMeters": 16996.81,
        "landUse": "Special Zone",
        "status": "VERIFIED",
        "ownershipVerified": true,
        "registrationStatus": "ACTIVE",
        "mortgageStatus": "NONE",
        "taxStatus": "PAID",
        "buildingPermitStatus": "NONE",
        "disputeStatus": "NONE"
      }
    },
    {
      "type": "Feature",
      "geometry": {
        "type": "Polygon",
        "coordinates": [
          [
            [
              83.22250000000001,
              17.7174
            ],
            [
              83.224,
              17.7174
            ],
            [
              83.224,
              17.718700000000002
            ],
            [
              83.22250000000001,
              17.718700000000002
            ],
            [
              83.22250000000001,
              17.7174
            ]
          ]
        ]
      },
      "properties": {
        "ulpin": "AP-VSKP-000427",
        "surveyNumber": "127/3",
        "stateCode": "AP",
        "district": "Visakhapatnam",
        "mandal": "Demo Mandal",
        "village": "Madhurawada",
        "areaAcres": 1.5,
        "areaSqMeters": 6070.29,
        "landUse": "Residential",
        "status": "VERIFIED",
        "ownershipVerified": true,
        "registrationStatus": "ACTIVE",
        "mortgageStatus": "ACTIVE_MORTGAGE",
        "taxStatus": "PAID",
        "buildingPermitStatus": "SUBMITTED",
        "disputeStatus": "NONE"
      }
    },
    {
      "type": "Feature",
      "geometry": {
        "type": "Polygon",
        "coordinates": [
          [
            [
              83.2245,
              17.7174
            ],
            [
              83.226,
              17.7174
            ],
            [
              83.226,
              17.718700000000002
            ],
            [
              83.2245,
              17.718700000000002
            ],
            [
              83.2245,
              17.7174
            ]
          ]
        ]
      },
      "properties": {
        "ulpin": "AP-VSKP-000428",
        "surveyNumber": "128/4A",
        "stateCode": "AP",
        "district": "Visakhapatnam",
        "mandal": "Demo Mandal",
        "village": "Pendurthi",
        "areaAcres": 1.95,
        "areaSqMeters": 7891.38,
        "landUse": "Residential",
        "status": "VERIFIED",
        "ownershipVerified": true,
        "registrationStatus": "ACTIVE",
        "mortgageStatus": "NONE",
        "taxStatus": "PAID",
        "buildingPermitStatus": "APPROVED",
        "disputeStatus": "NONE"
      }
    },
    {
      "type": "Feature",
      "geometry": {
        "type": "Polygon",
        "coordinates": [
          [
            [
              83.2265,
              17.7174
            ],
            [
              83.228,
              17.7174
            ],
            [
              83.228,
              17.718700000000002
            ],
            [
              83.2265,
              17.718700000000002
            ],
            [
              83.2265,
              17.7174
            ]
          ]
        ]
      },
      "properties": {
        "ulpin": "AP-VSKP-000429",
        "surveyNumber": "129/5B",
        "stateCode": "AP",
        "district": "Visakhapatnam",
        "mandal": "Demo Mandal",
        "village": "Gajuwaka",
        "areaAcres": 2.4,
        "areaSqMeters": 9712.46,
        "landUse": "Residential",
        "status": "VERIFIED",
        "ownershipVerified": true,
        "registrationStatus": "ACTIVE",
        "mortgageStatus": "NONE",
        "taxStatus": "PAID",
        "buildingPermitStatus": "SUBMITTED",
        "disputeStatus": "NONE"
      }
    },
    {
      "type": "Feature",
      "geometry": {
        "type": "Polygon",
        "coordinates": [
          [
            [
              83.22850000000001,
              17.7174
            ],
            [
              83.23,
              17.7174
            ],
            [
              83.23,
              17.718700000000002
            ],
            [
              83.22850000000001,
              17.718700000000002
            ],
            [
              83.22850000000001,
              17.7174
            ]
          ]
        ]
      },
      "properties": {
        "ulpin": "AP-VSKP-000430",
        "surveyNumber": "130/1C",
        "stateCode": "AP",
        "district": "Visakhapatnam",
        "mandal": "Demo Mandal",
        "village": "Bhoomi Village",
        "areaAcres": 2.85,
        "areaSqMeters": 11533.55,
        "landUse": "Commercial",
        "status": "VERIFIED",
        "ownershipVerified": true,
        "registrationStatus": "ACTIVE",
        "mortgageStatus": "NONE",
        "taxStatus": "PENDING",
        "buildingPermitStatus": "NONE",
        "disputeStatus": "NONE"
      }
    },
    {
      "type": "Feature",
      "geometry": {
        "type": "Polygon",
        "coordinates": [
          [
            [
              83.2305,
              17.7174
            ],
            [
              83.232,
              17.7174
            ],
            [
              83.232,
              17.718700000000002
            ],
            [
              83.2305,
              17.718700000000002
            ],
            [
              83.2305,
              17.7174
            ]
          ]
        ]
      },
      "properties": {
        "ulpin": "AP-VSKP-000431",
        "surveyNumber": "131/2",
        "stateCode": "AP",
        "district": "Visakhapatnam",
        "mandal": "Demo Mandal",
        "village": "Rushikonda",
        "areaAcres": 3.3,
        "areaSqMeters": 13354.64,
        "landUse": "Agricultural",
        "status": "VERIFIED",
        "ownershipVerified": true,
        "registrationStatus": "ACTIVE",
        "mortgageStatus": "NONE",
        "taxStatus": "PAID",
        "buildingPermitStatus": "NONE",
        "disputeStatus": "NONE"
      }
    },
    {
      "type": "Feature",
      "geometry": {
        "type": "Polygon",
        "coordinates": [
          [
            [
              83.2325,
              17.7174
            ],
            [
              83.234,
              17.7174
            ],
            [
              83.234,
              17.718700000000002
            ],
            [
              83.2325,
              17.718700000000002
            ],
            [
              83.2325,
              17.7174
            ]
          ]
        ]
      },
      "properties": {
        "ulpin": "AP-VSKP-000432",
        "surveyNumber": "132/3A",
        "stateCode": "AP",
        "district": "Visakhapatnam",
        "mandal": "Demo Mandal",
        "village": "Madhurawada",
        "areaAcres": 3.75,
        "areaSqMeters": 15175.73,
        "landUse": "Industrial",
        "status": "PENDING_VERIFICATION",
        "ownershipVerified": false,
        "registrationStatus": "ACTIVE",
        "mortgageStatus": "NONE",
        "taxStatus": "PAID",
        "buildingPermitStatus": "NONE",
        "disputeStatus": "NONE"
      }
    },
    {
      "type": "Feature",
      "geometry": {
        "type": "Polygon",
        "coordinates": [
          [
            [
              83.23450000000001,
              17.7174
            ],
            [
              83.236,
              17.7174
            ],
            [
              83.236,
              17.718700000000002
            ],
            [
              83.23450000000001,
              17.718700000000002
            ],
            [
              83.23450000000001,
              17.7174
            ]
          ]
        ]
      },
      "properties": {
        "ulpin": "AP-VSKP-000433",
        "surveyNumber": "133/4B",
        "stateCode": "AP",
        "district": "Visakhapatnam",
        "mandal": "Demo Mandal",
        "village": "Pendurthi",
        "areaAcres": 4.2,
        "areaSqMeters": 16996.81,
        "landUse": "Special Zone",
        "status": "VERIFIED",
        "ownershipVerified": true,
        "registrationStatus": "ACTIVE",
        "mortgageStatus": "NONE",
        "taxStatus": "PAID",
        "buildingPermitStatus": "NONE",
        "disputeStatus": "NONE"
      }
    },
    {
      "type": "Feature",
      "geometry": {
        "type": "Polygon",
        "coordinates": [
          [
            [
              83.2365,
              17.7174
            ],
            [
              83.238,
              17.7174
            ],
            [
              83.238,
              17.718700000000002
            ],
            [
              83.2365,
              17.718700000000002
            ],
            [
              83.2365,
              17.7174
            ]
          ]
        ]
      },
      "properties": {
        "ulpin": "AP-VSKP-000434",
        "surveyNumber": "134/5C",
        "stateCode": "AP",
        "district": "Visakhapatnam",
        "mandal": "Demo Mandal",
        "village": "Gajuwaka",
        "areaAcres": 1.5,
        "areaSqMeters": 6070.29,
        "landUse": "Residential",
        "status": "VERIFIED",
        "ownershipVerified": true,
        "registrationStatus": "ACTIVE",
        "mortgageStatus": "ACTIVE_MORTGAGE",
        "taxStatus": "PAID",
        "buildingPermitStatus": "APPROVED",
        "disputeStatus": "NONE"
      }
    },
    {
      "type": "Feature",
      "geometry": {
        "type": "Polygon",
        "coordinates": [
          [
            [
              83.2385,
              17.7174
            ],
            [
              83.24,
              17.7174
            ],
            [
              83.24,
              17.718700000000002
            ],
            [
              83.2385,
              17.718700000000002
            ],
            [
              83.2385,
              17.7174
            ]
          ]
        ]
      },
      "properties": {
        "ulpin": "AP-VSKP-000435",
        "surveyNumber": "135/1",
        "stateCode": "AP",
        "district": "Visakhapatnam",
        "mandal": "Demo Mandal",
        "village": "Bhoomi Village",
        "areaAcres": 1.95,
        "areaSqMeters": 7891.38,
        "landUse": "Residential",
        "status": "VERIFIED",
        "ownershipVerified": true,
        "registrationStatus": "ACTIVE",
        "mortgageStatus": "NONE",
        "taxStatus": "PENDING",
        "buildingPermitStatus": "SUBMITTED",
        "disputeStatus": "NONE"
      }
    },
    {
      "type": "Feature",
      "geometry": {
        "type": "Polygon",
        "coordinates": [
          [
            [
              83.24050000000001,
              17.7174
            ],
            [
              83.242,
              17.7174
            ],
            [
              83.242,
              17.718700000000002
            ],
            [
              83.24050000000001,
              17.718700000000002
            ],
            [
              83.24050000000001,
              17.7174
            ]
          ]
        ]
      },
      "properties": {
        "ulpin": "AP-VSKP-000436",
        "surveyNumber": "136/2A",
        "stateCode": "AP",
        "district": "Visakhapatnam",
        "mandal": "Demo Mandal",
        "village": "Rushikonda",
        "areaAcres": 2.4,
        "areaSqMeters": 9712.46,
        "landUse": "Residential",
        "status": "VERIFIED",
        "ownershipVerified": true,
        "registrationStatus": "ACTIVE",
        "mortgageStatus": "NONE",
        "taxStatus": "PAID",
        "buildingPermitStatus": "APPROVED",
        "disputeStatus": "NONE"
      }
    },
    {
      "type": "Feature",
      "geometry": {
        "type": "Polygon",
        "coordinates": [
          [
            [
              83.2425,
              17.7174
            ],
            [
              83.244,
              17.7174
            ],
            [
              83.244,
              17.718700000000002
            ],
            [
              83.2425,
              17.718700000000002
            ],
            [
              83.2425,
              17.7174
            ]
          ]
        ]
      },
      "properties": {
        "ulpin": "AP-VSKP-000437",
        "surveyNumber": "137/3B",
        "stateCode": "AP",
        "district": "Visakhapatnam",
        "mandal": "Demo Mandal",
        "village": "Madhurawada",
        "areaAcres": 2.85,
        "areaSqMeters": 11533.55,
        "landUse": "Commercial",
        "status": "DISPUTED",
        "ownershipVerified": true,
        "registrationStatus": "ACTIVE",
        "mortgageStatus": "NONE",
        "taxStatus": "PAID",
        "buildingPermitStatus": "NONE",
        "disputeStatus": "ACTIVE_DISPUTE"
      }
    },
    {
      "type": "Feature",
      "geometry": {
        "type": "Polygon",
        "coordinates": [
          [
            [
              83.2445,
              17.7174
            ],
            [
              83.246,
              17.7174
            ],
            [
              83.246,
              17.718700000000002
            ],
            [
              83.2445,
              17.718700000000002
            ],
            [
              83.2445,
              17.7174
            ]
          ]
        ]
      },
      "properties": {
        "ulpin": "AP-VSKP-000438",
        "surveyNumber": "138/4C",
        "stateCode": "AP",
        "district": "Visakhapatnam",
        "mandal": "Demo Mandal",
        "village": "Pendurthi",
        "areaAcres": 3.3,
        "areaSqMeters": 13354.64,
        "landUse": "Agricultural",
        "status": "VERIFIED",
        "ownershipVerified": true,
        "registrationStatus": "ACTIVE",
        "mortgageStatus": "NONE",
        "taxStatus": "PAID",
        "buildingPermitStatus": "NONE",
        "disputeStatus": "NONE"
      }
    },
    {
      "type": "Feature",
      "geometry": {
        "type": "Polygon",
        "coordinates": [
          [
            [
              83.24650000000001,
              17.7174
            ],
            [
              83.248,
              17.7174
            ],
            [
              83.248,
              17.718700000000002
            ],
            [
              83.24650000000001,
              17.718700000000002
            ],
            [
              83.24650000000001,
              17.7174
            ]
          ]
        ]
      },
      "properties": {
        "ulpin": "AP-VSKP-000439",
        "surveyNumber": "139/5",
        "stateCode": "AP",
        "district": "Visakhapatnam",
        "mandal": "Demo Mandal",
        "village": "Gajuwaka",
        "areaAcres": 3.75,
        "areaSqMeters": 15175.73,
        "landUse": "Industrial",
        "status": "VERIFIED",
        "ownershipVerified": true,
        "registrationStatus": "ACTIVE",
        "mortgageStatus": "NONE",
        "taxStatus": "PAID",
        "buildingPermitStatus": "NONE",
        "disputeStatus": "NONE"
      }
    },
    {
      "type": "Feature",
      "geometry": {
        "type": "Polygon",
        "coordinates": [
          [
            [
              83.2485,
              17.7174
            ],
            [
              83.25,
              17.7174
            ],
            [
              83.25,
              17.718700000000002
            ],
            [
              83.2485,
              17.718700000000002
            ],
            [
              83.2485,
              17.7174
            ]
          ]
        ]
      },
      "properties": {
        "ulpin": "AP-VSKP-000440",
        "surveyNumber": "140/1A",
        "stateCode": "AP",
        "district": "Visakhapatnam",
        "mandal": "Demo Mandal",
        "village": "Bhoomi Village",
        "areaAcres": 4.2,
        "areaSqMeters": 16996.81,
        "landUse": "Special Zone",
        "status": "VERIFIED",
        "ownershipVerified": true,
        "registrationStatus": "ACTIVE",
        "mortgageStatus": "NONE",
        "taxStatus": "PENDING",
        "buildingPermitStatus": "NONE",
        "disputeStatus": "NONE"
      }
    },
    {
      "type": "Feature",
      "geometry": {
        "type": "Polygon",
        "coordinates": [
          [
            [
              83.2505,
              17.7174
            ],
            [
              83.252,
              17.7174
            ],
            [
              83.252,
              17.718700000000002
            ],
            [
              83.2505,
              17.718700000000002
            ],
            [
              83.2505,
              17.7174
            ]
          ]
        ]
      },
      "properties": {
        "ulpin": "AP-VSKP-000441",
        "surveyNumber": "141/2B",
        "stateCode": "AP",
        "district": "Visakhapatnam",
        "mandal": "Demo Mandal",
        "village": "Rushikonda",
        "areaAcres": 1.5,
        "areaSqMeters": 6070.29,
        "landUse": "Residential",
        "status": "PENDING_VERIFICATION",
        "ownershipVerified": false,
        "registrationStatus": "ACTIVE",
        "mortgageStatus": "ACTIVE_MORTGAGE",
        "taxStatus": "PAID",
        "buildingPermitStatus": "SUBMITTED",
        "disputeStatus": "NONE"
      }
    },
    {
      "type": "Feature",
      "geometry": {
        "type": "Polygon",
        "coordinates": [
          [
            [
              83.25250000000001,
              17.7174
            ],
            [
              83.254,
              17.7174
            ],
            [
              83.254,
              17.718700000000002
            ],
            [
              83.25250000000001,
              17.718700000000002
            ],
            [
              83.25250000000001,
              17.7174
            ]
          ]
        ]
      },
      "properties": {
        "ulpin": "AP-VSKP-000442",
        "surveyNumber": "142/3C",
        "stateCode": "AP",
        "district": "Visakhapatnam",
        "mandal": "Demo Mandal",
        "village": "Madhurawada",
        "areaAcres": 1.95,
        "areaSqMeters": 7891.38,
        "landUse": "Residential",
        "status": "VERIFIED",
        "ownershipVerified": true,
        "registrationStatus": "ACTIVE",
        "mortgageStatus": "NONE",
        "taxStatus": "PAID",
        "buildingPermitStatus": "APPROVED",
        "disputeStatus": "NONE"
      }
    },
    {
      "type": "Feature",
      "geometry": {
        "type": "Polygon",
        "coordinates": [
          [
            [
              83.25450000000001,
              17.7174
            ],
            [
              83.256,
              17.7174
            ],
            [
              83.256,
              17.718700000000002
            ],
            [
              83.25450000000001,
              17.718700000000002
            ],
            [
              83.25450000000001,
              17.7174
            ]
          ]
        ]
      },
      "properties": {
        "ulpin": "AP-VSKP-000443",
        "surveyNumber": "143/4",
        "stateCode": "AP",
        "district": "Visakhapatnam",
        "mandal": "Demo Mandal",
        "village": "Pendurthi",
        "areaAcres": 2.4,
        "areaSqMeters": 9712.46,
        "landUse": "Residential",
        "status": "VERIFIED",
        "ownershipVerified": true,
        "registrationStatus": "ACTIVE",
        "mortgageStatus": "NONE",
        "taxStatus": "PAID",
        "buildingPermitStatus": "SUBMITTED",
        "disputeStatus": "NONE"
      }
    },
    {
      "type": "Feature",
      "geometry": {
        "type": "Polygon",
        "coordinates": [
          [
            [
              83.2565,
              17.7174
            ],
            [
              83.258,
              17.7174
            ],
            [
              83.258,
              17.718700000000002
            ],
            [
              83.2565,
              17.718700000000002
            ],
            [
              83.2565,
              17.7174
            ]
          ]
        ]
      },
      "properties": {
        "ulpin": "AP-VSKP-000444",
        "surveyNumber": "144/5A",
        "stateCode": "AP",
        "district": "Visakhapatnam",
        "mandal": "Demo Mandal",
        "village": "Gajuwaka",
        "areaAcres": 2.85,
        "areaSqMeters": 11533.55,
        "landUse": "Commercial",
        "status": "VERIFIED",
        "ownershipVerified": true,
        "registrationStatus": "ACTIVE",
        "mortgageStatus": "NONE",
        "taxStatus": "PAID",
        "buildingPermitStatus": "NONE",
        "disputeStatus": "NONE"
      }
    },
    {
      "type": "Feature",
      "geometry": {
        "type": "Polygon",
        "coordinates": [
          [
            [
              83.25850000000001,
              17.7174
            ],
            [
              83.26,
              17.7174
            ],
            [
              83.26,
              17.718700000000002
            ],
            [
              83.25850000000001,
              17.718700000000002
            ],
            [
              83.25850000000001,
              17.7174
            ]
          ]
        ]
      },
      "properties": {
        "ulpin": "AP-VSKP-000445",
        "surveyNumber": "145/1B",
        "stateCode": "AP",
        "district": "Visakhapatnam",
        "mandal": "Demo Mandal",
        "village": "Bhoomi Village",
        "areaAcres": 3.3,
        "areaSqMeters": 13354.64,
        "landUse": "Agricultural",
        "status": "VERIFIED",
        "ownershipVerified": true,
        "registrationStatus": "ACTIVE",
        "mortgageStatus": "NONE",
        "taxStatus": "PENDING",
        "buildingPermitStatus": "NONE",
        "disputeStatus": "NONE"
      }
    },
    {
      "type": "Feature",
      "geometry": {
        "type": "Polygon",
        "coordinates": [
          [
            [
              83.26050000000001,
              17.7174
            ],
            [
              83.262,
              17.7174
            ],
            [
              83.262,
              17.718700000000002
            ],
            [
              83.26050000000001,
              17.718700000000002
            ],
            [
              83.26050000000001,
              17.7174
            ]
          ]
        ]
      },
      "properties": {
        "ulpin": "AP-VSKP-000446",
        "surveyNumber": "146/2C",
        "stateCode": "AP",
        "district": "Visakhapatnam",
        "mandal": "Demo Mandal",
        "village": "Rushikonda",
        "areaAcres": 3.75,
        "areaSqMeters": 15175.73,
        "landUse": "Industrial",
        "status": "VERIFIED",
        "ownershipVerified": true,
        "registrationStatus": "ACTIVE",
        "mortgageStatus": "NONE",
        "taxStatus": "PAID",
        "buildingPermitStatus": "NONE",
        "disputeStatus": "NONE"
      }
    },
    {
      "type": "Feature",
      "geometry": {
        "type": "Polygon",
        "coordinates": [
          [
            [
              83.2625,
              17.7174
            ],
            [
              83.264,
              17.7174
            ],
            [
              83.264,
              17.718700000000002
            ],
            [
              83.2625,
              17.718700000000002
            ],
            [
              83.2625,
              17.7174
            ]
          ]
        ]
      },
      "properties": {
        "ulpin": "AP-VSKP-000447",
        "surveyNumber": "147/3",
        "stateCode": "AP",
        "district": "Visakhapatnam",
        "mandal": "Demo Mandal",
        "village": "Madhurawada",
        "areaAcres": 4.2,
        "areaSqMeters": 16996.81,
        "landUse": "Special Zone",
        "status": "VERIFIED",
        "ownershipVerified": true,
        "registrationStatus": "ACTIVE",
        "mortgageStatus": "NONE",
        "taxStatus": "PAID",
        "buildingPermitStatus": "NONE",
        "disputeStatus": "NONE"
      }
    },
    {
      "type": "Feature",
      "geometry": {
        "type": "Polygon",
        "coordinates": [
          [
            [
              83.26450000000001,
              17.7174
            ],
            [
              83.266,
              17.7174
            ],
            [
              83.266,
              17.718700000000002
            ],
            [
              83.26450000000001,
              17.718700000000002
            ],
            [
              83.26450000000001,
              17.7174
            ]
          ]
        ]
      },
      "properties": {
        "ulpin": "AP-VSKP-000448",
        "surveyNumber": "148/4A",
        "stateCode": "AP",
        "district": "Visakhapatnam",
        "mandal": "Demo Mandal",
        "village": "Pendurthi",
        "areaAcres": 1.5,
        "areaSqMeters": 6070.29,
        "landUse": "Residential",
        "status": "VERIFIED",
        "ownershipVerified": true,
        "registrationStatus": "ACTIVE",
        "mortgageStatus": "ACTIVE_MORTGAGE",
        "taxStatus": "PAID",
        "buildingPermitStatus": "APPROVED",
        "disputeStatus": "NONE"
      }
    },
    {
      "type": "Feature",
      "geometry": {
        "type": "Polygon",
        "coordinates": [
          [
            [
              83.26650000000001,
              17.7174
            ],
            [
              83.268,
              17.7174
            ],
            [
              83.268,
              17.718700000000002
            ],
            [
              83.26650000000001,
              17.718700000000002
            ],
            [
              83.26650000000001,
              17.7174
            ]
          ]
        ]
      },
      "properties": {
        "ulpin": "AP-VSKP-000449",
        "surveyNumber": "149/5B",
        "stateCode": "AP",
        "district": "Visakhapatnam",
        "mandal": "Demo Mandal",
        "village": "Gajuwaka",
        "areaAcres": 1.95,
        "areaSqMeters": 7891.38,
        "landUse": "Residential",
        "status": "VERIFIED",
        "ownershipVerified": true,
        "registrationStatus": "ACTIVE",
        "mortgageStatus": "NONE",
        "taxStatus": "PAID",
        "buildingPermitStatus": "SUBMITTED",
        "disputeStatus": "NONE"
      }
    },
    {
      "type": "Feature",
      "geometry": {
        "type": "Polygon",
        "coordinates": [
          [
            [
              83.2185,
              17.7192
            ],
            [
              83.22,
              17.7192
            ],
            [
              83.22,
              17.7205
            ],
            [
              83.2185,
              17.7205
            ],
            [
              83.2185,
              17.7192
            ]
          ]
        ]
      },
      "properties": {
        "ulpin": "AP-VSKP-000450",
        "surveyNumber": "150/1C",
        "stateCode": "AP",
        "district": "Visakhapatnam",
        "mandal": "Demo Mandal",
        "village": "Bhoomi Village",
        "areaAcres": 2.4,
        "areaSqMeters": 9712.46,
        "landUse": "Residential",
        "status": "PENDING_VERIFICATION",
        "ownershipVerified": false,
        "registrationStatus": "ACTIVE",
        "mortgageStatus": "NONE",
        "taxStatus": "PENDING",
        "buildingPermitStatus": "APPROVED",
        "disputeStatus": "NONE"
      }
    },
    {
      "type": "Feature",
      "geometry": {
        "type": "Polygon",
        "coordinates": [
          [
            [
              83.2205,
              17.7192
            ],
            [
              83.222,
              17.7192
            ],
            [
              83.222,
              17.7205
            ],
            [
              83.2205,
              17.7205
            ],
            [
              83.2205,
              17.7192
            ]
          ]
        ]
      },
      "properties": {
        "ulpin": "AP-VSKP-000451",
        "surveyNumber": "151/2",
        "stateCode": "AP",
        "district": "Visakhapatnam",
        "mandal": "Demo Mandal",
        "village": "Rushikonda",
        "areaAcres": 2.85,
        "areaSqMeters": 11533.55,
        "landUse": "Commercial",
        "status": "VERIFIED",
        "ownershipVerified": true,
        "registrationStatus": "ACTIVE",
        "mortgageStatus": "NONE",
        "taxStatus": "PAID",
        "buildingPermitStatus": "NONE",
        "disputeStatus": "NONE"
      }
    },
    {
      "type": "Feature",
      "geometry": {
        "type": "Polygon",
        "coordinates": [
          [
            [
              83.22250000000001,
              17.7192
            ],
            [
              83.224,
              17.7192
            ],
            [
              83.224,
              17.7205
            ],
            [
              83.22250000000001,
              17.7205
            ],
            [
              83.22250000000001,
              17.7192
            ]
          ]
        ]
      },
      "properties": {
        "ulpin": "AP-VSKP-000452",
        "surveyNumber": "152/3A",
        "stateCode": "AP",
        "district": "Visakhapatnam",
        "mandal": "Demo Mandal",
        "village": "Madhurawada",
        "areaAcres": 3.3,
        "areaSqMeters": 13354.64,
        "landUse": "Agricultural",
        "status": "VERIFIED",
        "ownershipVerified": true,
        "registrationStatus": "ACTIVE",
        "mortgageStatus": "NONE",
        "taxStatus": "PAID",
        "buildingPermitStatus": "NONE",
        "disputeStatus": "NONE"
      }
    },
    {
      "type": "Feature",
      "geometry": {
        "type": "Polygon",
        "coordinates": [
          [
            [
              83.2245,
              17.7192
            ],
            [
              83.226,
              17.7192
            ],
            [
              83.226,
              17.7205
            ],
            [
              83.2245,
              17.7205
            ],
            [
              83.2245,
              17.7192
            ]
          ]
        ]
      },
      "properties": {
        "ulpin": "AP-VSKP-000453",
        "surveyNumber": "153/4B",
        "stateCode": "AP",
        "district": "Visakhapatnam",
        "mandal": "Demo Mandal",
        "village": "Pendurthi",
        "areaAcres": 3.75,
        "areaSqMeters": 15175.73,
        "landUse": "Industrial",
        "status": "VERIFIED",
        "ownershipVerified": true,
        "registrationStatus": "ACTIVE",
        "mortgageStatus": "NONE",
        "taxStatus": "PAID",
        "buildingPermitStatus": "NONE",
        "disputeStatus": "NONE"
      }
    },
    {
      "type": "Feature",
      "geometry": {
        "type": "Polygon",
        "coordinates": [
          [
            [
              83.2265,
              17.7192
            ],
            [
              83.228,
              17.7192
            ],
            [
              83.228,
              17.7205
            ],
            [
              83.2265,
              17.7205
            ],
            [
              83.2265,
              17.7192
            ]
          ]
        ]
      },
      "properties": {
        "ulpin": "AP-VSKP-000454",
        "surveyNumber": "154/5C",
        "stateCode": "AP",
        "district": "Visakhapatnam",
        "mandal": "Demo Mandal",
        "village": "Gajuwaka",
        "areaAcres": 4.2,
        "areaSqMeters": 16996.81,
        "landUse": "Special Zone",
        "status": "VERIFIED",
        "ownershipVerified": true,
        "registrationStatus": "ACTIVE",
        "mortgageStatus": "NONE",
        "taxStatus": "PAID",
        "buildingPermitStatus": "NONE",
        "disputeStatus": "NONE"
      }
    },
    {
      "type": "Feature",
      "geometry": {
        "type": "Polygon",
        "coordinates": [
          [
            [
              83.22850000000001,
              17.7192
            ],
            [
              83.23,
              17.7192
            ],
            [
              83.23,
              17.7205
            ],
            [
              83.22850000000001,
              17.7205
            ],
            [
              83.22850000000001,
              17.7192
            ]
          ]
        ]
      },
      "properties": {
        "ulpin": "AP-VSKP-000455",
        "surveyNumber": "155/1",
        "stateCode": "AP",
        "district": "Visakhapatnam",
        "mandal": "Demo Mandal",
        "village": "Bhoomi Village",
        "areaAcres": 1.5,
        "areaSqMeters": 6070.29,
        "landUse": "Residential",
        "status": "VERIFIED",
        "ownershipVerified": true,
        "registrationStatus": "ACTIVE",
        "mortgageStatus": "ACTIVE_MORTGAGE",
        "taxStatus": "PENDING",
        "buildingPermitStatus": "SUBMITTED",
        "disputeStatus": "NONE"
      }
    },
    {
      "type": "Feature",
      "geometry": {
        "type": "Polygon",
        "coordinates": [
          [
            [
              83.2305,
              17.7192
            ],
            [
              83.232,
              17.7192
            ],
            [
              83.232,
              17.7205
            ],
            [
              83.2305,
              17.7205
            ],
            [
              83.2305,
              17.7192
            ]
          ]
        ]
      },
      "properties": {
        "ulpin": "AP-VSKP-000456",
        "surveyNumber": "156/2A",
        "stateCode": "AP",
        "district": "Visakhapatnam",
        "mandal": "Demo Mandal",
        "village": "Rushikonda",
        "areaAcres": 1.95,
        "areaSqMeters": 7891.38,
        "landUse": "Residential",
        "status": "VERIFIED",
        "ownershipVerified": true,
        "registrationStatus": "ACTIVE",
        "mortgageStatus": "NONE",
        "taxStatus": "PAID",
        "buildingPermitStatus": "APPROVED",
        "disputeStatus": "NONE"
      }
    },
    {
      "type": "Feature",
      "geometry": {
        "type": "Polygon",
        "coordinates": [
          [
            [
              83.2325,
              17.7192
            ],
            [
              83.234,
              17.7192
            ],
            [
              83.234,
              17.7205
            ],
            [
              83.2325,
              17.7205
            ],
            [
              83.2325,
              17.7192
            ]
          ]
        ]
      },
      "properties": {
        "ulpin": "AP-VSKP-000457",
        "surveyNumber": "157/3B",
        "stateCode": "AP",
        "district": "Visakhapatnam",
        "mandal": "Demo Mandal",
        "village": "Madhurawada",
        "areaAcres": 2.4,
        "areaSqMeters": 9712.46,
        "landUse": "Residential",
        "status": "VERIFIED",
        "ownershipVerified": true,
        "registrationStatus": "ACTIVE",
        "mortgageStatus": "NONE",
        "taxStatus": "PAID",
        "buildingPermitStatus": "SUBMITTED",
        "disputeStatus": "NONE"
      }
    },
    {
      "type": "Feature",
      "geometry": {
        "type": "Polygon",
        "coordinates": [
          [
            [
              83.23450000000001,
              17.7192
            ],
            [
              83.236,
              17.7192
            ],
            [
              83.236,
              17.7205
            ],
            [
              83.23450000000001,
              17.7205
            ],
            [
              83.23450000000001,
              17.7192
            ]
          ]
        ]
      },
      "properties": {
        "ulpin": "AP-VSKP-000458",
        "surveyNumber": "158/4C",
        "stateCode": "AP",
        "district": "Visakhapatnam",
        "mandal": "Demo Mandal",
        "village": "Pendurthi",
        "areaAcres": 2.85,
        "areaSqMeters": 11533.55,
        "landUse": "Commercial",
        "status": "VERIFIED",
        "ownershipVerified": true,
        "registrationStatus": "ACTIVE",
        "mortgageStatus": "NONE",
        "taxStatus": "PAID",
        "buildingPermitStatus": "NONE",
        "disputeStatus": "NONE"
      }
    },
    {
      "type": "Feature",
      "geometry": {
        "type": "Polygon",
        "coordinates": [
          [
            [
              83.2365,
              17.7192
            ],
            [
              83.238,
              17.7192
            ],
            [
              83.238,
              17.7205
            ],
            [
              83.2365,
              17.7205
            ],
            [
              83.2365,
              17.7192
            ]
          ]
        ]
      },
      "properties": {
        "ulpin": "AP-VSKP-000459",
        "surveyNumber": "159/5",
        "stateCode": "AP",
        "district": "Visakhapatnam",
        "mandal": "Demo Mandal",
        "village": "Gajuwaka",
        "areaAcres": 3.3,
        "areaSqMeters": 13354.64,
        "landUse": "Agricultural",
        "status": "PENDING_VERIFICATION",
        "ownershipVerified": false,
        "registrationStatus": "ACTIVE",
        "mortgageStatus": "NONE",
        "taxStatus": "PAID",
        "buildingPermitStatus": "NONE",
        "disputeStatus": "NONE"
      }
    },
    {
      "type": "Feature",
      "geometry": {
        "type": "Polygon",
        "coordinates": [
          [
            [
              83.2385,
              17.7192
            ],
            [
              83.24,
              17.7192
            ],
            [
              83.24,
              17.7205
            ],
            [
              83.2385,
              17.7205
            ],
            [
              83.2385,
              17.7192
            ]
          ]
        ]
      },
      "properties": {
        "ulpin": "AP-VSKP-000460",
        "surveyNumber": "160/1A",
        "stateCode": "AP",
        "district": "Visakhapatnam",
        "mandal": "Demo Mandal",
        "village": "Bhoomi Village",
        "areaAcres": 3.75,
        "areaSqMeters": 15175.73,
        "landUse": "Industrial",
        "status": "DISPUTED",
        "ownershipVerified": true,
        "registrationStatus": "ACTIVE",
        "mortgageStatus": "NONE",
        "taxStatus": "PENDING",
        "buildingPermitStatus": "NONE",
        "disputeStatus": "ACTIVE_DISPUTE"
      }
    },
    {
      "type": "Feature",
      "geometry": {
        "type": "Polygon",
        "coordinates": [
          [
            [
              83.24050000000001,
              17.7192
            ],
            [
              83.242,
              17.7192
            ],
            [
              83.242,
              17.7205
            ],
            [
              83.24050000000001,
              17.7205
            ],
            [
              83.24050000000001,
              17.7192
            ]
          ]
        ]
      },
      "properties": {
        "ulpin": "AP-VSKP-000461",
        "surveyNumber": "161/2B",
        "stateCode": "AP",
        "district": "Visakhapatnam",
        "mandal": "Demo Mandal",
        "village": "Rushikonda",
        "areaAcres": 4.2,
        "areaSqMeters": 16996.81,
        "landUse": "Special Zone",
        "status": "VERIFIED",
        "ownershipVerified": true,
        "registrationStatus": "ACTIVE",
        "mortgageStatus": "NONE",
        "taxStatus": "PAID",
        "buildingPermitStatus": "NONE",
        "disputeStatus": "NONE"
      }
    },
    {
      "type": "Feature",
      "geometry": {
        "type": "Polygon",
        "coordinates": [
          [
            [
              83.2425,
              17.7192
            ],
            [
              83.244,
              17.7192
            ],
            [
              83.244,
              17.7205
            ],
            [
              83.2425,
              17.7205
            ],
            [
              83.2425,
              17.7192
            ]
          ]
        ]
      },
      "properties": {
        "ulpin": "AP-VSKP-000462",
        "surveyNumber": "162/3C",
        "stateCode": "AP",
        "district": "Visakhapatnam",
        "mandal": "Demo Mandal",
        "village": "Madhurawada",
        "areaAcres": 1.5,
        "areaSqMeters": 6070.29,
        "landUse": "Residential",
        "status": "VERIFIED",
        "ownershipVerified": true,
        "registrationStatus": "ACTIVE",
        "mortgageStatus": "ACTIVE_MORTGAGE",
        "taxStatus": "PAID",
        "buildingPermitStatus": "APPROVED",
        "disputeStatus": "NONE"
      }
    },
    {
      "type": "Feature",
      "geometry": {
        "type": "Polygon",
        "coordinates": [
          [
            [
              83.2445,
              17.7192
            ],
            [
              83.246,
              17.7192
            ],
            [
              83.246,
              17.7205
            ],
            [
              83.2445,
              17.7205
            ],
            [
              83.2445,
              17.7192
            ]
          ]
        ]
      },
      "properties": {
        "ulpin": "AP-VSKP-000463",
        "surveyNumber": "163/4",
        "stateCode": "AP",
        "district": "Visakhapatnam",
        "mandal": "Demo Mandal",
        "village": "Pendurthi",
        "areaAcres": 1.95,
        "areaSqMeters": 7891.38,
        "landUse": "Residential",
        "status": "VERIFIED",
        "ownershipVerified": true,
        "registrationStatus": "ACTIVE",
        "mortgageStatus": "NONE",
        "taxStatus": "PAID",
        "buildingPermitStatus": "SUBMITTED",
        "disputeStatus": "NONE"
      }
    },
    {
      "type": "Feature",
      "geometry": {
        "type": "Polygon",
        "coordinates": [
          [
            [
              83.24650000000001,
              17.7192
            ],
            [
              83.248,
              17.7192
            ],
            [
              83.248,
              17.7205
            ],
            [
              83.24650000000001,
              17.7205
            ],
            [
              83.24650000000001,
              17.7192
            ]
          ]
        ]
      },
      "properties": {
        "ulpin": "AP-VSKP-000464",
        "surveyNumber": "164/5A",
        "stateCode": "AP",
        "district": "Visakhapatnam",
        "mandal": "Demo Mandal",
        "village": "Gajuwaka",
        "areaAcres": 2.4,
        "areaSqMeters": 9712.46,
        "landUse": "Residential",
        "status": "VERIFIED",
        "ownershipVerified": true,
        "registrationStatus": "ACTIVE",
        "mortgageStatus": "NONE",
        "taxStatus": "PAID",
        "buildingPermitStatus": "APPROVED",
        "disputeStatus": "NONE"
      }
    },
    {
      "type": "Feature",
      "geometry": {
        "type": "Polygon",
        "coordinates": [
          [
            [
              83.2485,
              17.7192
            ],
            [
              83.25,
              17.7192
            ],
            [
              83.25,
              17.7205
            ],
            [
              83.2485,
              17.7205
            ],
            [
              83.2485,
              17.7192
            ]
          ]
        ]
      },
      "properties": {
        "ulpin": "AP-VSKP-000465",
        "surveyNumber": "165/1B",
        "stateCode": "AP",
        "district": "Visakhapatnam",
        "mandal": "Demo Mandal",
        "village": "Bhoomi Village",
        "areaAcres": 2.85,
        "areaSqMeters": 11533.55,
        "landUse": "Commercial",
        "status": "VERIFIED",
        "ownershipVerified": true,
        "registrationStatus": "ACTIVE",
        "mortgageStatus": "NONE",
        "taxStatus": "PENDING",
        "buildingPermitStatus": "NONE",
        "disputeStatus": "NONE"
      }
    },
    {
      "type": "Feature",
      "geometry": {
        "type": "Polygon",
        "coordinates": [
          [
            [
              83.2505,
              17.7192
            ],
            [
              83.252,
              17.7192
            ],
            [
              83.252,
              17.7205
            ],
            [
              83.2505,
              17.7205
            ],
            [
              83.2505,
              17.7192
            ]
          ]
        ]
      },
      "properties": {
        "ulpin": "AP-VSKP-000466",
        "surveyNumber": "166/2C",
        "stateCode": "AP",
        "district": "Visakhapatnam",
        "mandal": "Demo Mandal",
        "village": "Rushikonda",
        "areaAcres": 3.3,
        "areaSqMeters": 13354.64,
        "landUse": "Agricultural",
        "status": "VERIFIED",
        "ownershipVerified": true,
        "registrationStatus": "ACTIVE",
        "mortgageStatus": "NONE",
        "taxStatus": "PAID",
        "buildingPermitStatus": "NONE",
        "disputeStatus": "NONE"
      }
    },
    {
      "type": "Feature",
      "geometry": {
        "type": "Polygon",
        "coordinates": [
          [
            [
              83.25250000000001,
              17.7192
            ],
            [
              83.254,
              17.7192
            ],
            [
              83.254,
              17.7205
            ],
            [
              83.25250000000001,
              17.7205
            ],
            [
              83.25250000000001,
              17.7192
            ]
          ]
        ]
      },
      "properties": {
        "ulpin": "AP-VSKP-000467",
        "surveyNumber": "167/3",
        "stateCode": "AP",
        "district": "Visakhapatnam",
        "mandal": "Demo Mandal",
        "village": "Madhurawada",
        "areaAcres": 3.75,
        "areaSqMeters": 15175.73,
        "landUse": "Industrial",
        "status": "VERIFIED",
        "ownershipVerified": true,
        "registrationStatus": "ACTIVE",
        "mortgageStatus": "NONE",
        "taxStatus": "PAID",
        "buildingPermitStatus": "NONE",
        "disputeStatus": "NONE"
      }
    },
    {
      "type": "Feature",
      "geometry": {
        "type": "Polygon",
        "coordinates": [
          [
            [
              83.25450000000001,
              17.7192
            ],
            [
              83.256,
              17.7192
            ],
            [
              83.256,
              17.7205
            ],
            [
              83.25450000000001,
              17.7205
            ],
            [
              83.25450000000001,
              17.7192
            ]
          ]
        ]
      },
      "properties": {
        "ulpin": "AP-VSKP-000468",
        "surveyNumber": "168/4A",
        "stateCode": "AP",
        "district": "Visakhapatnam",
        "mandal": "Demo Mandal",
        "village": "Pendurthi",
        "areaAcres": 4.2,
        "areaSqMeters": 16996.81,
        "landUse": "Special Zone",
        "status": "PENDING_VERIFICATION",
        "ownershipVerified": false,
        "registrationStatus": "ACTIVE",
        "mortgageStatus": "NONE",
        "taxStatus": "PAID",
        "buildingPermitStatus": "NONE",
        "disputeStatus": "NONE"
      }
    },
    {
      "type": "Feature",
      "geometry": {
        "type": "Polygon",
        "coordinates": [
          [
            [
              83.2565,
              17.7192
            ],
            [
              83.258,
              17.7192
            ],
            [
              83.258,
              17.7205
            ],
            [
              83.2565,
              17.7205
            ],
            [
              83.2565,
              17.7192
            ]
          ]
        ]
      },
      "properties": {
        "ulpin": "AP-VSKP-000469",
        "surveyNumber": "169/5B",
        "stateCode": "AP",
        "district": "Visakhapatnam",
        "mandal": "Demo Mandal",
        "village": "Gajuwaka",
        "areaAcres": 1.5,
        "areaSqMeters": 6070.29,
        "landUse": "Residential",
        "status": "VERIFIED",
        "ownershipVerified": true,
        "registrationStatus": "ACTIVE",
        "mortgageStatus": "ACTIVE_MORTGAGE",
        "taxStatus": "PAID",
        "buildingPermitStatus": "SUBMITTED",
        "disputeStatus": "NONE"
      }
    },
    {
      "type": "Feature",
      "geometry": {
        "type": "Polygon",
        "coordinates": [
          [
            [
              83.25850000000001,
              17.7192
            ],
            [
              83.26,
              17.7192
            ],
            [
              83.26,
              17.7205
            ],
            [
              83.25850000000001,
              17.7205
            ],
            [
              83.25850000000001,
              17.7192
            ]
          ]
        ]
      },
      "properties": {
        "ulpin": "AP-VSKP-000470",
        "surveyNumber": "170/1C",
        "stateCode": "AP",
        "district": "Visakhapatnam",
        "mandal": "Demo Mandal",
        "village": "Bhoomi Village",
        "areaAcres": 1.95,
        "areaSqMeters": 7891.38,
        "landUse": "Residential",
        "status": "VERIFIED",
        "ownershipVerified": true,
        "registrationStatus": "ACTIVE",
        "mortgageStatus": "NONE",
        "taxStatus": "PENDING",
        "buildingPermitStatus": "APPROVED",
        "disputeStatus": "NONE"
      }
    },
    {
      "type": "Feature",
      "geometry": {
        "type": "Polygon",
        "coordinates": [
          [
            [
              83.26050000000001,
              17.7192
            ],
            [
              83.262,
              17.7192
            ],
            [
              83.262,
              17.7205
            ],
            [
              83.26050000000001,
              17.7205
            ],
            [
              83.26050000000001,
              17.7192
            ]
          ]
        ]
      },
      "properties": {
        "ulpin": "AP-VSKP-000471",
        "surveyNumber": "171/2",
        "stateCode": "AP",
        "district": "Visakhapatnam",
        "mandal": "Demo Mandal",
        "village": "Rushikonda",
        "areaAcres": 2.4,
        "areaSqMeters": 9712.46,
        "landUse": "Residential",
        "status": "VERIFIED",
        "ownershipVerified": true,
        "registrationStatus": "ACTIVE",
        "mortgageStatus": "NONE",
        "taxStatus": "PAID",
        "buildingPermitStatus": "SUBMITTED",
        "disputeStatus": "NONE"
      }
    },
    {
      "type": "Feature",
      "geometry": {
        "type": "Polygon",
        "coordinates": [
          [
            [
              83.2625,
              17.7192
            ],
            [
              83.264,
              17.7192
            ],
            [
              83.264,
              17.7205
            ],
            [
              83.2625,
              17.7205
            ],
            [
              83.2625,
              17.7192
            ]
          ]
        ]
      },
      "properties": {
        "ulpin": "AP-VSKP-000472",
        "surveyNumber": "172/3A",
        "stateCode": "AP",
        "district": "Visakhapatnam",
        "mandal": "Demo Mandal",
        "village": "Madhurawada",
        "areaAcres": 2.85,
        "areaSqMeters": 11533.55,
        "landUse": "Commercial",
        "status": "VERIFIED",
        "ownershipVerified": true,
        "registrationStatus": "ACTIVE",
        "mortgageStatus": "NONE",
        "taxStatus": "PAID",
        "buildingPermitStatus": "NONE",
        "disputeStatus": "NONE"
      }
    },
    {
      "type": "Feature",
      "geometry": {
        "type": "Polygon",
        "coordinates": [
          [
            [
              83.26450000000001,
              17.7192
            ],
            [
              83.266,
              17.7192
            ],
            [
              83.266,
              17.7205
            ],
            [
              83.26450000000001,
              17.7205
            ],
            [
              83.26450000000001,
              17.7192
            ]
          ]
        ]
      },
      "properties": {
        "ulpin": "AP-VSKP-000473",
        "surveyNumber": "173/4B",
        "stateCode": "AP",
        "district": "Visakhapatnam",
        "mandal": "Demo Mandal",
        "village": "Pendurthi",
        "areaAcres": 3.3,
        "areaSqMeters": 13354.64,
        "landUse": "Agricultural",
        "status": "VERIFIED",
        "ownershipVerified": true,
        "registrationStatus": "ACTIVE",
        "mortgageStatus": "NONE",
        "taxStatus": "PAID",
        "buildingPermitStatus": "NONE",
        "disputeStatus": "NONE"
      }
    },
    {
      "type": "Feature",
      "geometry": {
        "type": "Polygon",
        "coordinates": [
          [
            [
              83.26650000000001,
              17.7192
            ],
            [
              83.268,
              17.7192
            ],
            [
              83.268,
              17.7205
            ],
            [
              83.26650000000001,
              17.7205
            ],
            [
              83.26650000000001,
              17.7192
            ]
          ]
        ]
      },
      "properties": {
        "ulpin": "AP-VSKP-000474",
        "surveyNumber": "174/5C",
        "stateCode": "AP",
        "district": "Visakhapatnam",
        "mandal": "Demo Mandal",
        "village": "Gajuwaka",
        "areaAcres": 3.75,
        "areaSqMeters": 15175.73,
        "landUse": "Industrial",
        "status": "VERIFIED",
        "ownershipVerified": true,
        "registrationStatus": "ACTIVE",
        "mortgageStatus": "NONE",
        "taxStatus": "PAID",
        "buildingPermitStatus": "NONE",
        "disputeStatus": "NONE"
      }
    },
    {
      "type": "Feature",
      "geometry": {
        "type": "Polygon",
        "coordinates": [
          [
            [
              83.2185,
              17.721
            ],
            [
              83.22,
              17.721
            ],
            [
              83.22,
              17.7223
            ],
            [
              83.2185,
              17.7223
            ],
            [
              83.2185,
              17.721
            ]
          ]
        ]
      },
      "properties": {
        "ulpin": "AP-VSKP-000475",
        "surveyNumber": "175/1",
        "stateCode": "AP",
        "district": "Visakhapatnam",
        "mandal": "Demo Mandal",
        "village": "Bhoomi Village",
        "areaAcres": 4.2,
        "areaSqMeters": 16996.81,
        "landUse": "Special Zone",
        "status": "VERIFIED",
        "ownershipVerified": true,
        "registrationStatus": "ACTIVE",
        "mortgageStatus": "NONE",
        "taxStatus": "PENDING",
        "buildingPermitStatus": "NONE",
        "disputeStatus": "NONE"
      }
    },
    {
      "type": "Feature",
      "geometry": {
        "type": "Polygon",
        "coordinates": [
          [
            [
              83.2205,
              17.721
            ],
            [
              83.222,
              17.721
            ],
            [
              83.222,
              17.7223
            ],
            [
              83.2205,
              17.7223
            ],
            [
              83.2205,
              17.721
            ]
          ]
        ]
      },
      "properties": {
        "ulpin": "AP-VSKP-000476",
        "surveyNumber": "176/2A",
        "stateCode": "AP",
        "district": "Visakhapatnam",
        "mandal": "Demo Mandal",
        "village": "Rushikonda",
        "areaAcres": 1.5,
        "areaSqMeters": 6070.29,
        "landUse": "Residential",
        "status": "VERIFIED",
        "ownershipVerified": true,
        "registrationStatus": "ACTIVE",
        "mortgageStatus": "ACTIVE_MORTGAGE",
        "taxStatus": "PAID",
        "buildingPermitStatus": "APPROVED",
        "disputeStatus": "NONE"
      }
    },
    {
      "type": "Feature",
      "geometry": {
        "type": "Polygon",
        "coordinates": [
          [
            [
              83.22250000000001,
              17.721
            ],
            [
              83.224,
              17.721
            ],
            [
              83.224,
              17.7223
            ],
            [
              83.22250000000001,
              17.7223
            ],
            [
              83.22250000000001,
              17.721
            ]
          ]
        ]
      },
      "properties": {
        "ulpin": "AP-VSKP-000477",
        "surveyNumber": "177/3B",
        "stateCode": "AP",
        "district": "Visakhapatnam",
        "mandal": "Demo Mandal",
        "village": "Madhurawada",
        "areaAcres": 1.95,
        "areaSqMeters": 7891.38,
        "landUse": "Residential",
        "status": "PENDING_VERIFICATION",
        "ownershipVerified": false,
        "registrationStatus": "ACTIVE",
        "mortgageStatus": "NONE",
        "taxStatus": "PAID",
        "buildingPermitStatus": "SUBMITTED",
        "disputeStatus": "NONE"
      }
    },
    {
      "type": "Feature",
      "geometry": {
        "type": "Polygon",
        "coordinates": [
          [
            [
              83.2245,
              17.721
            ],
            [
              83.226,
              17.721
            ],
            [
              83.226,
              17.7223
            ],
            [
              83.2245,
              17.7223
            ],
            [
              83.2245,
              17.721
            ]
          ]
        ]
      },
      "properties": {
        "ulpin": "AP-VSKP-000478",
        "surveyNumber": "178/4C",
        "stateCode": "AP",
        "district": "Visakhapatnam",
        "mandal": "Demo Mandal",
        "village": "Pendurthi",
        "areaAcres": 2.4,
        "areaSqMeters": 9712.46,
        "landUse": "Residential",
        "status": "VERIFIED",
        "ownershipVerified": true,
        "registrationStatus": "ACTIVE",
        "mortgageStatus": "NONE",
        "taxStatus": "PAID",
        "buildingPermitStatus": "APPROVED",
        "disputeStatus": "NONE"
      }
    },
    {
      "type": "Feature",
      "geometry": {
        "type": "Polygon",
        "coordinates": [
          [
            [
              83.2265,
              17.721
            ],
            [
              83.228,
              17.721
            ],
            [
              83.228,
              17.7223
            ],
            [
              83.2265,
              17.7223
            ],
            [
              83.2265,
              17.721
            ]
          ]
        ]
      },
      "properties": {
        "ulpin": "AP-VSKP-000479",
        "surveyNumber": "179/5",
        "stateCode": "AP",
        "district": "Visakhapatnam",
        "mandal": "Demo Mandal",
        "village": "Gajuwaka",
        "areaAcres": 2.85,
        "areaSqMeters": 11533.55,
        "landUse": "Commercial",
        "status": "VERIFIED",
        "ownershipVerified": true,
        "registrationStatus": "ACTIVE",
        "mortgageStatus": "NONE",
        "taxStatus": "PAID",
        "buildingPermitStatus": "NONE",
        "disputeStatus": "NONE"
      }
    },
    {
      "type": "Feature",
      "geometry": {
        "type": "Polygon",
        "coordinates": [
          [
            [
              83.22850000000001,
              17.721
            ],
            [
              83.23,
              17.721
            ],
            [
              83.23,
              17.7223
            ],
            [
              83.22850000000001,
              17.7223
            ],
            [
              83.22850000000001,
              17.721
            ]
          ]
        ]
      },
      "properties": {
        "ulpin": "AP-VSKP-000480",
        "surveyNumber": "100/1A",
        "stateCode": "AP",
        "district": "Visakhapatnam",
        "mandal": "Demo Mandal",
        "village": "Bhoomi Village",
        "areaAcres": 3.3,
        "areaSqMeters": 13354.64,
        "landUse": "Agricultural",
        "status": "VERIFIED",
        "ownershipVerified": true,
        "registrationStatus": "ACTIVE",
        "mortgageStatus": "NONE",
        "taxStatus": "PENDING",
        "buildingPermitStatus": "NONE",
        "disputeStatus": "NONE"
      }
    },
    {
      "type": "Feature",
      "geometry": {
        "type": "Polygon",
        "coordinates": [
          [
            [
              83.2305,
              17.721
            ],
            [
              83.232,
              17.721
            ],
            [
              83.232,
              17.7223
            ],
            [
              83.2305,
              17.7223
            ],
            [
              83.2305,
              17.721
            ]
          ]
        ]
      },
      "properties": {
        "ulpin": "AP-VSKP-000481",
        "surveyNumber": "101/2B",
        "stateCode": "AP",
        "district": "Visakhapatnam",
        "mandal": "Demo Mandal",
        "village": "Rushikonda",
        "areaAcres": 3.75,
        "areaSqMeters": 15175.73,
        "landUse": "Industrial",
        "status": "VERIFIED",
        "ownershipVerified": true,
        "registrationStatus": "ACTIVE",
        "mortgageStatus": "NONE",
        "taxStatus": "PAID",
        "buildingPermitStatus": "NONE",
        "disputeStatus": "NONE"
      }
    },
    {
      "type": "Feature",
      "geometry": {
        "type": "Polygon",
        "coordinates": [
          [
            [
              83.2325,
              17.721
            ],
            [
              83.234,
              17.721
            ],
            [
              83.234,
              17.7223
            ],
            [
              83.2325,
              17.7223
            ],
            [
              83.2325,
              17.721
            ]
          ]
        ]
      },
      "properties": {
        "ulpin": "AP-VSKP-000482",
        "surveyNumber": "102/3C",
        "stateCode": "AP",
        "district": "Visakhapatnam",
        "mandal": "Demo Mandal",
        "village": "Madhurawada",
        "areaAcres": 4.2,
        "areaSqMeters": 16996.81,
        "landUse": "Special Zone",
        "status": "VERIFIED",
        "ownershipVerified": true,
        "registrationStatus": "ACTIVE",
        "mortgageStatus": "NONE",
        "taxStatus": "PAID",
        "buildingPermitStatus": "NONE",
        "disputeStatus": "NONE"
      }
    },
    {
      "type": "Feature",
      "geometry": {
        "type": "Polygon",
        "coordinates": [
          [
            [
              83.23450000000001,
              17.721
            ],
            [
              83.236,
              17.721
            ],
            [
              83.236,
              17.7223
            ],
            [
              83.23450000000001,
              17.7223
            ],
            [
              83.23450000000001,
              17.721
            ]
          ]
        ]
      },
      "properties": {
        "ulpin": "AP-VSKP-000483",
        "surveyNumber": "103/4",
        "stateCode": "AP",
        "district": "Visakhapatnam",
        "mandal": "Demo Mandal",
        "village": "Pendurthi",
        "areaAcres": 1.5,
        "areaSqMeters": 6070.29,
        "landUse": "Residential",
        "status": "DISPUTED",
        "ownershipVerified": true,
        "registrationStatus": "ACTIVE",
        "mortgageStatus": "ACTIVE_MORTGAGE",
        "taxStatus": "PAID",
        "buildingPermitStatus": "SUBMITTED",
        "disputeStatus": "ACTIVE_DISPUTE"
      }
    },
    {
      "type": "Feature",
      "geometry": {
        "type": "Polygon",
        "coordinates": [
          [
            [
              83.2365,
              17.721
            ],
            [
              83.238,
              17.721
            ],
            [
              83.238,
              17.7223
            ],
            [
              83.2365,
              17.7223
            ],
            [
              83.2365,
              17.721
            ]
          ]
        ]
      },
      "properties": {
        "ulpin": "AP-VSKP-000484",
        "surveyNumber": "104/5A",
        "stateCode": "AP",
        "district": "Visakhapatnam",
        "mandal": "Demo Mandal",
        "village": "Gajuwaka",
        "areaAcres": 1.95,
        "areaSqMeters": 7891.38,
        "landUse": "Residential",
        "status": "VERIFIED",
        "ownershipVerified": true,
        "registrationStatus": "ACTIVE",
        "mortgageStatus": "NONE",
        "taxStatus": "PAID",
        "buildingPermitStatus": "APPROVED",
        "disputeStatus": "NONE"
      }
    },
    {
      "type": "Feature",
      "geometry": {
        "type": "Polygon",
        "coordinates": [
          [
            [
              83.2385,
              17.721
            ],
            [
              83.24,
              17.721
            ],
            [
              83.24,
              17.7223
            ],
            [
              83.2385,
              17.7223
            ],
            [
              83.2385,
              17.721
            ]
          ]
        ]
      },
      "properties": {
        "ulpin": "AP-VSKP-000485",
        "surveyNumber": "105/1B",
        "stateCode": "AP",
        "district": "Visakhapatnam",
        "mandal": "Demo Mandal",
        "village": "Bhoomi Village",
        "areaAcres": 2.4,
        "areaSqMeters": 9712.46,
        "landUse": "Residential",
        "status": "VERIFIED",
        "ownershipVerified": true,
        "registrationStatus": "ACTIVE",
        "mortgageStatus": "NONE",
        "taxStatus": "PENDING",
        "buildingPermitStatus": "SUBMITTED",
        "disputeStatus": "NONE"
      }
    },
    {
      "type": "Feature",
      "geometry": {
        "type": "Polygon",
        "coordinates": [
          [
            [
              83.24050000000001,
              17.721
            ],
            [
              83.242,
              17.721
            ],
            [
              83.242,
              17.7223
            ],
            [
              83.24050000000001,
              17.7223
            ],
            [
              83.24050000000001,
              17.721
            ]
          ]
        ]
      },
      "properties": {
        "ulpin": "AP-VSKP-000486",
        "surveyNumber": "106/2C",
        "stateCode": "AP",
        "district": "Visakhapatnam",
        "mandal": "Demo Mandal",
        "village": "Rushikonda",
        "areaAcres": 2.85,
        "areaSqMeters": 11533.55,
        "landUse": "Commercial",
        "status": "PENDING_VERIFICATION",
        "ownershipVerified": false,
        "registrationStatus": "ACTIVE",
        "mortgageStatus": "NONE",
        "taxStatus": "PAID",
        "buildingPermitStatus": "NONE",
        "disputeStatus": "NONE"
      }
    },
    {
      "type": "Feature",
      "geometry": {
        "type": "Polygon",
        "coordinates": [
          [
            [
              83.2425,
              17.721
            ],
            [
              83.244,
              17.721
            ],
            [
              83.244,
              17.7223
            ],
            [
              83.2425,
              17.7223
            ],
            [
              83.2425,
              17.721
            ]
          ]
        ]
      },
      "properties": {
        "ulpin": "AP-VSKP-000487",
        "surveyNumber": "107/3",
        "stateCode": "AP",
        "district": "Visakhapatnam",
        "mandal": "Demo Mandal",
        "village": "Madhurawada",
        "areaAcres": 3.3,
        "areaSqMeters": 13354.64,
        "landUse": "Agricultural",
        "status": "VERIFIED",
        "ownershipVerified": true,
        "registrationStatus": "ACTIVE",
        "mortgageStatus": "NONE",
        "taxStatus": "PAID",
        "buildingPermitStatus": "NONE",
        "disputeStatus": "NONE"
      }
    },
    {
      "type": "Feature",
      "geometry": {
        "type": "Polygon",
        "coordinates": [
          [
            [
              83.2445,
              17.721
            ],
            [
              83.246,
              17.721
            ],
            [
              83.246,
              17.7223
            ],
            [
              83.2445,
              17.7223
            ],
            [
              83.2445,
              17.721
            ]
          ]
        ]
      },
      "properties": {
        "ulpin": "AP-VSKP-000488",
        "surveyNumber": "108/4A",
        "stateCode": "AP",
        "district": "Visakhapatnam",
        "mandal": "Demo Mandal",
        "village": "Pendurthi",
        "areaAcres": 3.75,
        "areaSqMeters": 15175.73,
        "landUse": "Industrial",
        "status": "VERIFIED",
        "ownershipVerified": true,
        "registrationStatus": "ACTIVE",
        "mortgageStatus": "NONE",
        "taxStatus": "PAID",
        "buildingPermitStatus": "NONE",
        "disputeStatus": "NONE"
      }
    },
    {
      "type": "Feature",
      "geometry": {
        "type": "Polygon",
        "coordinates": [
          [
            [
              83.24650000000001,
              17.721
            ],
            [
              83.248,
              17.721
            ],
            [
              83.248,
              17.7223
            ],
            [
              83.24650000000001,
              17.7223
            ],
            [
              83.24650000000001,
              17.721
            ]
          ]
        ]
      },
      "properties": {
        "ulpin": "AP-VSKP-000489",
        "surveyNumber": "109/5B",
        "stateCode": "AP",
        "district": "Visakhapatnam",
        "mandal": "Demo Mandal",
        "village": "Gajuwaka",
        "areaAcres": 4.2,
        "areaSqMeters": 16996.81,
        "landUse": "Special Zone",
        "status": "VERIFIED",
        "ownershipVerified": true,
        "registrationStatus": "ACTIVE",
        "mortgageStatus": "NONE",
        "taxStatus": "PAID",
        "buildingPermitStatus": "NONE",
        "disputeStatus": "NONE"
      }
    },
    {
      "type": "Feature",
      "geometry": {
        "type": "Polygon",
        "coordinates": [
          [
            [
              83.2485,
              17.721
            ],
            [
              83.25,
              17.721
            ],
            [
              83.25,
              17.7223
            ],
            [
              83.2485,
              17.7223
            ],
            [
              83.2485,
              17.721
            ]
          ]
        ]
      },
      "properties": {
        "ulpin": "AP-VSKP-000490",
        "surveyNumber": "110/1C",
        "stateCode": "AP",
        "district": "Visakhapatnam",
        "mandal": "Demo Mandal",
        "village": "Bhoomi Village",
        "areaAcres": 1.5,
        "areaSqMeters": 6070.29,
        "landUse": "Residential",
        "status": "VERIFIED",
        "ownershipVerified": true,
        "registrationStatus": "ACTIVE",
        "mortgageStatus": "ACTIVE_MORTGAGE",
        "taxStatus": "PENDING",
        "buildingPermitStatus": "APPROVED",
        "disputeStatus": "NONE"
      }
    },
    {
      "type": "Feature",
      "geometry": {
        "type": "Polygon",
        "coordinates": [
          [
            [
              83.2505,
              17.721
            ],
            [
              83.252,
              17.721
            ],
            [
              83.252,
              17.7223
            ],
            [
              83.2505,
              17.7223
            ],
            [
              83.2505,
              17.721
            ]
          ]
        ]
      },
      "properties": {
        "ulpin": "AP-VSKP-000491",
        "surveyNumber": "111/2",
        "stateCode": "AP",
        "district": "Visakhapatnam",
        "mandal": "Demo Mandal",
        "village": "Rushikonda",
        "areaAcres": 1.95,
        "areaSqMeters": 7891.38,
        "landUse": "Residential",
        "status": "VERIFIED",
        "ownershipVerified": true,
        "registrationStatus": "ACTIVE",
        "mortgageStatus": "NONE",
        "taxStatus": "PAID",
        "buildingPermitStatus": "SUBMITTED",
        "disputeStatus": "NONE"
      }
    },
    {
      "type": "Feature",
      "geometry": {
        "type": "Polygon",
        "coordinates": [
          [
            [
              83.25250000000001,
              17.721
            ],
            [
              83.254,
              17.721
            ],
            [
              83.254,
              17.7223
            ],
            [
              83.25250000000001,
              17.7223
            ],
            [
              83.25250000000001,
              17.721
            ]
          ]
        ]
      },
      "properties": {
        "ulpin": "AP-VSKP-000492",
        "surveyNumber": "112/3A",
        "stateCode": "AP",
        "district": "Visakhapatnam",
        "mandal": "Demo Mandal",
        "village": "Madhurawada",
        "areaAcres": 2.4,
        "areaSqMeters": 9712.46,
        "landUse": "Residential",
        "status": "VERIFIED",
        "ownershipVerified": true,
        "registrationStatus": "ACTIVE",
        "mortgageStatus": "NONE",
        "taxStatus": "PAID",
        "buildingPermitStatus": "APPROVED",
        "disputeStatus": "NONE"
      }
    },
    {
      "type": "Feature",
      "geometry": {
        "type": "Polygon",
        "coordinates": [
          [
            [
              83.25450000000001,
              17.721
            ],
            [
              83.256,
              17.721
            ],
            [
              83.256,
              17.7223
            ],
            [
              83.25450000000001,
              17.7223
            ],
            [
              83.25450000000001,
              17.721
            ]
          ]
        ]
      },
      "properties": {
        "ulpin": "AP-VSKP-000493",
        "surveyNumber": "113/4B",
        "stateCode": "AP",
        "district": "Visakhapatnam",
        "mandal": "Demo Mandal",
        "village": "Pendurthi",
        "areaAcres": 2.85,
        "areaSqMeters": 11533.55,
        "landUse": "Commercial",
        "status": "VERIFIED",
        "ownershipVerified": true,
        "registrationStatus": "ACTIVE",
        "mortgageStatus": "NONE",
        "taxStatus": "PAID",
        "buildingPermitStatus": "NONE",
        "disputeStatus": "NONE"
      }
    },
    {
      "type": "Feature",
      "geometry": {
        "type": "Polygon",
        "coordinates": [
          [
            [
              83.2565,
              17.721
            ],
            [
              83.258,
              17.721
            ],
            [
              83.258,
              17.7223
            ],
            [
              83.2565,
              17.7223
            ],
            [
              83.2565,
              17.721
            ]
          ]
        ]
      },
      "properties": {
        "ulpin": "AP-VSKP-000494",
        "surveyNumber": "114/5C",
        "stateCode": "AP",
        "district": "Visakhapatnam",
        "mandal": "Demo Mandal",
        "village": "Gajuwaka",
        "areaAcres": 3.3,
        "areaSqMeters": 13354.64,
        "landUse": "Agricultural",
        "status": "VERIFIED",
        "ownershipVerified": true,
        "registrationStatus": "ACTIVE",
        "mortgageStatus": "NONE",
        "taxStatus": "PAID",
        "buildingPermitStatus": "NONE",
        "disputeStatus": "NONE"
      }
    },
    {
      "type": "Feature",
      "geometry": {
        "type": "Polygon",
        "coordinates": [
          [
            [
              83.25850000000001,
              17.721
            ],
            [
              83.26,
              17.721
            ],
            [
              83.26,
              17.7223
            ],
            [
              83.25850000000001,
              17.7223
            ],
            [
              83.25850000000001,
              17.721
            ]
          ]
        ]
      },
      "properties": {
        "ulpin": "AP-VSKP-000495",
        "surveyNumber": "115/1",
        "stateCode": "AP",
        "district": "Visakhapatnam",
        "mandal": "Demo Mandal",
        "village": "Bhoomi Village",
        "areaAcres": 3.75,
        "areaSqMeters": 15175.73,
        "landUse": "Industrial",
        "status": "PENDING_VERIFICATION",
        "ownershipVerified": false,
        "registrationStatus": "ACTIVE",
        "mortgageStatus": "NONE",
        "taxStatus": "PENDING",
        "buildingPermitStatus": "NONE",
        "disputeStatus": "NONE"
      }
    },
    {
      "type": "Feature",
      "geometry": {
        "type": "Polygon",
        "coordinates": [
          [
            [
              83.26050000000001,
              17.721
            ],
            [
              83.262,
              17.721
            ],
            [
              83.262,
              17.7223
            ],
            [
              83.26050000000001,
              17.7223
            ],
            [
              83.26050000000001,
              17.721
            ]
          ]
        ]
      },
      "properties": {
        "ulpin": "AP-VSKP-000496",
        "surveyNumber": "116/2A",
        "stateCode": "AP",
        "district": "Visakhapatnam",
        "mandal": "Demo Mandal",
        "village": "Rushikonda",
        "areaAcres": 4.2,
        "areaSqMeters": 16996.81,
        "landUse": "Special Zone",
        "status": "VERIFIED",
        "ownershipVerified": true,
        "registrationStatus": "ACTIVE",
        "mortgageStatus": "NONE",
        "taxStatus": "PAID",
        "buildingPermitStatus": "NONE",
        "disputeStatus": "NONE"
      }
    },
    {
      "type": "Feature",
      "geometry": {
        "type": "Polygon",
        "coordinates": [
          [
            [
              83.2625,
              17.721
            ],
            [
              83.264,
              17.721
            ],
            [
              83.264,
              17.7223
            ],
            [
              83.2625,
              17.7223
            ],
            [
              83.2625,
              17.721
            ]
          ]
        ]
      },
      "properties": {
        "ulpin": "AP-VSKP-000497",
        "surveyNumber": "117/3B",
        "stateCode": "AP",
        "district": "Visakhapatnam",
        "mandal": "Demo Mandal",
        "village": "Madhurawada",
        "areaAcres": 1.5,
        "areaSqMeters": 6070.29,
        "landUse": "Residential",
        "status": "VERIFIED",
        "ownershipVerified": true,
        "registrationStatus": "ACTIVE",
        "mortgageStatus": "ACTIVE_MORTGAGE",
        "taxStatus": "PAID",
        "buildingPermitStatus": "SUBMITTED",
        "disputeStatus": "NONE"
      }
    },
    {
      "type": "Feature",
      "geometry": {
        "type": "Polygon",
        "coordinates": [
          [
            [
              83.26450000000001,
              17.721
            ],
            [
              83.266,
              17.721
            ],
            [
              83.266,
              17.7223
            ],
            [
              83.26450000000001,
              17.7223
            ],
            [
              83.26450000000001,
              17.721
            ]
          ]
        ]
      },
      "properties": {
        "ulpin": "AP-VSKP-000498",
        "surveyNumber": "118/4C",
        "stateCode": "AP",
        "district": "Visakhapatnam",
        "mandal": "Demo Mandal",
        "village": "Pendurthi",
        "areaAcres": 1.95,
        "areaSqMeters": 7891.38,
        "landUse": "Residential",
        "status": "VERIFIED",
        "ownershipVerified": true,
        "registrationStatus": "ACTIVE",
        "mortgageStatus": "NONE",
        "taxStatus": "PAID",
        "buildingPermitStatus": "APPROVED",
        "disputeStatus": "NONE"
      }
    },
    {
      "type": "Feature",
      "geometry": {
        "type": "Polygon",
        "coordinates": [
          [
            [
              83.26650000000001,
              17.721
            ],
            [
              83.268,
              17.721
            ],
            [
              83.268,
              17.7223
            ],
            [
              83.26650000000001,
              17.7223
            ],
            [
              83.26650000000001,
              17.721
            ]
          ]
        ]
      },
      "properties": {
        "ulpin": "AP-VSKP-000499",
        "surveyNumber": "119/5",
        "stateCode": "AP",
        "district": "Visakhapatnam",
        "mandal": "Demo Mandal",
        "village": "Gajuwaka",
        "areaAcres": 2.4,
        "areaSqMeters": 9712.46,
        "landUse": "Residential",
        "status": "VERIFIED",
        "ownershipVerified": true,
        "registrationStatus": "ACTIVE",
        "mortgageStatus": "NONE",
        "taxStatus": "PAID",
        "buildingPermitStatus": "SUBMITTED",
        "disputeStatus": "NONE"
      }
    },
    {
      "type": "Feature",
      "geometry": {
        "type": "Polygon",
        "coordinates": [
          [
            [
              83.2185,
              17.722800000000003
            ],
            [
              83.22,
              17.722800000000003
            ],
            [
              83.22,
              17.724100000000004
            ],
            [
              83.2185,
              17.724100000000004
            ],
            [
              83.2185,
              17.722800000000003
            ]
          ]
        ]
      },
      "properties": {
        "ulpin": "AP-VSKP-000500",
        "surveyNumber": "120/1A",
        "stateCode": "AP",
        "district": "Visakhapatnam",
        "mandal": "Demo Mandal",
        "village": "Bhoomi Village",
        "areaAcres": 2.85,
        "areaSqMeters": 11533.55,
        "landUse": "Commercial",
        "status": "VERIFIED",
        "ownershipVerified": true,
        "registrationStatus": "ACTIVE",
        "mortgageStatus": "NONE",
        "taxStatus": "PENDING",
        "buildingPermitStatus": "NONE",
        "disputeStatus": "NONE"
      }
    }
  ]
}